Unnamed: 0,slottime_GMT,value
0,2023-01-01 05:00:00,3.6
1,2023-01-01 05:15:00,3.6
2,2023-01-01 05:30:00,3.6
3,2023-01-01 05:45:00,3.6
4,2023-01-01 06:00:00,3.5
5,2023-01-01 06:15:00,3.6
6,2023-01-01 06:30:00,3.5
7,2023-01-01 06:45:00,3.6
8,2023-01-01 07:00:00,3.6
9,2023-01-01 07:15:00,3.7
10,2023-01-01 07:30:00,3.7
11,2023-01-01 07:45:00,3.6
12,2023-01-01 08:00:00,3.6
13,2023-01-01 08:15:00,3.6
14,2023-01-01 08:30:00,3.6
15,2023-01-01 08:45:00,3.6
16,2023-01-01 09:00:00,3.6
17,2023-01-01 09:15:00,3.6
18,2023-01-01 09:30:00,3.5
19,2023-01-01 09:45:00,3.5
20,2023-01-01 10:00:00,3.6
21,2023-01-01 10:15:00,3.6
22,2023-01-01 10:30:00,3.6
23,2023-01-01 10:45:00,3.6
24,2023-01-01 11:00:00,3.6
25,2023-01-01 11:15:00,3.6
26,2023-01-01 11:30:00,3.6
27,2023-01-01 11:45:00,3.7
28,2023-01-01 12:00:00,3.6
29,2023-01-01 12:15:00,3.5
30,2023-01-01 12:30:00,3.6
31,2023-01-01 12:45:00,3.6
32,2023-01-01 13:00:00,1.3
33,2023-01-01 13:15:00,0.8
34,2023-01-01 13:30:00,0.9
35,2023-01-01 13:45:00,0.9
36,2023-01-01 14:00:00,0.8
37,2023-01-01 14:15:00,0.9
38,2023-01-01 14:30:00,0.9
39,2023-01-01 14:45:00,0.9
40,2023-01-01 15:00:00,0.8
41,2023-01-01 15:15:00,0.8
42,2023-01-01 15:30:00,0.8
43,2023-01-01 15:45:00,0.8
44,2023-01-01 16:00:00,0.9
45,2023-01-01 16:15:00,0.9
46,2023-01-01 16:30:00,0.8
47,2023-01-01 16:45:00,1.3
48,2023-01-01 17:00:00,0.7
49,2023-01-01 17:15:00,0.8
50,2023-01-01 17:30:00,0.8
51,2023-01-01 17:45:00,0.8
52,2023-01-01 18:00:00,0.8
53,2023-01-01 18:15:00,0.8
54,2023-01-01 18:30:00,0.8
55,2023-01-01 18:45:00,0.9
56,2023-01-01 19:00:00,0.8
57,2023-01-01 19:15:00,0.9
58,2023-01-01 19:30:00,0.7
59,2023-01-01 19:45:00,0.8
60,2023-01-01 20:00:00,1.5
61,2023-01-01 20:15:00,0.8
62,2023-01-01 20:30:00,0.8
63,2023-01-01 20:45:00,0.8
64,2023-01-01 21:00:00,0.8
65,2023-01-01 21:15:00,0.8
66,2023-01-01 21:30:00,0.8
67,2023-01-01 21:45:00,3.8
68,2023-01-01 22:00:00,3.8
69,2023-01-01 22:15:00,3.9
70,2023-01-01 22:30:00,3.7
71,2023-01-01 22:45:00,3.7
72,2023-01-01 23:00:00,3.7
73,2023-01-01 23:15:00,3.6
74,2023-01-01 23:30:00,4.1
75,2023-01-01 23:45:00,3.7
76,2023-01-02 00:00:00,3.7
77,2023-01-02 00:15:00,3.7
78,2023-01-02 00:30:00,3.6
79,2023-01-02 00:45:00,3.6
80,2023-01-02 01:00:00,3.6
81,2023-01-02 01:15:00,3.6
82,2023-01-02 01:30:00,3.6
83,2023-01-02 01:45:00,3.6
84,2023-01-02 02:00:00,3.6
85,2023-01-02 02:15:00,3.5
86,2023-01-02 02:30:00,3.6
87,2023-01-02 02:45:00,3.5
88,2023-01-02 03:00:00,3.5
89,2023-01-02 03:15:00,3.5
90,2023-01-02 03:30:00,3.6
91,2023-01-02 03:45:00,3.7
92,2023-01-02 04:00:00,3.7
93,2023-01-02 04:15:00,3.6
94,2023-01-02 04:30:00,3.6
95,2023-01-02 04:45:00,3.7
96,2023-01-02 05:00:00,3.6
97,2023-01-02 05:15:00,3.6
98,2023-01-02 05:30:00,3.6
99,2023-01-02 05:45:00,3.5
100,2023-01-02 06:00:00,3.7
101,2023-01-02 06:15:00,3.7
102,2023-01-02 06:30:00,3.6
103,2023-01-02 06:45:00,3.6
104,2023-01-02 07:00:00,3.6
105,2023-01-02 07:15:00,3.6
106,2023-01-02 07:30:00,3.6
107,2023-01-02 07:45:00,3.6
108,2023-01-02 08:00:00,3.6
109,2023-01-02 08:15:00,3.6
110,2023-01-02 08:30:00,3.6
111,2023-01-02 08:45:00,3.6
112,2023-01-02 09:00:00,3.6
113,2023-01-02 09:15:00,3.6
114,2023-01-02 09:30:00,3.6
115,2023-01-02 09:45:00,3.7
116,2023-01-02 10:00:00,3.6
117,2023-01-02 10:15:00,3.7
118,2023-01-02 10:30:00,3.5
119,2023-01-02 10:45:00,3.5
120,2023-01-02 11:00:00,3.5
121,2023-01-02 11:15:00,3.5
122,2023-01-02 11:30:00,3.6
123,2023-01-02 11:45:00,3.7
124,2023-01-02 12:00:00,3.6
125,2023-01-02 12:15:00,3.6
126,2023-01-02 12:30:00,3.6
127,2023-01-02 12:45:00,1.3
128,2023-01-02 13:00:00,0.8
129,2023-01-02 13:15:00,0.8
130,2023-01-02 13:30:00,0.8
131,2023-01-02 13:45:00,0.8
132,2023-01-02 14:00:00,0.8
133,2023-01-02 14:15:00,0.8
134,2023-01-02 14:30:00,0.8
135,2023-01-02 14:45:00,0.8
136,2023-01-02 15:00:00,0.8
137,2023-01-02 15:15:00,0.9
138,2023-01-02 15:30:00,0.8
139,2023-01-02 15:45:00,0.8
140,2023-01-02 16:00:00,0.8
141,2023-01-02 16:15:00,0.8
142,2023-01-02 16:30:00,0.8
143,2023-01-02 16:45:00,0.8
144,2023-01-02 17:00:00,0.8
145,2023-01-02 17:15:00,0.8
146,2023-01-02 17:30:00,0.8
147,2023-01-02 17:45:00,0.8
148,2023-01-02 18:00:00,0.8
149,2023-01-02 18:15:00,0.8
150,2023-01-02 18:30:00,0.9
151,2023-01-02 18:45:00,0.8
152,2023-01-02 19:00:00,0.8
153,2023-01-02 19:15:00,0.8
154,2023-01-02 19:30:00,0.8
155,2023-01-02 19:45:00,0.8
156,2023-01-02 20:00:00,0.8
157,2023-01-02 20:15:00,0.8
158,2023-01-02 20:30:00,0.8
159,2023-01-02 20:45:00,0.8
160,2023-01-02 21:00:00,0.8
161,2023-01-02 21:15:00,0.8
162,2023-01-02 21:30:00,0.8
163,2023-01-02 21:45:00,0.9
164,2023-01-02 22:00:00,3.7
165,2023-01-02 22:15:00,3.7
166,2023-01-02 22:30:00,3.7
167,2023-01-02 22:45:00,3.6
168,2023-01-02 23:00:00,3.6
169,2023-01-02 23:15:00,3.7
170,2023-01-02 23:30:00,3.7
171,2023-01-02 23:45:00,3.7
172,2023-01-03 00:00:00,3.7
173,2023-01-03 00:15:00,3.7
174,2023-01-03 00:30:00,3.7
175,2023-01-03 00:45:00,3.6
176,2023-01-03 01:00:00,3.6
177,2023-01-03 01:15:00,3.6
178,2023-01-03 01:30:00,3.6
179,2023-01-03 01:45:00,3.6
180,2023-01-03 02:00:00,3.6
181,2023-01-03 02:15:00,3.6
182,2023-01-03 02:30:00,3.7
183,2023-01-03 02:45:00,3.7
184,2023-01-03 03:00:00,3.9
185,2023-01-03 03:15:00,3.8
186,2023-01-03 03:30:00,3.7
187,2023-01-03 03:45:00,3.8
188,2023-01-03 04:00:00,3.7
189,2023-01-03 04:15:00,3.6
190,2023-01-03 04:30:00,3.7
191,2023-01-03 04:45:00,3.7
192,2023-01-03 05:00:00,3.7
193,2023-01-03 05:15:00,3.7
194,2023-01-03 05:30:00,3.7
195,2023-01-03 05:45:00,3.7
196,2023-01-03 06:00:00,3.6
197,2023-01-03 06:15:00,3.6
198,2023-01-03 06:30:00,3.6
199,2023-01-03 06:45:00,3.7
200,2023-01-03 07:00:00,3.6
201,2023-01-03 07:15:00,3.6
202,2023-01-03 07:30:00,3.7
203,2023-01-03 07:45:00,3.6
204,2023-01-03 08:00:00,3.6
205,2023-01-03 08:15:00,3.7
206,2023-01-03 08:30:00,3.7
207,2023-01-03 08:45:00,3.7
208,2023-01-03 09:00:00,3.6
209,2023-01-03 09:15:00,3.7
210,2023-01-03 09:30:00,3.7
211,2023-01-03 09:45:00,3.6
212,2023-01-03 10:00:00,3.5
213,2023-01-03 10:15:00,3.6
214,2023-01-03 10:30:00,3.6
215,2023-01-03 10:45:00,3.6
216,2023-01-03 11:00:00,3.6
217,2023-01-03 11:15:00,3.7
218,2023-01-03 11:30:00,3.6
219,2023-01-03 11:45:00,3.6
220,2023-01-03 12:00:00,3.6
221,2023-01-03 12:15:00,3.6
222,2023-01-03 12:30:00,3.5
223,2023-01-03 12:45:00,3.6
224,2023-01-03 13:00:00,3.5
225,2023-01-03 13:15:00,1.3
226,2023-01-03 13:30:00,0.8
227,2023-01-03 13:45:00,0.8
228,2023-01-03 14:00:00,0.8
229,2023-01-03 14:15:00,0.8
230,2023-01-03 14:30:00,0.9
231,2023-01-03 14:45:00,0.8
232,2023-01-03 15:00:00,0.8
233,2023-01-03 15:15:00,1.4
234,2023-01-03 15:30:00,0.9
235,2023-01-03 15:45:00,0.9
236,2023-01-03 16:00:00,1.0
237,2023-01-03 16:15:00,0.9
238,2023-01-03 16:30:00,1.3
239,2023-01-03 16:45:00,0.8
240,2023-01-03 17:00:00,0.8
241,2023-01-03 17:15:00,0.9
242,2023-01-03 17:30:00,1.4
243,2023-01-03 17:45:00,0.8
244,2023-01-03 18:00:00,0.8
245,2023-01-03 18:15:00,0.8
246,2023-01-03 18:30:00,0.8
247,2023-01-03 18:45:00,0.8
248,2023-01-03 19:00:00,0.8
249,2023-01-03 19:15:00,0.9
250,2023-01-03 19:30:00,0.9
251,2023-01-03 19:45:00,0.9
252,2023-01-03 20:00:00,0.9
253,2023-01-03 20:15:00,0.9
254,2023-01-03 20:30:00,0.9
255,2023-01-03 20:45:00,0.9
256,2023-01-03 21:00:00,0.9
257,2023-01-03 21:15:00,0.9
258,2023-01-03 21:30:00,0.9
259,2023-01-03 21:45:00,3.0
260,2023-01-03 22:00:00,3.7
261,2023-01-03 22:15:00,3.8
262,2023-01-03 22:30:00,3.6
263,2023-01-03 22:45:00,3.7
264,2023-01-03 23:00:00,3.6
265,2023-01-03 23:15:00,3.5
266,2023-01-03 23:30:00,3.6
267,2023-01-03 23:45:00,3.7
268,2023-01-04 00:00:00,3.6
269,2023-01-04 00:15:00,3.6
270,2023-01-04 00:30:00,3.6
271,2023-01-04 00:45:00,3.6
272,2023-01-04 01:00:00,3.7
273,2023-01-04 01:15:00,3.5
274,2023-01-04 01:30:00,3.7
275,2023-01-04 01:45:00,3.6
276,2023-01-04 02:00:00,3.6
277,2023-01-04 02:15:00,3.6
278,2023-01-04 02:30:00,3.5
279,2023-01-04 02:45:00,3.7
280,2023-01-04 03:00:00,3.8
281,2023-01-04 03:15:00,3.6
282,2023-01-04 03:30:00,3.6
283,2023-01-04 03:45:00,3.7
284,2023-01-04 04:00:00,3.6
285,2023-01-04 04:15:00,3.5
286,2023-01-04 04:30:00,3.6
287,2023-01-04 04:45:00,3.6
288,2023-01-04 05:00:00,3.6
289,2023-01-04 05:15:00,3.6
290,2023-01-04 05:30:00,3.6
291,2023-01-04 05:45:00,3.6
292,2023-01-04 06:00:00,3.6
293,2023-01-04 06:15:00,3.6
294,2023-01-04 06:30:00,3.7
295,2023-01-04 06:45:00,3.6
296,2023-01-04 07:00:00,3.5
297,2023-01-04 07:15:00,3.6
298,2023-01-04 07:30:00,3.7
299,2023-01-04 07:45:00,3.6
300,2023-01-04 08:00:00,3.6
301,2023-01-04 08:15:00,3.6
302,2023-01-04 08:30:00,3.6
303,2023-01-04 08:45:00,3.7
304,2023-01-04 09:00:00,3.6
305,2023-01-04 09:15:00,3.6
306,2023-01-04 09:30:00,3.7
307,2023-01-04 09:45:00,3.6
308,2023-01-04 10:00:00,3.6
309,2023-01-04 10:15:00,3.6
310,2023-01-04 10:30:00,3.7
311,2023-01-04 10:45:00,3.6
312,2023-01-04 11:00:00,3.6
313,2023-01-04 11:15:00,3.6
314,2023-01-04 11:30:00,3.5
315,2023-01-04 11:45:00,3.6
316,2023-01-04 12:00:00,3.7
317,2023-01-04 12:15:00,3.5
318,2023-01-04 12:30:00,3.6
319,2023-01-04 12:45:00,3.6
320,2023-01-04 13:00:00,0.8
321,2023-01-04 13:15:00,0.8
322,2023-01-04 13:30:00,0.8
323,2023-01-04 13:45:00,0.8
324,2023-01-04 14:00:00,0.8
325,2023-01-04 14:15:00,0.9
326,2023-01-04 14:30:00,0.9
327,2023-01-04 14:45:00,0.8
328,2023-01-04 15:00:00,0.9
329,2023-01-04 15:15:00,0.8
330,2023-01-04 15:30:00,0.8
331,2023-01-04 15:45:00,0.8
332,2023-01-04 16:00:00,0.8
333,2023-01-04 16:15:00,0.8
334,2023-01-04 16:30:00,0.8
335,2023-01-04 16:45:00,0.8
336,2023-01-04 17:00:00,0.8
337,2023-01-04 17:15:00,0.8
338,2023-01-04 17:30:00,0.9
339,2023-01-04 17:45:00,0.8
340,2023-01-04 18:00:00,0.8
341,2023-01-04 18:15:00,0.8
342,2023-01-04 18:30:00,0.7
343,2023-01-04 18:45:00,0.8
344,2023-01-04 19:00:00,0.9
345,2023-01-04 19:15:00,0.9
346,2023-01-04 19:30:00,0.8
347,2023-01-04 19:45:00,0.8
348,2023-01-04 20:00:00,0.8
349,2023-01-04 20:15:00,0.8
350,2023-01-04 20:30:00,0.8
351,2023-01-04 20:45:00,0.8
352,2023-01-04 21:00:00,0.8
353,2023-01-04 21:15:00,0.8
354,2023-01-04 21:30:00,3.0
355,2023-01-04 21:45:00,3.7
356,2023-01-04 22:00:00,3.6
357,2023-01-04 22:15:00,3.7
358,2023-01-04 22:30:00,3.6
359,2023-01-04 22:45:00,3.7
360,2023-01-04 23:00:00,3.8
361,2023-01-04 23:15:00,3.8
362,2023-01-04 23:30:00,3.8
363,2023-01-04 23:45:00,3.9
364,2023-01-05 00:00:00,3.8
365,2023-01-05 00:15:00,3.9
366,2023-01-05 00:30:00,3.8
367,2023-01-05 00:45:00,3.8
368,2023-01-05 01:00:00,3.8
369,2023-01-05 01:15:00,3.7
370,2023-01-05 01:30:00,3.7
371,2023-01-05 01:45:00,3.8
372,2023-01-05 02:00:00,3.8
373,2023-01-05 02:15:00,3.7
374,2023-01-05 02:30:00,3.6
375,2023-01-05 02:45:00,3.7
376,2023-01-05 03:00:00,3.7
377,2023-01-05 03:15:00,3.6
378,2023-01-05 03:30:00,3.7
379,2023-01-05 03:45:00,3.7
380,2023-01-05 04:00:00,3.7
381,2023-01-05 04:15:00,3.7
382,2023-01-05 04:30:00,3.6
383,2023-01-05 04:45:00,3.6
384,2023-01-05 05:00:00,3.6
385,2023-01-05 05:15:00,3.6
386,2023-01-05 05:30:00,3.8
387,2023-01-05 05:45:00,3.8
388,2023-01-05 06:00:00,3.6
389,2023-01-05 06:15:00,3.7
390,2023-01-05 06:30:00,3.6
391,2023-01-05 06:45:00,3.6
392,2023-01-05 07:00:00,3.7
393,2023-01-05 07:15:00,3.6
394,2023-01-05 07:30:00,3.6
395,2023-01-05 07:45:00,3.7
396,2023-01-05 08:00:00,3.7
397,2023-01-05 08:15:00,3.6
398,2023-01-05 08:30:00,3.6
399,2023-01-05 08:45:00,3.6
400,2023-01-05 09:00:00,3.6
401,2023-01-05 09:15:00,3.6
402,2023-01-05 09:30:00,3.5
403,2023-01-05 09:45:00,3.6
404,2023-01-05 10:00:00,3.6
405,2023-01-05 10:15:00,3.6
406,2023-01-05 10:30:00,3.7
407,2023-01-05 10:45:00,3.6
408,2023-01-05 11:00:00,3.6
409,2023-01-05 11:15:00,3.6
410,2023-01-05 11:30:00,3.6
411,2023-01-05 11:45:00,3.7
412,2023-01-05 12:00:00,3.6
413,2023-01-05 12:15:00,3.6
414,2023-01-05 12:30:00,3.6
415,2023-01-05 12:45:00,0.9
416,2023-01-05 13:00:00,0.8
417,2023-01-05 13:15:00,0.8
418,2023-01-05 13:30:00,0.8
419,2023-01-05 13:45:00,0.8
420,2023-01-05 14:00:00,0.8
421,2023-01-05 14:15:00,0.8
422,2023-01-05 14:30:00,0.8
423,2023-01-05 14:45:00,0.8
424,2023-01-05 15:00:00,0.8
425,2023-01-05 15:15:00,0.8
426,2023-01-05 15:30:00,0.8
427,2023-01-05 15:45:00,0.8
428,2023-01-05 16:00:00,0.8
429,2023-01-05 16:15:00,0.8
430,2023-01-05 16:30:00,0.8
431,2023-01-05 16:45:00,0.8
432,2023-01-05 17:00:00,0.8
433,2023-01-05 17:15:00,0.8
434,2023-01-05 17:30:00,0.8
435,2023-01-05 17:45:00,0.8
436,2023-01-05 18:00:00,0.9
437,2023-01-05 18:15:00,0.8
438,2023-01-05 18:30:00,0.8
439,2023-01-05 18:45:00,0.8
440,2023-01-05 19:00:00,0.8
441,2023-01-05 19:15:00,0.8
442,2023-01-05 19:30:00,0.8
443,2023-01-05 19:45:00,0.8
444,2023-01-05 20:00:00,0.8
445,2023-01-05 20:15:00,0.8
446,2023-01-05 20:30:00,0.8
447,2023-01-05 20:45:00,0.8
448,2023-01-05 21:00:00,0.8
449,2023-01-05 21:15:00,0.8
450,2023-01-05 21:30:00,0.8
451,2023-01-05 21:45:00,0.8
452,2023-01-05 22:00:00,3.8
453,2023-01-05 22:15:00,3.8
454,2023-01-05 22:30:00,3.6
455,2023-01-05 22:45:00,3.6
456,2023-01-05 23:00:00,3.6
457,2023-01-05 23:15:00,3.7
458,2023-01-05 23:30:00,3.7
459,2023-01-05 23:45:00,3.6
460,2023-01-06 00:00:00,3.5
461,2023-01-06 00:15:00,3.5
462,2023-01-06 00:30:00,3.6
463,2023-01-06 00:45:00,3.6
464,2023-01-06 01:00:00,3.6
465,2023-01-06 01:15:00,3.8
466,2023-01-06 01:30:00,3.7
467,2023-01-06 01:45:00,3.6
468,2023-01-06 02:00:00,3.6
469,2023-01-06 02:15:00,3.6
470,2023-01-06 02:30:00,3.6
471,2023-01-06 02:45:00,3.6
472,2023-01-06 03:00:00,3.6
473,2023-01-06 03:15:00,3.7
474,2023-01-06 03:30:00,3.6
475,2023-01-06 03:45:00,3.7
476,2023-01-06 04:00:00,3.7
477,2023-01-06 04:15:00,3.9
478,2023-01-06 04:30:00,3.6
479,2023-01-06 04:45:00,3.7
480,2023-01-06 05:00:00,3.6
481,2023-01-06 05:15:00,3.5
482,2023-01-06 05:30:00,3.5
483,2023-01-06 05:45:00,3.8
484,2023-01-06 06:00:00,3.5
485,2023-01-06 06:15:00,3.6
486,2023-01-06 06:30:00,3.6
487,2023-01-06 06:45:00,3.7
488,2023-01-06 07:00:00,3.6
489,2023-01-06 07:15:00,3.6
490,2023-01-06 07:30:00,3.7
491,2023-01-06 07:45:00,3.6
492,2023-01-06 08:00:00,3.6
493,2023-01-06 08:15:00,3.5
494,2023-01-06 08:30:00,3.6
495,2023-01-06 08:45:00,3.6
496,2023-01-06 09:00:00,3.6
497,2023-01-06 09:15:00,3.5
498,2023-01-06 09:30:00,3.5
499,2023-01-06 09:45:00,3.6
500,2023-01-06 10:00:00,3.6
501,2023-01-06 10:15:00,3.6
502,2023-01-06 10:30:00,3.6
503,2023-01-06 10:45:00,3.6
504,2023-01-06 11:00:00,3.6
505,2023-01-06 11:15:00,3.6
506,2023-01-06 11:30:00,3.6
507,2023-01-06 11:45:00,3.7
508,2023-01-06 12:00:00,3.6
509,2023-01-06 12:15:00,3.6
510,2023-01-06 12:30:00,3.6
511,2023-01-06 12:45:00,1.3
512,2023-01-06 13:00:00,0.9
513,2023-01-06 13:15:00,0.8
514,2023-01-06 13:30:00,0.8
515,2023-01-06 13:45:00,1.0
516,2023-01-06 14:00:00,0.9
517,2023-01-06 14:15:00,1.3
518,2023-01-06 14:30:00,1.3
519,2023-01-06 14:45:00,0.8
520,2023-01-06 15:00:00,0.8
521,2023-01-06 15:15:00,0.9
522,2023-01-06 15:30:00,0.8
523,2023-01-06 15:45:00,0.8
524,2023-01-06 16:00:00,0.8
525,2023-01-06 16:15:00,0.8
526,2023-01-06 16:30:00,0.8
527,2023-01-06 16:45:00,0.8
528,2023-01-06 17:00:00,0.8
529,2023-01-06 17:15:00,0.8
530,2023-01-06 17:30:00,0.8
531,2023-01-06 17:45:00,0.8
532,2023-01-06 18:00:00,0.8
533,2023-01-06 18:15:00,0.8
534,2023-01-06 18:30:00,0.8
535,2023-01-06 18:45:00,0.8
536,2023-01-06 19:00:00,0.8
537,2023-01-06 19:15:00,0.8
538,2023-01-06 19:30:00,0.8
539,2023-01-06 19:45:00,0.8
540,2023-01-06 20:00:00,0.8
541,2023-01-06 20:15:00,0.8
542,2023-01-06 20:30:00,1.4
543,2023-01-06 20:45:00,1.5
544,2023-01-06 21:00:00,0.8
545,2023-01-06 21:15:00,0.8
546,2023-01-06 21:30:00,1.4
547,2023-01-06 21:45:00,3.8
548,2023-01-06 22:00:00,3.7
549,2023-01-06 22:15:00,3.6
550,2023-01-06 22:30:00,3.7
551,2023-01-06 22:45:00,3.6
552,2023-01-06 23:00:00,3.7
553,2023-01-06 23:15:00,3.8
554,2023-01-06 23:30:00,3.6
555,2023-01-06 23:45:00,3.6
556,2023-01-07 00:00:00,3.6
557,2023-01-07 00:15:00,3.7
558,2023-01-07 00:30:00,3.6
559,2023-01-07 00:45:00,3.8
560,2023-01-07 01:00:00,3.7
561,2023-01-07 01:15:00,3.6
562,2023-01-07 01:30:00,3.7
563,2023-01-07 01:45:00,3.7
564,2023-01-07 02:00:00,3.6
565,2023-01-07 02:15:00,3.6
566,2023-01-07 02:30:00,3.6
567,2023-01-07 02:45:00,3.7
568,2023-01-07 03:00:00,3.7
569,2023-01-07 03:15:00,3.6
570,2023-01-07 03:30:00,3.7
571,2023-01-07 03:45:00,3.7
572,2023-01-07 04:00:00,3.5
573,2023-01-07 04:15:00,3.6
574,2023-01-07 04:30:00,3.7
575,2023-01-07 04:45:00,3.6
576,2023-01-07 05:00:00,3.6
577,2023-01-07 05:15:00,3.7
578,2023-01-07 05:30:00,3.5
579,2023-01-07 05:45:00,3.5
580,2023-01-07 06:00:00,3.6
581,2023-01-07 06:15:00,3.6
582,2023-01-07 06:30:00,3.6
583,2023-01-07 06:45:00,3.6
584,2023-01-07 07:00:00,3.7
585,2023-01-07 07:15:00,3.7
586,2023-01-07 07:30:00,3.6
587,2023-01-07 07:45:00,3.6
588,2023-01-07 08:00:00,3.6
589,2023-01-07 08:15:00,3.5
590,2023-01-07 08:30:00,3.6
591,2023-01-07 08:45:00,3.6
592,2023-01-07 09:00:00,3.6
593,2023-01-07 09:15:00,3.6
594,2023-01-07 09:30:00,3.6
595,2023-01-07 09:45:00,3.6
596,2023-01-07 10:00:00,3.6
597,2023-01-07 10:15:00,3.6
598,2023-01-07 10:30:00,3.6
599,2023-01-07 10:45:00,3.7
600,2023-01-07 11:00:00,3.5
601,2023-01-07 11:15:00,3.5
602,2023-01-07 11:30:00,3.6
603,2023-01-07 11:45:00,3.6
604,2023-01-07 12:00:00,3.5
605,2023-01-07 12:15:00,3.6
606,2023-01-07 12:30:00,3.6
607,2023-01-07 12:45:00,3.6
608,2023-01-07 13:00:00,3.7
609,2023-01-07 13:15:00,0.9
610,2023-01-07 13:30:00,0.8
611,2023-01-07 13:45:00,0.8
612,2023-01-07 14:00:00,0.9
613,2023-01-07 14:15:00,0.8
614,2023-01-07 14:30:00,0.8
615,2023-01-07 14:45:00,0.8
616,2023-01-07 15:00:00,0.9
617,2023-01-07 15:15:00,0.8
618,2023-01-07 15:30:00,0.8
619,2023-01-07 15:45:00,0.8
620,2023-01-07 16:00:00,0.8
621,2023-01-07 16:15:00,0.8
622,2023-01-07 16:30:00,0.8
623,2023-01-07 16:45:00,0.8
624,2023-01-07 17:00:00,0.8
625,2023-01-07 17:15:00,0.9
626,2023-01-07 17:30:00,0.8
627,2023-01-07 17:45:00,0.8
628,2023-01-07 18:00:00,0.8
629,2023-01-07 18:15:00,0.9
630,2023-01-07 18:30:00,0.8
631,2023-01-07 18:45:00,0.8
632,2023-01-07 19:00:00,0.8
633,2023-01-07 19:15:00,0.8
634,2023-01-07 19:30:00,0.8
635,2023-01-07 19:45:00,0.8
636,2023-01-07 20:00:00,0.8
637,2023-01-07 20:15:00,0.8
638,2023-01-07 20:30:00,0.8
639,2023-01-07 20:45:00,0.9
640,2023-01-07 21:00:00,0.9
641,2023-01-07 21:15:00,0.9
642,2023-01-07 21:30:00,1.3
643,2023-01-07 21:45:00,3.8
644,2023-01-07 22:00:00,3.7
645,2023-01-07 22:15:00,3.8
646,2023-01-07 22:30:00,3.8
647,2023-01-07 22:45:00,3.7
648,2023-01-07 23:00:00,3.7
649,2023-01-07 23:15:00,3.7
650,2023-01-07 23:30:00,3.7
651,2023-01-07 23:45:00,3.7
652,2023-01-08 00:00:00,3.7
653,2023-01-08 00:15:00,3.7
654,2023-01-08 00:30:00,3.7
655,2023-01-08 00:45:00,3.7
656,2023-01-08 01:00:00,3.7
657,2023-01-08 01:15:00,3.7
658,2023-01-08 01:30:00,3.7
659,2023-01-08 01:45:00,3.7
660,2023-01-08 02:00:00,3.7
661,2023-01-08 02:15:00,3.7
662,2023-01-08 02:30:00,3.7
663,2023-01-08 02:45:00,3.7
664,2023-01-08 03:00:00,3.7
665,2023-01-08 03:15:00,3.7
666,2023-01-08 03:30:00,3.7
667,2023-01-08 03:45:00,3.7
668,2023-01-08 04:00:00,3.7
669,2023-01-08 04:15:00,3.7
670,2023-01-08 04:30:00,3.7
671,2023-01-08 04:45:00,3.7
672,2023-01-08 05:00:00,3.8
673,2023-01-08 05:15:00,3.7
674,2023-01-08 05:30:00,3.7
675,2023-01-08 05:45:00,3.7
676,2023-01-08 06:00:00,3.7
677,2023-01-08 06:15:00,3.7
678,2023-01-08 06:30:00,3.7
679,2023-01-08 06:45:00,3.7
680,2023-01-08 07:00:00,3.7
681,2023-01-08 07:15:00,3.7
682,2023-01-08 07:30:00,3.7
683,2023-01-08 07:45:00,3.6
684,2023-01-08 08:00:00,3.7
685,2023-01-08 08:15:00,3.6
686,2023-01-08 08:30:00,3.7
687,2023-01-08 08:45:00,3.6
688,2023-01-08 09:00:00,3.7
689,2023-01-08 09:15:00,3.6
690,2023-01-08 09:30:00,3.6
691,2023-01-08 09:45:00,3.7
692,2023-01-08 10:00:00,3.7
693,2023-01-08 10:15:00,3.6
694,2023-01-08 10:30:00,3.7
695,2023-01-08 10:45:00,3.6
696,2023-01-08 11:00:00,3.7
697,2023-01-08 11:15:00,3.7
698,2023-01-08 11:30:00,3.7
699,2023-01-08 11:45:00,3.7
700,2023-01-08 12:00:00,3.6
701,2023-01-08 12:15:00,3.6
702,2023-01-08 12:30:00,3.7
703,2023-01-08 12:45:00,0.9
704,2023-01-08 13:00:00,0.9
705,2023-01-08 13:15:00,0.9
706,2023-01-08 13:30:00,0.9
707,2023-01-08 13:45:00,0.8
708,2023-01-08 14:00:00,1.0
709,2023-01-08 14:15:00,0.8
710,2023-01-08 14:30:00,1.4
711,2023-01-08 14:45:00,1.3
712,2023-01-08 15:00:00,0.8
713,2023-01-08 15:15:00,0.8
714,2023-01-08 15:30:00,0.8
715,2023-01-08 15:45:00,0.8
716,2023-01-08 16:00:00,0.8
717,2023-01-08 16:15:00,0.8
718,2023-01-08 16:30:00,0.9
719,2023-01-08 16:45:00,0.8
720,2023-01-08 17:00:00,0.8
721,2023-01-08 17:15:00,0.8
722,2023-01-08 17:30:00,0.8
723,2023-01-08 17:45:00,0.8
724,2023-01-08 18:00:00,0.8
725,2023-01-08 18:15:00,0.8
726,2023-01-08 18:30:00,0.8
727,2023-01-08 18:45:00,0.8
728,2023-01-08 19:00:00,0.8
729,2023-01-08 19:15:00,0.8
730,2023-01-08 19:30:00,0.8
731,2023-01-08 19:45:00,0.8
732,2023-01-08 20:00:00,0.8
733,2023-01-08 20:15:00,0.8
734,2023-01-08 20:30:00,0.8
735,2023-01-08 20:45:00,0.8
736,2023-01-08 21:00:00,0.9
737,2023-01-08 21:15:00,0.8
738,2023-01-08 21:30:00,0.8
739,2023-01-08 21:45:00,0.8
740,2023-01-08 22:00:00,2.7
741,2023-01-08 22:15:00,3.8
742,2023-01-08 22:30:00,3.7
743,2023-01-08 22:45:00,3.8
744,2023-01-08 23:00:00,3.8
745,2023-01-08 23:15:00,3.7
746,2023-01-08 23:30:00,3.8
747,2023-01-08 23:45:00,3.8
748,2023-01-09 00:00:00,3.8
749,2023-01-09 00:15:00,3.7
750,2023-01-09 00:30:00,3.7
751,2023-01-09 00:45:00,3.7
752,2023-01-09 01:00:00,3.7
753,2023-01-09 01:15:00,3.8
754,2023-01-09 01:30:00,3.7
755,2023-01-09 01:45:00,3.8
756,2023-01-09 02:00:00,3.8
757,2023-01-09 02:15:00,3.7
758,2023-01-09 02:30:00,3.7
759,2023-01-09 02:45:00,3.8
760,2023-01-09 03:00:00,3.7
761,2023-01-09 03:15:00,3.7
762,2023-01-09 03:30:00,3.7
763,2023-01-09 03:45:00,3.7
764,2023-01-09 04:00:00,3.7
765,2023-01-09 04:15:00,3.7
766,2023-01-09 04:30:00,3.8
767,2023-01-09 04:45:00,3.7
768,2023-01-09 05:00:00,3.7
769,2023-01-09 05:15:00,3.7
770,2023-01-09 05:30:00,3.7
771,2023-01-09 05:45:00,3.7
772,2023-01-09 06:00:00,3.7
773,2023-01-09 06:15:00,3.7
774,2023-01-09 06:30:00,3.7
775,2023-01-09 06:45:00,3.7
776,2023-01-09 07:00:00,3.7
777,2023-01-09 07:15:00,3.7
778,2023-01-09 07:30:00,3.7
779,2023-01-09 07:45:00,3.7
780,2023-01-09 08:00:00,3.7
781,2023-01-09 08:15:00,3.7
782,2023-01-09 08:30:00,3.7
783,2023-01-09 08:45:00,4.2
784,2023-01-09 09:00:00,3.7
785,2023-01-09 09:15:00,3.7
786,2023-01-09 09:30:00,3.7
787,2023-01-09 09:45:00,3.6
788,2023-01-09 10:00:00,3.7
789,2023-01-09 10:15:00,3.7
790,2023-01-09 10:30:00,3.7
791,2023-01-09 10:45:00,3.8
792,2023-01-09 11:00:00,3.7
793,2023-01-09 11:15:00,3.7
794,2023-01-09 11:30:00,3.6
795,2023-01-09 11:45:00,3.7
796,2023-01-09 12:00:00,3.7
797,2023-01-09 12:15:00,3.6
798,2023-01-09 12:30:00,3.7
799,2023-01-09 12:45:00,1.4
800,2023-01-09 13:00:00,0.8
801,2023-01-09 13:15:00,0.8
802,2023-01-09 13:30:00,0.9
803,2023-01-09 13:45:00,0.9
804,2023-01-09 14:00:00,0.9
805,2023-01-09 14:15:00,0.9
806,2023-01-09 14:30:00,0.8
807,2023-01-09 14:45:00,0.8
808,2023-01-09 15:00:00,0.8
809,2023-01-09 15:15:00,0.8
810,2023-01-09 15:30:00,1.3
811,2023-01-09 15:45:00,0.8
812,2023-01-09 16:00:00,0.8
813,2023-01-09 16:15:00,1.4
814,2023-01-09 16:30:00,1.4
815,2023-01-09 16:45:00,0.8
816,2023-01-09 17:00:00,1.4
817,2023-01-09 17:15:00,0.8
818,2023-01-09 17:30:00,0.8
819,2023-01-09 17:45:00,0.8
820,2023-01-09 18:00:00,0.8
821,2023-01-09 18:15:00,0.8
822,2023-01-09 18:30:00,0.8
823,2023-01-09 18:45:00,0.8
824,2023-01-09 19:00:00,0.9
825,2023-01-09 19:15:00,0.9
826,2023-01-09 19:30:00,0.8
827,2023-01-09 19:45:00,0.8
828,2023-01-09 20:00:00,0.9
829,2023-01-09 20:15:00,1.0
830,2023-01-09 20:30:00,0.8
831,2023-01-09 20:45:00,0.8
832,2023-01-09 21:00:00,0.9
833,2023-01-09 21:15:00,0.8
834,2023-01-09 21:30:00,0.8
835,2023-01-09 21:45:00,0.8
836,2023-01-09 22:00:00,2.8
837,2023-01-09 22:15:00,3.9
838,2023-01-09 22:30:00,3.8
839,2023-01-09 22:45:00,3.7
840,2023-01-09 23:00:00,3.8
841,2023-01-09 23:15:00,3.7
842,2023-01-09 23:30:00,3.6
843,2023-01-09 23:45:00,3.8
844,2023-01-10 00:00:00,3.8
845,2023-01-10 00:15:00,3.7
846,2023-01-10 00:30:00,3.7
847,2023-01-10 00:45:00,3.8
848,2023-01-10 01:00:00,3.8
849,2023-01-10 01:15:00,3.8
850,2023-01-10 01:30:00,3.7
851,2023-01-10 01:45:00,3.8
852,2023-01-10 02:00:00,3.8
853,2023-01-10 02:15:00,3.8
854,2023-01-10 02:30:00,3.8
855,2023-01-10 02:45:00,3.7
856,2023-01-10 03:00:00,3.8
857,2023-01-10 03:15:00,3.8
858,2023-01-10 03:30:00,3.7
859,2023-01-10 03:45:00,3.7
860,2023-01-10 04:00:00,3.7
861,2023-01-10 04:15:00,3.8
862,2023-01-10 04:30:00,3.7
863,2023-01-10 04:45:00,3.7
864,2023-01-10 05:00:00,3.8
865,2023-01-10 05:15:00,3.8
866,2023-01-10 05:30:00,3.7
867,2023-01-10 05:45:00,3.7
868,2023-01-10 06:00:00,3.7
869,2023-01-10 06:15:00,3.7
870,2023-01-10 06:30:00,3.7
871,2023-01-10 06:45:00,3.7
872,2023-01-10 07:00:00,3.7
873,2023-01-10 07:15:00,3.8
874,2023-01-10 07:30:00,3.7
875,2023-01-10 07:45:00,3.7
876,2023-01-10 08:00:00,3.7
877,2023-01-10 08:15:00,3.9
878,2023-01-10 08:30:00,3.7
879,2023-01-10 08:45:00,3.7
880,2023-01-10 09:00:00,3.7
881,2023-01-10 09:15:00,3.7
882,2023-01-10 09:30:00,3.7
883,2023-01-10 09:45:00,3.7
884,2023-01-10 10:00:00,3.8
885,2023-01-10 10:15:00,3.8
886,2023-01-10 10:30:00,3.8
887,2023-01-10 10:45:00,3.7
888,2023-01-10 11:00:00,3.7
889,2023-01-10 11:15:00,3.7
890,2023-01-10 11:30:00,3.7
891,2023-01-10 11:45:00,3.7
892,2023-01-10 12:00:00,3.7
893,2023-01-10 12:15:00,3.7
894,2023-01-10 12:30:00,3.7
895,2023-01-10 12:45:00,3.7
896,2023-01-10 13:00:00,1.4
897,2023-01-10 13:15:00,0.9
898,2023-01-10 13:30:00,0.9
899,2023-01-10 13:45:00,0.9
900,2023-01-10 14:00:00,0.9
901,2023-01-10 14:15:00,1.0
902,2023-01-10 14:30:00,0.9
903,2023-01-10 14:45:00,0.9
904,2023-01-10 15:00:00,0.8
905,2023-01-10 15:15:00,0.8
906,2023-01-10 15:30:00,0.8
907,2023-01-10 15:45:00,0.8
908,2023-01-10 16:00:00,0.8
909,2023-01-10 16:15:00,0.8
910,2023-01-10 16:30:00,0.8
911,2023-01-10 16:45:00,0.8
912,2023-01-10 17:00:00,0.8
913,2023-01-10 17:15:00,0.8
914,2023-01-10 17:30:00,0.8
915,2023-01-10 17:45:00,0.8
916,2023-01-10 18:00:00,0.8
917,2023-01-10 18:15:00,0.8
918,2023-01-10 18:30:00,0.8
919,2023-01-10 18:45:00,0.8
920,2023-01-10 19:00:00,0.8
921,2023-01-10 19:15:00,0.8
922,2023-01-10 19:30:00,0.8
923,2023-01-10 19:45:00,0.8
924,2023-01-10 20:00:00,0.8
925,2023-01-10 20:15:00,0.8
926,2023-01-10 20:30:00,0.8
927,2023-01-10 20:45:00,0.8
928,2023-01-10 21:00:00,0.9
929,2023-01-10 21:15:00,0.9
930,2023-01-10 21:30:00,0.8
931,2023-01-10 21:45:00,3.0
932,2023-01-10 22:00:00,3.9
933,2023-01-10 22:15:00,3.8
934,2023-01-10 22:30:00,3.7
935,2023-01-10 22:45:00,3.8
936,2023-01-10 23:00:00,3.8
937,2023-01-10 23:15:00,3.7
938,2023-01-10 23:30:00,3.8
939,2023-01-10 23:45:00,3.8
940,2023-01-11 00:00:00,3.7
941,2023-01-11 00:15:00,3.7
942,2023-01-11 00:30:00,3.7
943,2023-01-11 00:45:00,3.7
944,2023-01-11 01:00:00,3.7
945,2023-01-11 01:15:00,3.8
946,2023-01-11 01:30:00,3.8
947,2023-01-11 01:45:00,3.7
948,2023-01-11 02:00:00,3.7
949,2023-01-11 02:15:00,3.7
950,2023-01-11 02:30:00,3.8
951,2023-01-11 02:45:00,3.7
952,2023-01-11 03:00:00,3.8
953,2023-01-11 03:15:00,3.7
954,2023-01-11 03:30:00,3.7
955,2023-01-11 03:45:00,3.8
956,2023-01-11 04:00:00,3.7
957,2023-01-11 04:15:00,3.7
958,2023-01-11 04:30:00,3.7
959,2023-01-11 04:45:00,3.7
960,2023-01-11 05:00:00,3.7
961,2023-01-11 05:15:00,3.7
962,2023-01-11 05:30:00,3.7
963,2023-01-11 05:45:00,3.7
964,2023-01-11 06:00:00,3.7
965,2023-01-11 06:15:00,3.7
966,2023-01-11 06:30:00,3.7
967,2023-01-11 06:45:00,3.7
968,2023-01-11 07:00:00,3.7
969,2023-01-11 07:15:00,3.7
970,2023-01-11 07:30:00,3.7
971,2023-01-11 07:45:00,3.7
972,2023-01-11 08:00:00,3.7
973,2023-01-11 08:15:00,3.6
974,2023-01-11 08:30:00,3.7
975,2023-01-11 08:45:00,3.7
976,2023-01-11 09:00:00,3.7
977,2023-01-11 09:15:00,3.7
978,2023-01-11 09:30:00,3.6
979,2023-01-11 09:45:00,3.9
980,2023-01-11 10:00:00,3.7
981,2023-01-11 10:15:00,3.7
982,2023-01-11 10:30:00,3.7
983,2023-01-11 10:45:00,3.6
984,2023-01-11 11:00:00,3.7
985,2023-01-11 11:15:00,3.7
986,2023-01-11 11:30:00,3.6
987,2023-01-11 11:45:00,3.7
988,2023-01-11 12:00:00,3.7
989,2023-01-11 12:15:00,3.7
990,2023-01-11 12:30:00,3.6
991,2023-01-11 12:45:00,1.3
992,2023-01-11 13:00:00,0.9
993,2023-01-11 13:15:00,0.9
994,2023-01-11 13:30:00,0.8
995,2023-01-11 13:45:00,0.8
996,2023-01-11 14:00:00,0.8
997,2023-01-11 14:15:00,0.8
998,2023-01-11 14:30:00,0.8
999,2023-01-11 14:45:00,0.8
1000,2023-01-11 15:00:00,0.8
1001,2023-01-11 15:15:00,0.8
1002,2023-01-11 15:30:00,0.8
1003,2023-01-11 15:45:00,0.8
1004,2023-01-11 16:00:00,0.8
1005,2023-01-11 16:15:00,0.9
1006,2023-01-11 16:30:00,0.8
1007,2023-01-11 16:45:00,0.8
1008,2023-01-11 17:00:00,0.9
1009,2023-01-11 17:15:00,0.8
1010,2023-01-11 17:30:00,0.8
1011,2023-01-11 17:45:00,0.8
1012,2023-01-11 18:00:00,0.9
1013,2023-01-11 18:15:00,0.8
1014,2023-01-11 18:30:00,0.8
1015,2023-01-11 18:45:00,0.9
1016,2023-01-11 19:00:00,0.8
1017,2023-01-11 19:15:00,0.8
1018,2023-01-11 19:30:00,1.0
1019,2023-01-11 19:45:00,0.9
1020,2023-01-11 20:00:00,0.9
1021,2023-01-11 20:15:00,1.0
1022,2023-01-11 20:30:00,1.0
1023,2023-01-11 20:45:00,0.8
1024,2023-01-11 21:00:00,0.9
1025,2023-01-11 21:15:00,0.9
1026,2023-01-11 21:30:00,0.9
1027,2023-01-11 21:45:00,2.7
1028,2023-01-11 22:00:00,3.8
1029,2023-01-11 22:15:00,3.7
1030,2023-01-11 22:30:00,3.8
1031,2023-01-11 22:45:00,3.7
1032,2023-01-11 23:00:00,3.7
1033,2023-01-11 23:15:00,3.7
1034,2023-01-11 23:30:00,3.7
1035,2023-01-11 23:45:00,3.7
1036,2023-01-12 00:00:00,3.7
1037,2023-01-12 00:15:00,3.7
1038,2023-01-12 00:30:00,3.7
1039,2023-01-12 00:45:00,3.7
1040,2023-01-12 01:00:00,3.7
1041,2023-01-12 01:15:00,3.7
1042,2023-01-12 01:30:00,3.7
1043,2023-01-12 01:45:00,3.8
1044,2023-01-12 02:00:00,3.7
1045,2023-01-12 02:15:00,3.8
1046,2023-01-12 02:30:00,3.8
1047,2023-01-12 02:45:00,3.7
1048,2023-01-12 03:00:00,3.7
1049,2023-01-12 03:15:00,3.7
1050,2023-01-12 03:30:00,3.7
1051,2023-01-12 03:45:00,3.7
1052,2023-01-12 04:00:00,3.7
1053,2023-01-12 04:15:00,3.7
1054,2023-01-12 04:30:00,3.8
1055,2023-01-12 04:45:00,3.7
1056,2023-01-12 05:00:00,3.7
1057,2023-01-12 05:15:00,3.7
1058,2023-01-12 05:30:00,3.7
1059,2023-01-12 05:45:00,3.7
1060,2023-01-12 06:00:00,3.9
1061,2023-01-12 06:15:00,3.7
1062,2023-01-12 06:30:00,3.7
1063,2023-01-12 06:45:00,3.7
1064,2023-01-12 07:00:00,3.7
1065,2023-01-12 07:15:00,3.7
1066,2023-01-12 07:30:00,3.7
1067,2023-01-12 07:45:00,3.7
1068,2023-01-12 08:00:00,3.7
1069,2023-01-12 08:15:00,3.7
1070,2023-01-12 08:30:00,3.7
1071,2023-01-12 08:45:00,4.0
1072,2023-01-12 09:00:00,3.7
1073,2023-01-12 09:15:00,3.7
1074,2023-01-12 09:30:00,3.7
1075,2023-01-12 09:45:00,3.6
1076,2023-01-12 10:00:00,3.7
1077,2023-01-12 10:15:00,3.6
1078,2023-01-12 10:30:00,3.7
1079,2023-01-12 10:45:00,3.7
1080,2023-01-12 11:00:00,3.7
1081,2023-01-12 11:15:00,3.7
1082,2023-01-12 11:30:00,3.7
1083,2023-01-12 11:45:00,3.7
1084,2023-01-12 12:00:00,3.7
1085,2023-01-12 12:15:00,3.7
1086,2023-01-12 12:30:00,3.7
1087,2023-01-12 12:45:00,3.7
1088,2023-01-12 13:00:00,3.7
1089,2023-01-12 13:15:00,1.4
1090,2023-01-12 13:30:00,0.9
1091,2023-01-12 13:45:00,0.9
1092,2023-01-12 14:00:00,1.0
1093,2023-01-12 14:15:00,0.9
1094,2023-01-12 14:30:00,0.9
1095,2023-01-12 14:45:00,0.9
1096,2023-01-12 15:00:00,0.8
1097,2023-01-12 15:15:00,0.8
1098,2023-01-12 15:30:00,0.8
1099,2023-01-12 15:45:00,1.3
1100,2023-01-12 16:00:00,1.4
1101,2023-01-12 16:15:00,0.8
1102,2023-01-12 16:30:00,0.8
1103,2023-01-12 16:45:00,0.8
1104,2023-01-12 17:00:00,0.8
1105,2023-01-12 17:15:00,1.0
1106,2023-01-12 17:30:00,0.9
1107,2023-01-12 17:45:00,0.8
1108,2023-01-12 18:00:00,0.9
1109,2023-01-12 18:15:00,0.8
1110,2023-01-12 18:30:00,0.8
1111,2023-01-12 18:45:00,1.0
1112,2023-01-12 19:00:00,0.8
1113,2023-01-12 19:15:00,0.8
1114,2023-01-12 19:30:00,0.8
1115,2023-01-12 19:45:00,0.9
1116,2023-01-12 20:00:00,1.5
1117,2023-01-12 20:15:00,1.0
1118,2023-01-12 20:30:00,0.9
1119,2023-01-12 20:45:00,0.9
1120,2023-01-12 21:00:00,0.8
1121,2023-01-12 21:15:00,1.4
1122,2023-01-12 21:30:00,1.4
1123,2023-01-12 21:45:00,3.9
1124,2023-01-12 22:00:00,16.1
1125,2023-01-12 22:15:00,16.0
1126,2023-01-12 22:30:00,16.0
1127,2023-01-12 22:45:00,15.8
1128,2023-01-12 23:00:00,15.8
1129,2023-01-12 23:15:00,15.8
1130,2023-01-12 23:30:00,16.0
1131,2023-01-12 23:45:00,15.8
1132,2023-01-13 00:00:00,15.7
1133,2023-01-13 00:15:00,15.7
1134,2023-01-13 00:30:00,15.7
1135,2023-01-13 00:45:00,15.7
1136,2023-01-13 01:00:00,3.7
1137,2023-01-13 01:15:00,3.6
1138,2023-01-13 01:30:00,3.7
1139,2023-01-13 01:45:00,3.8
1140,2023-01-13 02:00:00,3.6
1141,2023-01-13 02:15:00,3.6
1142,2023-01-13 02:30:00,3.7
1143,2023-01-13 02:45:00,3.6
1144,2023-01-13 03:00:00,3.6
1145,2023-01-13 03:15:00,3.7
1146,2023-01-13 03:30:00,3.7
1147,2023-01-13 03:45:00,3.6
1148,2023-01-13 04:00:00,3.6
1149,2023-01-13 04:15:00,3.6
1150,2023-01-13 04:30:00,3.6
1151,2023-01-13 04:45:00,3.6
1152,2023-01-13 05:00:00,4.2
1153,2023-01-13 05:15:00,3.7
1154,2023-01-13 05:30:00,3.6
1155,2023-01-13 05:45:00,3.6
1156,2023-01-13 06:00:00,3.6
1157,2023-01-13 06:15:00,3.6
1158,2023-01-13 06:30:00,3.5
1159,2023-01-13 06:45:00,3.6
1160,2023-01-13 07:00:00,3.6
1161,2023-01-13 07:15:00,3.6
1162,2023-01-13 07:30:00,3.6
1163,2023-01-13 07:45:00,3.6
1164,2023-01-13 08:00:00,3.7
1165,2023-01-13 08:15:00,3.7
1166,2023-01-13 08:30:00,3.6
1167,2023-01-13 08:45:00,3.6
1168,2023-01-13 09:00:00,3.6
1169,2023-01-13 09:15:00,3.6
1170,2023-01-13 09:30:00,3.7
1171,2023-01-13 09:45:00,3.6
1172,2023-01-13 10:00:00,3.6
1173,2023-01-13 10:15:00,3.6
1174,2023-01-13 10:30:00,3.7
1175,2023-01-13 10:45:00,3.6
1176,2023-01-13 11:00:00,3.7
1177,2023-01-13 11:15:00,3.6
1178,2023-01-13 11:30:00,3.7
1179,2023-01-13 11:45:00,3.7
1180,2023-01-13 12:00:00,3.6
1181,2023-01-13 12:15:00,3.7
1182,2023-01-13 12:30:00,3.6
1183,2023-01-13 12:45:00,3.7
1184,2023-01-13 13:00:00,3.7
1185,2023-01-13 13:15:00,1.6
1186,2023-01-13 13:30:00,1.5
1187,2023-01-13 13:45:00,0.9
1188,2023-01-13 14:00:00,0.9
1189,2023-01-13 14:15:00,1.4
1190,2023-01-13 14:30:00,0.9
1191,2023-01-13 14:45:00,0.8
1192,2023-01-13 15:00:00,1.0
1193,2023-01-13 15:15:00,0.8
1194,2023-01-13 15:30:00,0.9
1195,2023-01-13 15:45:00,0.9
1196,2023-01-13 16:00:00,1.0
1197,2023-01-13 16:15:00,1.4
1198,2023-01-13 16:30:00,1.4
1199,2023-01-13 16:45:00,0.9
1200,2023-01-13 17:00:00,0.9
1201,2023-01-13 17:15:00,0.8
1202,2023-01-13 17:30:00,0.9
1203,2023-01-13 17:45:00,0.9
1204,2023-01-13 18:00:00,0.9
1205,2023-01-13 18:15:00,0.9
1206,2023-01-13 18:30:00,0.8
1207,2023-01-13 18:45:00,0.9
1208,2023-01-13 19:00:00,0.9
1209,2023-01-13 19:15:00,0.9
1210,2023-01-13 19:30:00,0.9
1211,2023-01-13 19:45:00,0.9
1212,2023-01-13 20:00:00,0.9
1213,2023-01-13 20:15:00,0.9
1214,2023-01-13 20:30:00,0.9
1215,2023-01-13 20:45:00,1.0
1216,2023-01-13 21:00:00,0.9
1217,2023-01-13 21:15:00,1.0
1218,2023-01-13 21:30:00,0.9
1219,2023-01-13 21:45:00,3.9
1220,2023-01-13 22:00:00,3.8
1221,2023-01-13 22:15:00,3.8
1222,2023-01-13 22:30:00,3.8
1223,2023-01-13 22:45:00,3.8
1224,2023-01-13 23:00:00,3.8
1225,2023-01-13 23:15:00,3.8
1226,2023-01-13 23:30:00,3.8
1227,2023-01-13 23:45:00,3.8
1228,2023-01-14 00:00:00,3.8
1229,2023-01-14 00:15:00,3.8
1230,2023-01-14 00:30:00,3.8
1231,2023-01-14 00:45:00,3.8
1232,2023-01-14 01:00:00,3.8
1233,2023-01-14 01:15:00,3.7
1234,2023-01-14 01:30:00,3.7
1235,2023-01-14 01:45:00,3.8
1236,2023-01-14 02:00:00,3.7
1237,2023-01-14 02:15:00,3.7
1238,2023-01-14 02:30:00,3.7
1239,2023-01-14 02:45:00,3.8
1240,2023-01-14 03:00:00,3.8
1241,2023-01-14 03:15:00,3.8
1242,2023-01-14 03:30:00,3.8
1243,2023-01-14 03:45:00,3.7
1244,2023-01-14 04:00:00,3.7
1245,2023-01-14 04:15:00,3.8
1246,2023-01-14 04:30:00,3.8
1247,2023-01-14 04:45:00,3.8
1248,2023-01-14 05:00:00,3.8
1249,2023-01-14 05:15:00,3.8
1250,2023-01-14 05:30:00,3.7
1251,2023-01-14 05:45:00,3.7
1252,2023-01-14 06:00:00,3.7
1253,2023-01-14 06:15:00,3.7
1254,2023-01-14 06:30:00,3.7
1255,2023-01-14 06:45:00,3.7
1256,2023-01-14 07:00:00,3.7
1257,2023-01-14 07:15:00,3.7
1258,2023-01-14 07:30:00,3.7
1259,2023-01-14 07:45:00,3.7
1260,2023-01-14 08:00:00,3.7
1261,2023-01-14 08:15:00,3.7
1262,2023-01-14 08:30:00,3.7
1263,2023-01-14 08:45:00,3.7
1264,2023-01-14 09:00:00,3.7
1265,2023-01-14 09:15:00,3.7
1266,2023-01-14 09:30:00,3.7
1267,2023-01-14 09:45:00,3.7
1268,2023-01-14 10:00:00,3.7
1269,2023-01-14 10:15:00,3.8
1270,2023-01-14 10:30:00,3.8
1271,2023-01-14 10:45:00,3.8
1272,2023-01-14 11:00:00,3.8
1273,2023-01-14 11:15:00,3.7
1274,2023-01-14 11:30:00,3.9
1275,2023-01-14 11:45:00,3.7
1276,2023-01-14 12:00:00,3.9
1277,2023-01-14 12:15:00,3.8
1278,2023-01-14 12:30:00,3.7
1279,2023-01-14 12:45:00,3.7
1280,2023-01-14 13:00:00,0.9
1281,2023-01-14 13:15:00,0.9
1282,2023-01-14 13:30:00,0.9
1283,2023-01-14 13:45:00,0.9
1284,2023-01-14 14:00:00,0.9
1285,2023-01-14 14:15:00,0.9
1286,2023-01-14 14:30:00,0.9
1287,2023-01-14 14:45:00,0.9
1288,2023-01-14 15:00:00,0.9
1289,2023-01-14 15:15:00,0.9
1290,2023-01-14 15:30:00,0.9
1291,2023-01-14 15:45:00,0.9
1292,2023-01-14 16:00:00,0.9
1293,2023-01-14 16:15:00,1.0
1294,2023-01-14 16:30:00,1.4
1295,2023-01-14 16:45:00,0.9
1296,2023-01-14 17:00:00,0.9
1297,2023-01-14 17:15:00,0.9
1298,2023-01-14 17:30:00,0.9
1299,2023-01-14 17:45:00,0.8
1300,2023-01-14 18:00:00,0.8
1301,2023-01-14 18:15:00,0.8
1302,2023-01-14 18:30:00,0.9
1303,2023-01-14 18:45:00,0.9
1304,2023-01-14 19:00:00,0.9
1305,2023-01-14 19:15:00,0.8
1306,2023-01-14 19:30:00,0.8
1307,2023-01-14 19:45:00,0.8
1308,2023-01-14 20:00:00,0.9
1309,2023-01-14 20:15:00,0.9
1310,2023-01-14 20:30:00,0.9
1311,2023-01-14 20:45:00,0.9
1312,2023-01-14 21:00:00,0.9
1313,2023-01-14 21:15:00,0.9
1314,2023-01-14 21:30:00,0.9
1315,2023-01-14 21:45:00,0.9
1316,2023-01-14 22:00:00,3.8
1317,2023-01-14 22:15:00,3.8
1318,2023-01-14 22:30:00,3.8
1319,2023-01-14 22:45:00,3.7
1320,2023-01-14 23:00:00,3.8
1321,2023-01-14 23:15:00,4.4
1322,2023-01-14 23:30:00,4.5
1323,2023-01-14 23:45:00,3.8
1324,2023-01-15 00:00:00,3.8
1325,2023-01-15 00:15:00,3.8
1326,2023-01-15 00:30:00,3.8
1327,2023-01-15 00:45:00,3.8
1328,2023-01-15 01:00:00,3.8
1329,2023-01-15 01:15:00,3.8
1330,2023-01-15 01:30:00,3.8
1331,2023-01-15 01:45:00,3.9
1332,2023-01-15 02:00:00,3.8
1333,2023-01-15 02:15:00,3.8
1334,2023-01-15 02:30:00,3.8
1335,2023-01-15 02:45:00,3.7
1336,2023-01-15 03:00:00,3.8
1337,2023-01-15 03:15:00,3.8
1338,2023-01-15 03:30:00,3.8
1339,2023-01-15 03:45:00,3.8
1340,2023-01-15 04:00:00,3.8
1341,2023-01-15 04:15:00,3.8
1342,2023-01-15 04:30:00,3.8
1343,2023-01-15 04:45:00,3.8
1344,2023-01-15 05:00:00,3.8
1345,2023-01-15 05:15:00,3.8
1346,2023-01-15 05:30:00,3.8
1347,2023-01-15 05:45:00,3.8
1348,2023-01-15 06:00:00,3.8
1349,2023-01-15 06:15:00,3.8
1350,2023-01-15 06:30:00,3.7
1351,2023-01-15 06:45:00,3.8
1352,2023-01-15 07:00:00,3.8
1353,2023-01-15 07:15:00,3.8
1354,2023-01-15 07:30:00,3.8
1355,2023-01-15 07:45:00,3.8
1356,2023-01-15 08:00:00,3.8
1357,2023-01-15 08:15:00,3.8
1358,2023-01-15 08:30:00,3.8
1359,2023-01-15 08:45:00,3.8
1360,2023-01-15 09:00:00,3.8
1361,2023-01-15 09:15:00,3.8
1362,2023-01-15 09:30:00,3.8
1363,2023-01-15 09:45:00,3.8
1364,2023-01-15 10:00:00,3.8
1365,2023-01-15 10:15:00,3.7
1366,2023-01-15 10:30:00,3.8
1367,2023-01-15 10:45:00,3.8
1368,2023-01-15 11:00:00,3.8
1369,2023-01-15 11:15:00,3.9
1370,2023-01-15 11:30:00,3.7
1371,2023-01-15 11:45:00,3.7
1372,2023-01-15 12:00:00,3.7
1373,2023-01-15 12:15:00,3.7
1374,2023-01-15 12:30:00,3.7
1375,2023-01-15 12:45:00,0.9
1376,2023-01-15 13:00:00,0.9
1377,2023-01-15 13:15:00,0.9
1378,2023-01-15 13:30:00,0.9
1379,2023-01-15 13:45:00,0.9
1380,2023-01-15 14:00:00,0.9
1381,2023-01-15 14:15:00,0.9
1382,2023-01-15 14:30:00,1.0
1383,2023-01-15 14:45:00,0.9
1384,2023-01-15 15:00:00,0.9
1385,2023-01-15 15:15:00,0.9
1386,2023-01-15 15:30:00,0.9
1387,2023-01-15 15:45:00,0.9
1388,2023-01-15 16:00:00,0.9
1389,2023-01-15 16:15:00,0.9
1390,2023-01-15 16:30:00,0.9
1391,2023-01-15 16:45:00,0.9
1392,2023-01-15 17:00:00,0.9
1393,2023-01-15 17:15:00,0.8
1394,2023-01-15 17:30:00,0.9
1395,2023-01-15 17:45:00,1.4
1396,2023-01-15 18:00:00,1.4
1397,2023-01-15 18:15:00,0.8
1398,2023-01-15 18:30:00,0.9
1399,2023-01-15 18:45:00,0.8
1400,2023-01-15 19:00:00,0.9
1401,2023-01-15 19:15:00,0.9
1402,2023-01-15 19:30:00,0.8
1403,2023-01-15 19:45:00,0.8
1404,2023-01-15 20:00:00,0.8
1405,2023-01-15 20:15:00,0.8
1406,2023-01-15 20:30:00,0.8
1407,2023-01-15 20:45:00,0.8
1408,2023-01-15 21:00:00,0.8
1409,2023-01-15 21:15:00,0.8
1410,2023-01-15 21:30:00,0.9
1411,2023-01-15 21:45:00,0.9
1412,2023-01-15 22:00:00,1.4
1413,2023-01-15 22:15:00,3.9
1414,2023-01-15 22:30:00,3.8
1415,2023-01-15 22:45:00,3.8
1416,2023-01-15 23:00:00,3.8
1417,2023-01-15 23:15:00,3.8
1418,2023-01-15 23:30:00,3.8
1419,2023-01-15 23:45:00,3.8
1420,2023-01-16 00:00:00,3.8
1421,2023-01-16 00:15:00,3.8
1422,2023-01-16 00:30:00,3.8
1423,2023-01-16 00:45:00,3.8
1424,2023-01-16 01:00:00,3.8
1425,2023-01-16 01:15:00,3.8
1426,2023-01-16 01:30:00,3.8
1427,2023-01-16 01:45:00,3.8
1428,2023-01-16 02:00:00,3.8
1429,2023-01-16 02:15:00,3.7
1430,2023-01-16 02:30:00,3.8
1431,2023-01-16 02:45:00,3.8
1432,2023-01-16 03:00:00,3.7
1433,2023-01-16 03:15:00,3.7
1434,2023-01-16 03:30:00,3.7
1435,2023-01-16 03:45:00,3.7
1436,2023-01-16 04:00:00,3.7
1437,2023-01-16 04:15:00,3.7
1438,2023-01-16 04:30:00,3.7
1439,2023-01-16 04:45:00,3.7
1440,2023-01-16 05:00:00,3.7
1441,2023-01-16 05:15:00,3.7
1442,2023-01-16 05:30:00,3.8
1443,2023-01-16 05:45:00,3.7
1444,2023-01-16 06:00:00,3.7
1445,2023-01-16 06:15:00,3.8
1446,2023-01-16 06:30:00,3.8
1447,2023-01-16 06:45:00,3.8
1448,2023-01-16 07:00:00,3.8
1449,2023-01-16 07:15:00,3.8
1450,2023-01-16 07:30:00,3.7
1451,2023-01-16 07:45:00,3.7
1452,2023-01-16 08:00:00,3.7
1453,2023-01-16 08:15:00,3.7
1454,2023-01-16 08:30:00,3.8
1455,2023-01-16 08:45:00,3.7
1456,2023-01-16 09:00:00,3.7
1457,2023-01-16 09:15:00,3.8
1458,2023-01-16 09:30:00,3.7
1459,2023-01-16 09:45:00,3.7
1460,2023-01-16 10:00:00,3.7
1461,2023-01-16 10:15:00,3.7
1462,2023-01-16 10:30:00,3.7
1463,2023-01-16 10:45:00,3.7
1464,2023-01-16 11:00:00,3.7
1465,2023-01-16 11:15:00,3.7
1466,2023-01-16 11:30:00,3.8
1467,2023-01-16 11:45:00,3.8
1468,2023-01-16 12:00:00,3.7
1469,2023-01-16 12:15:00,3.7
1470,2023-01-16 12:30:00,3.8
1471,2023-01-16 12:45:00,0.9
1472,2023-01-16 13:00:00,0.9
1473,2023-01-16 13:15:00,0.9
1474,2023-01-16 13:30:00,0.9
1475,2023-01-16 13:45:00,0.9
1476,2023-01-16 14:00:00,0.8
1477,2023-01-16 14:15:00,0.8
1478,2023-01-16 14:30:00,0.8
1479,2023-01-16 14:45:00,0.9
1480,2023-01-16 15:00:00,0.8
1481,2023-01-16 15:15:00,1.0
1482,2023-01-16 15:30:00,0.8
1483,2023-01-16 15:45:00,0.8
1484,2023-01-16 16:00:00,0.8
1485,2023-01-16 16:15:00,0.8
1486,2023-01-16 16:30:00,0.8
1487,2023-01-16 16:45:00,0.9
1488,2023-01-16 17:00:00,0.8
1489,2023-01-16 17:15:00,0.8
1490,2023-01-16 17:30:00,0.9
1491,2023-01-16 17:45:00,0.8
1492,2023-01-16 18:00:00,0.9
1493,2023-01-16 18:15:00,0.8
1494,2023-01-16 18:30:00,0.9
1495,2023-01-16 18:45:00,0.8
1496,2023-01-16 19:00:00,0.8
1497,2023-01-16 19:15:00,0.8
1498,2023-01-16 19:30:00,0.8
1499,2023-01-16 19:45:00,0.8
1500,2023-01-16 20:00:00,0.8
1501,2023-01-16 20:15:00,0.8
1502,2023-01-16 20:30:00,1.3
1503,2023-01-16 20:45:00,0.9
1504,2023-01-16 21:00:00,1.5
1505,2023-01-16 21:15:00,0.8
1506,2023-01-16 21:30:00,0.8
1507,2023-01-16 21:45:00,0.9
1508,2023-01-16 22:00:00,0.9
1509,2023-01-16 22:15:00,3.8
1510,2023-01-16 22:30:00,3.8
1511,2023-01-16 22:45:00,3.8
1512,2023-01-16 23:00:00,3.7
1513,2023-01-16 23:15:00,3.8
1514,2023-01-16 23:30:00,3.8
1515,2023-01-16 23:45:00,3.7
1516,2023-01-17 00:00:00,3.9
1517,2023-01-17 00:15:00,3.7
1518,2023-01-17 00:30:00,3.7
1519,2023-01-17 00:45:00,3.7
1520,2023-01-17 01:00:00,3.7
1521,2023-01-17 01:15:00,3.7
1522,2023-01-17 01:30:00,3.7
1523,2023-01-17 01:45:00,3.7
1524,2023-01-17 02:00:00,3.7
1525,2023-01-17 02:15:00,3.7
1526,2023-01-17 02:30:00,3.7
1527,2023-01-17 02:45:00,3.7
1528,2023-01-17 03:00:00,3.7
1529,2023-01-17 03:15:00,3.7
1530,2023-01-17 03:30:00,3.7
1531,2023-01-17 03:45:00,3.6
1532,2023-01-17 04:00:00,3.7
1533,2023-01-17 04:15:00,3.8
1534,2023-01-17 04:30:00,3.7
1535,2023-01-17 04:45:00,3.7
1536,2023-01-17 05:00:00,3.7
1537,2023-01-17 05:15:00,3.7
1538,2023-01-17 05:30:00,3.7
1539,2023-01-17 05:45:00,3.8
1540,2023-01-17 06:00:00,3.8
1541,2023-01-17 06:15:00,3.7
1542,2023-01-17 06:30:00,3.7
1543,2023-01-17 06:45:00,3.6
1544,2023-01-17 07:00:00,3.7
1545,2023-01-17 07:15:00,3.7
1546,2023-01-17 07:30:00,3.6
1547,2023-01-17 07:45:00,3.7
1548,2023-01-17 08:00:00,3.7
1549,2023-01-17 08:15:00,3.7
1550,2023-01-17 08:30:00,3.8
1551,2023-01-17 08:45:00,3.6
1552,2023-01-17 09:00:00,3.7
1553,2023-01-17 09:15:00,3.8
1554,2023-01-17 09:30:00,3.8
1555,2023-01-17 09:45:00,3.7
1556,2023-01-17 10:00:00,3.7
1557,2023-01-17 10:15:00,3.7
1558,2023-01-17 10:30:00,3.8
1559,2023-01-17 10:45:00,3.6
1560,2023-01-17 11:00:00,3.7
1561,2023-01-17 11:15:00,3.7
1562,2023-01-17 11:30:00,3.7
1563,2023-01-17 11:45:00,3.7
1564,2023-01-17 12:00:00,3.7
1565,2023-01-17 12:15:00,3.7
1566,2023-01-17 12:30:00,3.7
1567,2023-01-17 12:45:00,0.8
1568,2023-01-17 13:00:00,0.8
1569,2023-01-17 13:15:00,0.9
1570,2023-01-17 13:30:00,1.0
1571,2023-01-17 13:45:00,0.9
1572,2023-01-17 14:00:00,0.9
1573,2023-01-17 14:15:00,1.0
1574,2023-01-17 14:30:00,1.5
1575,2023-01-17 14:45:00,0.9
1576,2023-01-17 15:00:00,0.8
1577,2023-01-17 15:15:00,1.0
1578,2023-01-17 15:30:00,0.9
1579,2023-01-17 15:45:00,0.8
1580,2023-01-17 16:00:00,0.8
1581,2023-01-17 16:15:00,0.8
1582,2023-01-17 16:30:00,0.8
1583,2023-01-17 16:45:00,0.8
1584,2023-01-17 17:00:00,0.8
1585,2023-01-17 17:15:00,0.8
1586,2023-01-17 17:30:00,0.8
1587,2023-01-17 17:45:00,0.8
1588,2023-01-17 18:00:00,0.8
1589,2023-01-17 18:15:00,0.8
1590,2023-01-17 18:30:00,0.8
1591,2023-01-17 18:45:00,0.8
1592,2023-01-17 19:00:00,0.9
1593,2023-01-17 19:15:00,1.0
1594,2023-01-17 19:30:00,0.8
1595,2023-01-17 19:45:00,0.8
1596,2023-01-17 20:00:00,0.9
1597,2023-01-17 20:15:00,1.1
1598,2023-01-17 20:30:00,0.8
1599,2023-01-17 20:45:00,1.0
1600,2023-01-17 21:00:00,1.1
1601,2023-01-17 21:15:00,0.9
1602,2023-01-17 21:30:00,0.8
1603,2023-01-17 21:45:00,0.8
1604,2023-01-17 22:00:00,1.5
1605,2023-01-17 22:15:00,3.8
1606,2023-01-17 22:30:00,3.8
1607,2023-01-17 22:45:00,3.8
1608,2023-01-17 23:00:00,3.9
1609,2023-01-17 23:15:00,3.7
1610,2023-01-17 23:30:00,3.7
1611,2023-01-17 23:45:00,3.7
1612,2023-01-18 00:00:00,3.7
1613,2023-01-18 00:15:00,3.6
1614,2023-01-18 00:30:00,3.6
1615,2023-01-18 00:45:00,3.7
1616,2023-01-18 01:00:00,3.6
1617,2023-01-18 01:15:00,3.7
1618,2023-01-18 01:30:00,3.7
1619,2023-01-18 01:45:00,3.8
1620,2023-01-18 02:00:00,3.7
1621,2023-01-18 02:15:00,3.6
1622,2023-01-18 02:30:00,3.8
1623,2023-01-18 02:45:00,3.6
1624,2023-01-18 03:00:00,3.7
1625,2023-01-18 03:15:00,3.6
1626,2023-01-18 03:30:00,3.8
1627,2023-01-18 03:45:00,3.7
1628,2023-01-18 04:00:00,3.6
1629,2023-01-18 04:15:00,3.7
1630,2023-01-18 04:30:00,3.6
1631,2023-01-18 04:45:00,3.7
1632,2023-01-18 05:00:00,3.7
1633,2023-01-18 05:15:00,3.7
1634,2023-01-18 05:30:00,3.6
1635,2023-01-18 05:45:00,3.7
1636,2023-01-18 06:00:00,3.7
1637,2023-01-18 06:15:00,3.6
1638,2023-01-18 06:30:00,3.6
1639,2023-01-18 06:45:00,3.7
1640,2023-01-18 07:00:00,3.7
1641,2023-01-18 07:15:00,3.6
1642,2023-01-18 07:30:00,3.7
1643,2023-01-18 07:45:00,3.7
1644,2023-01-18 08:00:00,3.7
1645,2023-01-18 08:15:00,3.7
1646,2023-01-18 08:30:00,3.7
1647,2023-01-18 08:45:00,3.7
1648,2023-01-18 09:00:00,3.7
1649,2023-01-18 09:15:00,3.6
1650,2023-01-18 09:30:00,3.6
1651,2023-01-18 09:45:00,3.7
1652,2023-01-18 10:00:00,3.7
1653,2023-01-18 10:15:00,3.7
1654,2023-01-18 10:30:00,3.7
1655,2023-01-18 10:45:00,3.7
1656,2023-01-18 11:00:00,3.7
1657,2023-01-18 11:15:00,3.8
1658,2023-01-18 11:30:00,3.7
1659,2023-01-18 11:45:00,3.7
1660,2023-01-18 12:00:00,3.6
1661,2023-01-18 12:15:00,3.6
1662,2023-01-18 12:30:00,3.7
1663,2023-01-18 12:45:00,3.7
1664,2023-01-18 13:00:00,1.3
1665,2023-01-18 13:15:00,0.8
1666,2023-01-18 13:30:00,0.9
1667,2023-01-18 13:45:00,0.9
1668,2023-01-18 14:00:00,0.9
1669,2023-01-18 14:15:00,0.9
1670,2023-01-18 14:30:00,0.8
1671,2023-01-18 14:45:00,0.8
1672,2023-01-18 15:00:00,0.8
1673,2023-01-18 15:15:00,0.8
1674,2023-01-18 15:30:00,0.8
1675,2023-01-18 15:45:00,0.9
1676,2023-01-18 16:00:00,0.8
1677,2023-01-18 16:15:00,0.8
1678,2023-01-18 16:30:00,0.9
1679,2023-01-18 16:45:00,0.8
1680,2023-01-18 17:00:00,0.8
1681,2023-01-18 17:15:00,0.8
1682,2023-01-18 17:30:00,0.8
1683,2023-01-18 17:45:00,0.8
1684,2023-01-18 18:00:00,0.9
1685,2023-01-18 18:15:00,0.8
1686,2023-01-18 18:30:00,0.8
1687,2023-01-18 18:45:00,0.9
1688,2023-01-18 19:00:00,0.9
1689,2023-01-18 19:15:00,0.9
1690,2023-01-18 19:30:00,0.9
1691,2023-01-18 19:45:00,0.9
1692,2023-01-18 20:00:00,0.9
1693,2023-01-18 20:15:00,0.9
1694,2023-01-18 20:30:00,0.9
1695,2023-01-18 20:45:00,0.8
1696,2023-01-18 21:00:00,0.9
1697,2023-01-18 21:15:00,0.8
1698,2023-01-18 21:30:00,0.8
1699,2023-01-18 21:45:00,0.9
1700,2023-01-18 22:00:00,3.8
1701,2023-01-18 22:15:00,3.7
1702,2023-01-18 22:30:00,3.8
1703,2023-01-18 22:45:00,3.8
1704,2023-01-18 23:00:00,3.7
1705,2023-01-18 23:15:00,3.6
1706,2023-01-18 23:30:00,3.6
1707,2023-01-18 23:45:00,3.7
1708,2023-01-19 00:00:00,3.7
1709,2023-01-19 00:15:00,3.7
1710,2023-01-19 00:30:00,3.7
1711,2023-01-19 00:45:00,3.7
1712,2023-01-19 01:00:00,3.6
1713,2023-01-19 01:15:00,3.7
1714,2023-01-19 01:30:00,3.7
1715,2023-01-19 01:45:00,3.7
1716,2023-01-19 02:00:00,3.7
1717,2023-01-19 02:15:00,3.7
1718,2023-01-19 02:30:00,3.7
1719,2023-01-19 02:45:00,3.7
1720,2023-01-19 03:00:00,3.6
1721,2023-01-19 03:15:00,3.7
1722,2023-01-19 03:30:00,3.7
1723,2023-01-19 03:45:00,3.6
1724,2023-01-19 04:00:00,3.6
1725,2023-01-19 04:15:00,3.8
1726,2023-01-19 04:30:00,3.6
1727,2023-01-19 04:45:00,3.7
1728,2023-01-19 05:00:00,3.7
1729,2023-01-19 05:15:00,3.6
1730,2023-01-19 05:30:00,3.6
1731,2023-01-19 05:45:00,3.8
1732,2023-01-19 06:00:00,3.7
1733,2023-01-19 06:15:00,3.6
1734,2023-01-19 06:30:00,3.7
1735,2023-01-19 06:45:00,3.7
1736,2023-01-19 07:00:00,3.7
1737,2023-01-19 07:15:00,3.7
1738,2023-01-19 07:30:00,3.8
1739,2023-01-19 07:45:00,3.7
1740,2023-01-19 08:00:00,3.7
1741,2023-01-19 08:15:00,3.7
1742,2023-01-19 08:30:00,3.6
1743,2023-01-19 08:45:00,3.6
1744,2023-01-19 09:00:00,3.6
1745,2023-01-19 09:15:00,3.7
1746,2023-01-19 09:30:00,3.6
1747,2023-01-19 09:45:00,3.5
1748,2023-01-19 10:00:00,3.7
1749,2023-01-19 10:15:00,3.6
1750,2023-01-19 10:30:00,3.6
1751,2023-01-19 10:45:00,3.6
1752,2023-01-19 11:00:00,3.7
1753,2023-01-19 11:15:00,3.7
1754,2023-01-19 11:30:00,3.6
1755,2023-01-19 11:45:00,3.6
1756,2023-01-19 12:00:00,3.7
1757,2023-01-19 12:15:00,3.6
1758,2023-01-19 12:30:00,3.6
1759,2023-01-19 12:45:00,3.7
1760,2023-01-19 13:00:00,0.8
1761,2023-01-19 13:15:00,0.8
1762,2023-01-19 13:30:00,0.8
1763,2023-01-19 13:45:00,0.9
1764,2023-01-19 14:00:00,0.8
1765,2023-01-19 14:15:00,0.8
1766,2023-01-19 14:30:00,0.9
1767,2023-01-19 14:45:00,0.9
1768,2023-01-19 15:00:00,0.9
1769,2023-01-19 15:15:00,0.8
1770,2023-01-19 15:30:00,0.8
1771,2023-01-19 15:45:00,0.9
1772,2023-01-19 16:00:00,0.9
1773,2023-01-19 16:15:00,0.9
1774,2023-01-19 16:30:00,0.8
1775,2023-01-19 16:45:00,0.9
1776,2023-01-19 17:00:00,0.9
1777,2023-01-19 17:15:00,0.9
1778,2023-01-19 17:30:00,0.9
1779,2023-01-19 17:45:00,0.8
1780,2023-01-19 18:00:00,0.9
1781,2023-01-19 18:15:00,0.9
1782,2023-01-19 18:30:00,1.0
1783,2023-01-19 18:45:00,1.0
1784,2023-01-19 19:00:00,0.9
1785,2023-01-19 19:15:00,0.9
1786,2023-01-19 19:30:00,0.9
1787,2023-01-19 19:45:00,0.9
1788,2023-01-19 20:00:00,0.9
1789,2023-01-19 20:15:00,0.9
1790,2023-01-19 20:30:00,0.9
1791,2023-01-19 20:45:00,0.9
1792,2023-01-19 21:00:00,0.8
1793,2023-01-19 21:15:00,0.9
1794,2023-01-19 21:30:00,0.9
1795,2023-01-19 21:45:00,0.8
1796,2023-01-19 22:00:00,3.8
1797,2023-01-19 22:15:00,3.8
1798,2023-01-19 22:30:00,16.0
1799,2023-01-19 22:45:00,15.9
1800,2023-01-19 23:00:00,15.8
1801,2023-01-19 23:15:00,15.8
1802,2023-01-19 23:30:00,15.8
1803,2023-01-19 23:45:00,15.8
1804,2023-01-20 00:00:00,15.7
1805,2023-01-20 00:15:00,15.8
1806,2023-01-20 00:30:00,15.8
1807,2023-01-20 00:45:00,3.7
1808,2023-01-20 01:00:00,3.7
1809,2023-01-20 01:15:00,3.7
1810,2023-01-20 01:30:00,3.7
1811,2023-01-20 01:45:00,3.7
1812,2023-01-20 02:00:00,3.6
1813,2023-01-20 02:15:00,3.7
1814,2023-01-20 02:30:00,3.7
1815,2023-01-20 02:45:00,3.7
1816,2023-01-20 03:00:00,3.6
1817,2023-01-20 03:15:00,3.7
1818,2023-01-20 03:30:00,3.7
1819,2023-01-20 03:45:00,3.8
1820,2023-01-20 04:00:00,3.7
1821,2023-01-20 04:15:00,3.7
1822,2023-01-20 04:30:00,3.7
1823,2023-01-20 04:45:00,3.7
1824,2023-01-20 05:00:00,3.7
1825,2023-01-20 05:15:00,3.7
1826,2023-01-20 05:30:00,3.7
1827,2023-01-20 05:45:00,3.7
1828,2023-01-20 06:00:00,3.7
1829,2023-01-20 06:15:00,3.7
1830,2023-01-20 06:30:00,3.6
1831,2023-01-20 06:45:00,3.7
1832,2023-01-20 07:00:00,3.9
1833,2023-01-20 07:15:00,3.6
1834,2023-01-20 07:30:00,3.6
1835,2023-01-20 07:45:00,3.6
1836,2023-01-20 08:00:00,3.7
1837,2023-01-20 08:15:00,3.6
1838,2023-01-20 08:30:00,3.7
1839,2023-01-20 08:45:00,3.6
1840,2023-01-20 09:00:00,3.6
1841,2023-01-20 09:15:00,3.7
1842,2023-01-20 09:30:00,3.6
1843,2023-01-20 09:45:00,3.7
1844,2023-01-20 10:00:00,3.7
1845,2023-01-20 10:15:00,3.7
1846,2023-01-20 10:30:00,3.6
1847,2023-01-20 10:45:00,3.6
1848,2023-01-20 11:00:00,3.6
1849,2023-01-20 11:15:00,3.7
1850,2023-01-20 11:30:00,3.7
1851,2023-01-20 11:45:00,3.7
1852,2023-01-20 12:00:00,3.7
1853,2023-01-20 12:15:00,3.6
1854,2023-01-20 12:30:00,3.9
1855,2023-01-20 12:45:00,3.7
1856,2023-01-20 13:00:00,0.9
1857,2023-01-20 13:15:00,0.9
1858,2023-01-20 13:30:00,0.9
1859,2023-01-20 13:45:00,0.9
1860,2023-01-20 14:00:00,0.8
1861,2023-01-20 14:15:00,0.9
1862,2023-01-20 14:30:00,0.8
1863,2023-01-20 14:45:00,0.8
1864,2023-01-20 15:00:00,0.8
1865,2023-01-20 15:15:00,0.8
1866,2023-01-20 15:30:00,0.8
1867,2023-01-20 15:45:00,0.8
1868,2023-01-20 16:00:00,0.8
1869,2023-01-20 16:15:00,0.9
1870,2023-01-20 16:30:00,0.8
1871,2023-01-20 16:45:00,0.9
1872,2023-01-20 17:00:00,0.9
1873,2023-01-20 17:15:00,0.8
1874,2023-01-20 17:30:00,0.9
1875,2023-01-20 17:45:00,0.8
1876,2023-01-20 18:00:00,1.0
1877,2023-01-20 18:15:00,0.8
1878,2023-01-20 18:30:00,0.8
1879,2023-01-20 18:45:00,0.9
1880,2023-01-20 19:00:00,0.8
1881,2023-01-20 19:15:00,0.9
1882,2023-01-20 19:30:00,0.9
1883,2023-01-20 19:45:00,0.9
1884,2023-01-20 20:00:00,0.9
1885,2023-01-20 20:15:00,1.0
1886,2023-01-20 20:30:00,0.9
1887,2023-01-20 20:45:00,3.5
1888,2023-01-20 21:00:00,13.2
1889,2023-01-20 21:15:00,13.1
1890,2023-01-20 21:30:00,13.6
1891,2023-01-20 21:45:00,13.6
1892,2023-01-20 22:00:00,15.9
1893,2023-01-20 22:15:00,15.8
1894,2023-01-20 22:30:00,15.7
1895,2023-01-20 22:45:00,15.7
1896,2023-01-20 23:00:00,3.7
1897,2023-01-20 23:15:00,3.7
1898,2023-01-20 23:30:00,3.6
1899,2023-01-20 23:45:00,3.7
1900,2023-01-21 00:00:00,3.6
1901,2023-01-21 00:15:00,3.7
1902,2023-01-21 00:30:00,3.6
1903,2023-01-21 00:45:00,3.6
1904,2023-01-21 01:00:00,3.7
1905,2023-01-21 01:15:00,3.7
1906,2023-01-21 01:30:00,3.6
1907,2023-01-21 01:45:00,3.6
1908,2023-01-21 02:00:00,3.7
1909,2023-01-21 02:15:00,3.7
1910,2023-01-21 02:30:00,3.7
1911,2023-01-21 02:45:00,3.6
1912,2023-01-21 03:00:00,3.7
1913,2023-01-21 03:15:00,3.6
1914,2023-01-21 03:30:00,3.7
1915,2023-01-21 03:45:00,3.7
1916,2023-01-21 04:00:00,3.8
1917,2023-01-21 04:15:00,3.7
1918,2023-01-21 04:30:00,3.8
1919,2023-01-21 04:45:00,3.6
1920,2023-01-21 05:00:00,3.8
1921,2023-01-21 05:15:00,3.7
1922,2023-01-21 05:30:00,3.7
1923,2023-01-21 05:45:00,3.7
1924,2023-01-21 06:00:00,3.7
1925,2023-01-21 06:15:00,3.6
1926,2023-01-21 06:30:00,3.7
1927,2023-01-21 06:45:00,3.7
1928,2023-01-21 07:00:00,3.6
1929,2023-01-21 07:15:00,3.7
1930,2023-01-21 07:30:00,3.7
1931,2023-01-21 07:45:00,3.7
1932,2023-01-21 08:00:00,3.7
1933,2023-01-21 08:15:00,3.8
1934,2023-01-21 08:30:00,3.7
1935,2023-01-21 08:45:00,3.7
1936,2023-01-21 09:00:00,3.7
1937,2023-01-21 09:15:00,3.6
1938,2023-01-21 09:30:00,3.7
1939,2023-01-21 09:45:00,3.7
1940,2023-01-21 10:00:00,3.6
1941,2023-01-21 10:15:00,3.7
1942,2023-01-21 10:30:00,3.7
1943,2023-01-21 10:45:00,3.7
1944,2023-01-21 11:00:00,3.7
1945,2023-01-21 11:15:00,3.6
1946,2023-01-21 11:30:00,3.7
1947,2023-01-21 11:45:00,3.9
1948,2023-01-21 12:00:00,3.7
1949,2023-01-21 12:15:00,3.7
1950,2023-01-21 12:30:00,3.6
1951,2023-01-21 12:45:00,3.7
1952,2023-01-21 13:00:00,0.9
1953,2023-01-21 13:15:00,0.9
1954,2023-01-21 13:30:00,0.9
1955,2023-01-21 13:45:00,0.9
1956,2023-01-21 14:00:00,0.9
1957,2023-01-21 14:15:00,0.9
1958,2023-01-21 14:30:00,0.9
1959,2023-01-21 14:45:00,0.9
1960,2023-01-21 15:00:00,0.9
1961,2023-01-21 15:15:00,0.9
1962,2023-01-21 15:30:00,0.9
1963,2023-01-21 15:45:00,0.9
1964,2023-01-21 16:00:00,0.9
1965,2023-01-21 16:15:00,0.8
1966,2023-01-21 16:30:00,0.9
1967,2023-01-21 16:45:00,0.9
1968,2023-01-21 17:00:00,1.4
1969,2023-01-21 17:15:00,0.8
1970,2023-01-21 17:30:00,0.9
1971,2023-01-21 17:45:00,0.8
1972,2023-01-21 18:00:00,0.8
1973,2023-01-21 18:15:00,0.8
1974,2023-01-21 18:30:00,0.8
1975,2023-01-21 18:45:00,0.8
1976,2023-01-21 19:00:00,0.8
1977,2023-01-21 19:15:00,0.8
1978,2023-01-21 19:30:00,0.9
1979,2023-01-21 19:45:00,0.8
1980,2023-01-21 20:00:00,0.8
1981,2023-01-21 20:15:00,1.3
1982,2023-01-21 20:30:00,0.9
1983,2023-01-21 20:45:00,0.9
1984,2023-01-21 21:00:00,0.8
1985,2023-01-21 21:15:00,0.8
1986,2023-01-21 21:30:00,0.9
1987,2023-01-21 21:45:00,0.8
1988,2023-01-21 22:00:00,2.6
1989,2023-01-21 22:15:00,3.8
1990,2023-01-21 22:30:00,3.7
1991,2023-01-21 22:45:00,3.6
1992,2023-01-21 23:00:00,3.8
1993,2023-01-21 23:15:00,3.7
1994,2023-01-21 23:30:00,3.7
1995,2023-01-21 23:45:00,3.6
1996,2023-01-22 00:00:00,3.8
1997,2023-01-22 00:15:00,3.7
1998,2023-01-22 00:30:00,3.6
1999,2023-01-22 00:45:00,3.7
2000,2023-01-22 01:00:00,3.8
2001,2023-01-22 01:15:00,3.6
2002,2023-01-22 01:30:00,3.6
2003,2023-01-22 01:45:00,3.6
2004,2023-01-22 02:00:00,3.7
2005,2023-01-22 02:15:00,3.5
2006,2023-01-22 02:30:00,3.7
2007,2023-01-22 02:45:00,3.6
2008,2023-01-22 03:00:00,3.6
2009,2023-01-22 03:15:00,3.6
2010,2023-01-22 03:30:00,3.6
2011,2023-01-22 03:45:00,3.6
2012,2023-01-22 04:00:00,3.7
2013,2023-01-22 04:15:00,3.7
2014,2023-01-22 04:30:00,3.6
2015,2023-01-22 04:45:00,3.7
2016,2023-01-22 05:00:00,3.6
2017,2023-01-22 05:15:00,3.6
2018,2023-01-22 05:30:00,3.7
2019,2023-01-22 05:45:00,3.7
2020,2023-01-22 06:00:00,3.7
2021,2023-01-22 06:15:00,3.7
2022,2023-01-22 06:30:00,3.5
2023,2023-01-22 06:45:00,3.6
2024,2023-01-22 07:00:00,3.5
2025,2023-01-22 07:15:00,3.6
2026,2023-01-22 07:30:00,3.7
2027,2023-01-22 07:45:00,3.6
2028,2023-01-22 08:00:00,3.6
2029,2023-01-22 08:15:00,3.6
2030,2023-01-22 08:30:00,3.6
2031,2023-01-22 08:45:00,3.7
2032,2023-01-22 09:00:00,3.6
2033,2023-01-22 09:15:00,3.6
2034,2023-01-22 09:30:00,3.7
2035,2023-01-22 09:45:00,3.6
2036,2023-01-22 10:00:00,3.6
2037,2023-01-22 10:15:00,3.7
2038,2023-01-22 10:30:00,3.6
2039,2023-01-22 10:45:00,3.6
2040,2023-01-22 11:00:00,3.7
2041,2023-01-22 11:15:00,3.7
2042,2023-01-22 11:30:00,3.6
2043,2023-01-22 11:45:00,3.6
2044,2023-01-22 12:00:00,3.7
2045,2023-01-22 12:15:00,3.7
2046,2023-01-22 12:30:00,3.6
2047,2023-01-22 12:45:00,0.9
2048,2023-01-22 13:00:00,0.9
2049,2023-01-22 13:15:00,0.9
2050,2023-01-22 13:30:00,0.9
2051,2023-01-22 13:45:00,0.8
2052,2023-01-22 14:00:00,0.8
2053,2023-01-22 14:15:00,0.8
2054,2023-01-22 14:30:00,0.8
2055,2023-01-22 14:45:00,0.8
2056,2023-01-22 15:00:00,0.8
2057,2023-01-22 15:15:00,0.8
2058,2023-01-22 15:30:00,0.8
2059,2023-01-22 15:45:00,0.8
2060,2023-01-22 16:00:00,0.8
2061,2023-01-22 16:15:00,0.8
2062,2023-01-22 16:30:00,0.8
2063,2023-01-22 16:45:00,0.8
2064,2023-01-22 17:00:00,0.8
2065,2023-01-22 17:15:00,0.8
2066,2023-01-22 17:30:00,0.8
2067,2023-01-22 17:45:00,0.8
2068,2023-01-22 18:00:00,0.8
2069,2023-01-22 18:15:00,0.8
2070,2023-01-22 18:30:00,0.8
2071,2023-01-22 18:45:00,0.8
2072,2023-01-22 19:00:00,0.8
2073,2023-01-22 19:15:00,0.8
2074,2023-01-22 19:30:00,0.8
2075,2023-01-22 19:45:00,0.8
2076,2023-01-22 20:00:00,0.8
2077,2023-01-22 20:15:00,1.0
2078,2023-01-22 20:30:00,0.9
2079,2023-01-22 20:45:00,0.9
2080,2023-01-22 21:00:00,0.9
2081,2023-01-22 21:15:00,1.0
2082,2023-01-22 21:30:00,0.8
2083,2023-01-22 21:45:00,1.4
2084,2023-01-22 22:00:00,3.8
2085,2023-01-22 22:15:00,3.6
2086,2023-01-22 22:30:00,3.7
2087,2023-01-22 22:45:00,3.6
2088,2023-01-22 23:00:00,3.7
2089,2023-01-22 23:15:00,3.6
2090,2023-01-22 23:30:00,3.8
2091,2023-01-22 23:45:00,3.6
2092,2023-01-23 00:00:00,3.7
2093,2023-01-23 00:15:00,3.6
2094,2023-01-23 00:30:00,3.7
2095,2023-01-23 00:45:00,3.6
2096,2023-01-23 01:00:00,3.7
2097,2023-01-23 01:15:00,3.6
2098,2023-01-23 01:30:00,3.6
2099,2023-01-23 01:45:00,3.7
2100,2023-01-23 02:00:00,3.7
2101,2023-01-23 02:15:00,3.6
2102,2023-01-23 02:30:00,3.6
2103,2023-01-23 02:45:00,3.7
2104,2023-01-23 03:00:00,3.7
2105,2023-01-23 03:15:00,3.6
2106,2023-01-23 03:30:00,3.6
2107,2023-01-23 03:45:00,3.7
2108,2023-01-23 04:00:00,3.5
2109,2023-01-23 04:15:00,3.6
2110,2023-01-23 04:30:00,3.6
2111,2023-01-23 04:45:00,3.7
2112,2023-01-23 05:00:00,3.6
2113,2023-01-23 05:15:00,3.6
2114,2023-01-23 05:30:00,3.6
2115,2023-01-23 05:45:00,3.7
2116,2023-01-23 06:00:00,3.8
2117,2023-01-23 06:15:00,3.6
2118,2023-01-23 06:30:00,3.6
2119,2023-01-23 06:45:00,3.6
2120,2023-01-23 07:00:00,3.6
2121,2023-01-23 07:15:00,3.6
2122,2023-01-23 07:30:00,3.5
2123,2023-01-23 07:45:00,3.6
2124,2023-01-23 08:00:00,3.7
2125,2023-01-23 08:15:00,3.7
2126,2023-01-23 08:30:00,3.6
2127,2023-01-23 08:45:00,3.6
2128,2023-01-23 09:00:00,3.6
2129,2023-01-23 09:15:00,3.6
2130,2023-01-23 09:30:00,3.6
2131,2023-01-23 09:45:00,3.6
2132,2023-01-23 10:00:00,3.6
2133,2023-01-23 10:15:00,3.5
2134,2023-01-23 10:30:00,3.7
2135,2023-01-23 10:45:00,3.6
2136,2023-01-23 11:00:00,3.6
2137,2023-01-23 11:15:00,3.6
2138,2023-01-23 11:30:00,3.6
2139,2023-01-23 11:45:00,3.6
2140,2023-01-23 12:00:00,3.7
2141,2023-01-23 12:15:00,3.8
2142,2023-01-23 12:30:00,3.7
2143,2023-01-23 12:45:00,0.9
2144,2023-01-23 13:00:00,0.9
2145,2023-01-23 13:15:00,0.9
2146,2023-01-23 13:30:00,1.0
2147,2023-01-23 13:45:00,0.9
2148,2023-01-23 14:00:00,0.9
2149,2023-01-23 14:15:00,0.8
2150,2023-01-23 14:30:00,0.8
2151,2023-01-23 14:45:00,0.8
2152,2023-01-23 15:00:00,0.8
2153,2023-01-23 15:15:00,0.8
2154,2023-01-23 15:30:00,0.8
2155,2023-01-23 15:45:00,0.8
2156,2023-01-23 16:00:00,0.8
2157,2023-01-23 16:15:00,0.9
2158,2023-01-23 16:30:00,0.8
2159,2023-01-23 16:45:00,0.8
2160,2023-01-23 17:00:00,0.9
2161,2023-01-23 17:15:00,0.8
2162,2023-01-23 17:30:00,0.8
2163,2023-01-23 17:45:00,0.8
2164,2023-01-23 18:00:00,1.5
2165,2023-01-23 18:15:00,0.9
2166,2023-01-23 18:30:00,0.8
2167,2023-01-23 18:45:00,0.9
2168,2023-01-23 19:00:00,0.8
2169,2023-01-23 19:15:00,0.8
2170,2023-01-23 19:30:00,0.9
2171,2023-01-23 19:45:00,0.9
2172,2023-01-23 20:00:00,0.8
2173,2023-01-23 20:15:00,0.9
2174,2023-01-23 20:30:00,0.8
2175,2023-01-23 20:45:00,0.9
2176,2023-01-23 21:00:00,0.9
2177,2023-01-23 21:15:00,0.9
2178,2023-01-23 21:30:00,0.9
2179,2023-01-23 21:45:00,0.9
2180,2023-01-23 22:00:00,0.9
2181,2023-01-23 22:15:00,3.8
2182,2023-01-23 22:30:00,3.7
2183,2023-01-23 22:45:00,4.0
2184,2023-01-23 23:00:00,3.8
2185,2023-01-23 23:15:00,3.8
2186,2023-01-23 23:30:00,3.6
2187,2023-01-23 23:45:00,3.7
2188,2023-01-24 00:00:00,3.7
2189,2023-01-24 00:15:00,3.8
2190,2023-01-24 00:30:00,3.7
2191,2023-01-24 00:45:00,3.7
2192,2023-01-24 01:00:00,3.7
2193,2023-01-24 01:15:00,3.7
2194,2023-01-24 01:30:00,3.6
2195,2023-01-24 01:45:00,3.7
2196,2023-01-24 02:00:00,3.6
2197,2023-01-24 02:15:00,3.7
2198,2023-01-24 02:30:00,3.6
2199,2023-01-24 02:45:00,3.7
2200,2023-01-24 03:00:00,3.7
2201,2023-01-24 03:15:00,3.6
2202,2023-01-24 03:30:00,3.7
2203,2023-01-24 03:45:00,3.6
2204,2023-01-24 04:00:00,3.6
2205,2023-01-24 04:15:00,3.6
2206,2023-01-24 04:30:00,3.7
2207,2023-01-24 04:45:00,3.7
2208,2023-01-24 05:00:00,3.6
2209,2023-01-24 05:15:00,3.6
2210,2023-01-24 05:30:00,3.7
2211,2023-01-24 05:45:00,3.6
2212,2023-01-24 06:00:00,3.5
2213,2023-01-24 06:15:00,3.7
2214,2023-01-24 06:30:00,3.7
2215,2023-01-24 06:45:00,3.6
2216,2023-01-24 07:00:00,3.6
2217,2023-01-24 07:15:00,3.7
2218,2023-01-24 07:30:00,3.7
2219,2023-01-24 07:45:00,3.7
2220,2023-01-24 08:00:00,3.7
2221,2023-01-24 08:15:00,3.7
2222,2023-01-24 08:30:00,3.7
2223,2023-01-24 08:45:00,3.7
2224,2023-01-24 09:00:00,3.7
2225,2023-01-24 09:15:00,3.7
2226,2023-01-24 09:30:00,3.6
2227,2023-01-24 09:45:00,3.6
2228,2023-01-24 10:00:00,3.6
2229,2023-01-24 10:15:00,5.4
2230,2023-01-24 10:30:00,3.7
2231,2023-01-24 10:45:00,3.6
2232,2023-01-24 11:00:00,3.6
2233,2023-01-24 11:15:00,3.7
2234,2023-01-24 11:30:00,3.6
2235,2023-01-24 11:45:00,3.6
2236,2023-01-24 12:00:00,3.5
2237,2023-01-24 12:15:00,3.7
2238,2023-01-24 12:30:00,3.7
2239,2023-01-24 12:45:00,0.8
2240,2023-01-24 13:00:00,0.9
2241,2023-01-24 13:15:00,0.9
2242,2023-01-24 13:30:00,0.8
2243,2023-01-24 13:45:00,0.8
2244,2023-01-24 14:00:00,0.9
2245,2023-01-24 14:15:00,0.9
2246,2023-01-24 14:30:00,1.0
2247,2023-01-24 14:45:00,0.8
2248,2023-01-24 15:00:00,0.8
2249,2023-01-24 15:15:00,0.8
2250,2023-01-24 15:30:00,0.8
2251,2023-01-24 15:45:00,0.8
2252,2023-01-24 16:00:00,0.8
2253,2023-01-24 16:15:00,0.9
2254,2023-01-24 16:30:00,0.9
2255,2023-01-24 16:45:00,0.9
2256,2023-01-24 17:00:00,0.8
2257,2023-01-24 17:15:00,1.4
2258,2023-01-24 17:30:00,0.8
2259,2023-01-24 17:45:00,0.8
2260,2023-01-24 18:00:00,0.8
2261,2023-01-24 18:15:00,0.8
2262,2023-01-24 18:30:00,0.8
2263,2023-01-24 18:45:00,0.8
2264,2023-01-24 19:00:00,0.8
2265,2023-01-24 19:15:00,0.8
2266,2023-01-24 19:30:00,0.8
2267,2023-01-24 19:45:00,0.8
2268,2023-01-24 20:00:00,0.9
2269,2023-01-24 20:15:00,0.8
2270,2023-01-24 20:30:00,0.9
2271,2023-01-24 20:45:00,0.9
2272,2023-01-24 21:00:00,0.9
2273,2023-01-24 21:15:00,0.9
2274,2023-01-24 21:30:00,0.9
2275,2023-01-24 21:45:00,0.9
2276,2023-01-24 22:00:00,1.5
2277,2023-01-24 22:15:00,3.9
2278,2023-01-24 22:30:00,3.7
2279,2023-01-24 22:45:00,4.5
2280,2023-01-24 23:00:00,3.9
2281,2023-01-24 23:15:00,3.8
2282,2023-01-24 23:30:00,3.6
2283,2023-01-24 23:45:00,3.6
2284,2023-01-25 00:00:00,3.7
2285,2023-01-25 00:15:00,3.6
2286,2023-01-25 00:30:00,3.6
2287,2023-01-25 00:45:00,3.7
2288,2023-01-25 01:00:00,3.7
2289,2023-01-25 01:15:00,3.7
2290,2023-01-25 01:30:00,3.7
2291,2023-01-25 01:45:00,3.7
2292,2023-01-25 02:00:00,3.6
2293,2023-01-25 02:15:00,3.5
2294,2023-01-25 02:30:00,3.6
2295,2023-01-25 02:45:00,3.7
2296,2023-01-25 03:00:00,3.6
2297,2023-01-25 03:15:00,3.7
2298,2023-01-25 03:30:00,3.5
2299,2023-01-25 03:45:00,3.6
2300,2023-01-25 04:00:00,3.6
2301,2023-01-25 04:15:00,3.6
2302,2023-01-25 04:30:00,3.6
2303,2023-01-25 04:45:00,3.6
2304,2023-01-25 05:00:00,3.6
2305,2023-01-25 05:15:00,3.6
2306,2023-01-25 05:30:00,3.6
2307,2023-01-25 05:45:00,3.7
2308,2023-01-25 06:00:00,3.6
2309,2023-01-25 06:15:00,3.5
2310,2023-01-25 06:30:00,3.6
2311,2023-01-25 06:45:00,3.6
2312,2023-01-25 07:00:00,3.7
2313,2023-01-25 07:15:00,3.6
2314,2023-01-25 07:30:00,3.8
2315,2023-01-25 07:45:00,3.6
2316,2023-01-25 08:00:00,3.7
2317,2023-01-25 08:15:00,3.8
2318,2023-01-25 08:30:00,3.7
2319,2023-01-25 08:45:00,3.7
2320,2023-01-25 09:00:00,3.6
2321,2023-01-25 09:15:00,3.6
2322,2023-01-25 09:30:00,3.7
2323,2023-01-25 09:45:00,3.6
2324,2023-01-25 10:00:00,3.6
2325,2023-01-25 10:15:00,3.6
2326,2023-01-25 10:30:00,3.6
2327,2023-01-25 10:45:00,3.7
2328,2023-01-25 11:00:00,3.7
2329,2023-01-25 11:15:00,3.6
2330,2023-01-25 11:30:00,3.8
2331,2023-01-25 11:45:00,3.7
2332,2023-01-25 12:00:00,3.6
2333,2023-01-25 12:15:00,3.6
2334,2023-01-25 12:30:00,3.7
2335,2023-01-25 12:45:00,0.9
2336,2023-01-25 13:00:00,0.9
2337,2023-01-25 13:15:00,0.9
2338,2023-01-25 13:30:00,0.9
2339,2023-01-25 13:45:00,0.9
2340,2023-01-25 14:00:00,0.9
2341,2023-01-25 14:15:00,0.8
2342,2023-01-25 14:30:00,0.8
2343,2023-01-25 14:45:00,0.8
2344,2023-01-25 15:00:00,0.8
2345,2023-01-25 15:15:00,0.8
2346,2023-01-25 15:30:00,0.8
2347,2023-01-25 15:45:00,0.8
2348,2023-01-25 16:00:00,0.8
2349,2023-01-25 16:15:00,0.8
2350,2023-01-25 16:30:00,0.8
2351,2023-01-25 16:45:00,0.8
2352,2023-01-25 17:00:00,0.8
2353,2023-01-25 17:15:00,0.8
2354,2023-01-25 17:30:00,0.8
2355,2023-01-25 17:45:00,0.8
2356,2023-01-25 18:00:00,0.9
2357,2023-01-25 18:15:00,0.9
2358,2023-01-25 18:30:00,0.8
2359,2023-01-25 18:45:00,0.9
2360,2023-01-25 19:00:00,1.0
2361,2023-01-25 19:15:00,0.8
2362,2023-01-25 19:30:00,0.8
2363,2023-01-25 19:45:00,0.8
2364,2023-01-25 20:00:00,0.8
2365,2023-01-25 20:15:00,0.8
2366,2023-01-25 20:30:00,0.8
2367,2023-01-25 20:45:00,0.8
2368,2023-01-25 21:00:00,0.9
2369,2023-01-25 21:15:00,0.9
2370,2023-01-25 21:30:00,0.9
2371,2023-01-25 21:45:00,0.9
2372,2023-01-25 22:00:00,0.9
2373,2023-01-25 22:15:00,3.8
2374,2023-01-25 22:30:00,3.8
2375,2023-01-25 22:45:00,3.7
2376,2023-01-25 23:00:00,3.7
2377,2023-01-25 23:15:00,3.7
2378,2023-01-25 23:30:00,3.7
2379,2023-01-25 23:45:00,3.7
2380,2023-01-26 00:00:00,3.7
2381,2023-01-26 00:15:00,3.6
2382,2023-01-26 00:30:00,3.7
2383,2023-01-26 00:45:00,3.7
2384,2023-01-26 01:00:00,3.6
2385,2023-01-26 01:15:00,3.6
2386,2023-01-26 01:30:00,3.6
2387,2023-01-26 01:45:00,3.6
2388,2023-01-26 02:00:00,3.7
2389,2023-01-26 02:15:00,3.6
2390,2023-01-26 02:30:00,3.6
2391,2023-01-26 02:45:00,3.6
2392,2023-01-26 03:00:00,3.7
2393,2023-01-26 03:15:00,3.6
2394,2023-01-26 03:30:00,3.5
2395,2023-01-26 03:45:00,3.6
2396,2023-01-26 04:00:00,3.5
2397,2023-01-26 04:15:00,3.6
2398,2023-01-26 04:30:00,3.6
2399,2023-01-26 04:45:00,3.6
2400,2023-01-26 05:00:00,3.6
2401,2023-01-26 05:15:00,3.6
2402,2023-01-26 05:30:00,3.8
2403,2023-01-26 05:45:00,3.5
2404,2023-01-26 06:00:00,3.6
2405,2023-01-26 06:15:00,3.5
2406,2023-01-26 06:30:00,3.6
2407,2023-01-26 06:45:00,3.6
2408,2023-01-26 07:00:00,3.6
2409,2023-01-26 07:15:00,3.6
2410,2023-01-26 07:30:00,3.5
2411,2023-01-26 07:45:00,3.6
2412,2023-01-26 08:00:00,3.7
2413,2023-01-26 08:15:00,3.6
2414,2023-01-26 08:30:00,3.5
2415,2023-01-26 08:45:00,3.5
2416,2023-01-26 09:00:00,3.6
2417,2023-01-26 09:15:00,3.7
2418,2023-01-26 09:30:00,3.5
2419,2023-01-26 09:45:00,3.5
2420,2023-01-26 10:00:00,3.7
2421,2023-01-26 10:15:00,3.7
2422,2023-01-26 10:30:00,3.6
2423,2023-01-26 10:45:00,3.7
2424,2023-01-26 11:00:00,3.5
2425,2023-01-26 11:15:00,3.5
2426,2023-01-26 11:30:00,3.5
2427,2023-01-26 11:45:00,3.5
2428,2023-01-26 12:00:00,3.6
2429,2023-01-26 12:15:00,3.7
2430,2023-01-26 12:30:00,3.6
2431,2023-01-26 12:45:00,0.9
2432,2023-01-26 13:00:00,0.9
2433,2023-01-26 13:15:00,0.9
2434,2023-01-26 13:30:00,0.9
2435,2023-01-26 13:45:00,0.9
2436,2023-01-26 14:00:00,0.8
2437,2023-01-26 14:15:00,0.8
2438,2023-01-26 14:30:00,0.8
2439,2023-01-26 14:45:00,0.8
2440,2023-01-26 15:00:00,0.8
2441,2023-01-26 15:15:00,0.8
2442,2023-01-26 15:30:00,0.9
2443,2023-01-26 15:45:00,0.9
2444,2023-01-26 16:00:00,0.9
2445,2023-01-26 16:15:00,0.8
2446,2023-01-26 16:30:00,0.9
2447,2023-01-26 16:45:00,0.8
2448,2023-01-26 17:00:00,0.9
2449,2023-01-26 17:15:00,0.9
2450,2023-01-26 17:30:00,0.9
2451,2023-01-26 17:45:00,0.9
2452,2023-01-26 18:00:00,0.8
2453,2023-01-26 18:15:00,0.9
2454,2023-01-26 18:30:00,0.8
2455,2023-01-26 18:45:00,0.9
2456,2023-01-26 19:00:00,0.8
2457,2023-01-26 19:15:00,0.8
2458,2023-01-26 19:30:00,0.9
2459,2023-01-26 19:45:00,0.8
2460,2023-01-26 20:00:00,0.8
2461,2023-01-26 20:15:00,13.3
2462,2023-01-26 20:30:00,13.4
2463,2023-01-26 20:45:00,13.2
2464,2023-01-26 21:00:00,13.1
2465,2023-01-26 21:15:00,13.1
2466,2023-01-26 21:30:00,13.0
2467,2023-01-26 21:45:00,0.9
2468,2023-01-26 22:00:00,0.9
2469,2023-01-26 22:15:00,1.4
2470,2023-01-26 22:30:00,3.7
2471,2023-01-26 22:45:00,3.6
2472,2023-01-26 23:00:00,3.7
2473,2023-01-26 23:15:00,3.6
2474,2023-01-26 23:30:00,3.6
2475,2023-01-26 23:45:00,3.7
2476,2023-01-27 00:00:00,3.7
2477,2023-01-27 00:15:00,3.7
2478,2023-01-27 00:30:00,3.7
2479,2023-01-27 00:45:00,3.6
2480,2023-01-27 01:00:00,3.6
2481,2023-01-27 01:15:00,3.7
2482,2023-01-27 01:30:00,3.6
2483,2023-01-27 01:45:00,3.7
2484,2023-01-27 02:00:00,3.7
2485,2023-01-27 02:15:00,3.6
2486,2023-01-27 02:30:00,3.6
2487,2023-01-27 02:45:00,3.6
2488,2023-01-27 03:00:00,3.6
2489,2023-01-27 03:15:00,3.6
2490,2023-01-27 03:30:00,3.6
2491,2023-01-27 03:45:00,3.6
2492,2023-01-27 04:00:00,3.6
2493,2023-01-27 04:15:00,3.5
2494,2023-01-27 04:30:00,3.6
2495,2023-01-27 04:45:00,3.7
2496,2023-01-27 05:00:00,3.6
2497,2023-01-27 05:15:00,3.6
2498,2023-01-27 05:30:00,3.6
2499,2023-01-27 05:45:00,3.6
2500,2023-01-27 06:00:00,3.6
2501,2023-01-27 06:15:00,3.6
2502,2023-01-27 06:30:00,3.6
2503,2023-01-27 06:45:00,3.6
2504,2023-01-27 07:00:00,3.7
2505,2023-01-27 07:15:00,3.6
2506,2023-01-27 07:30:00,3.6
2507,2023-01-27 07:45:00,3.6
2508,2023-01-27 08:00:00,3.6
2509,2023-01-27 08:15:00,3.7
2510,2023-01-27 08:30:00,3.6
2511,2023-01-27 08:45:00,3.6
2512,2023-01-27 09:00:00,3.5
2513,2023-01-27 09:15:00,3.6
2514,2023-01-27 09:30:00,3.6
2515,2023-01-27 09:45:00,3.5
2516,2023-01-27 10:00:00,3.5
2517,2023-01-27 10:15:00,3.5
2518,2023-01-27 10:30:00,3.7
2519,2023-01-27 10:45:00,3.7
2520,2023-01-27 11:00:00,3.5
2521,2023-01-27 11:15:00,3.5
2522,2023-01-27 11:30:00,3.5
2523,2023-01-27 11:45:00,3.6
2524,2023-01-27 12:00:00,3.7
2525,2023-01-27 12:15:00,3.6
2526,2023-01-27 12:30:00,3.8
2527,2023-01-27 12:45:00,0.9
2528,2023-01-27 13:00:00,0.8
2529,2023-01-27 13:15:00,0.8
2530,2023-01-27 13:30:00,0.8
2531,2023-01-27 13:45:00,0.7
2532,2023-01-27 14:00:00,0.8
2533,2023-01-27 14:15:00,0.8
2534,2023-01-27 14:30:00,0.7
2535,2023-01-27 14:45:00,1.0
2536,2023-01-27 15:00:00,1.0
2537,2023-01-27 15:15:00,0.8
2538,2023-01-27 15:30:00,0.9
2539,2023-01-27 15:45:00,0.8
2540,2023-01-27 16:00:00,0.8
2541,2023-01-27 16:15:00,0.8
2542,2023-01-27 16:30:00,0.8
2543,2023-01-27 16:45:00,1.0
2544,2023-01-27 17:00:00,0.8
2545,2023-01-27 17:15:00,0.8
2546,2023-01-27 17:30:00,0.7
2547,2023-01-27 17:45:00,0.8
2548,2023-01-27 18:00:00,0.9
2549,2023-01-27 18:15:00,1.0
2550,2023-01-27 18:30:00,0.9
2551,2023-01-27 18:45:00,0.8
2552,2023-01-27 19:00:00,13.3
2553,2023-01-27 19:15:00,13.1
2554,2023-01-27 19:30:00,13.1
2555,2023-01-27 19:45:00,13.1
2556,2023-01-27 20:00:00,13.0
2557,2023-01-27 20:15:00,13.0
2558,2023-01-27 20:30:00,13.0
2559,2023-01-27 20:45:00,12.9
2560,2023-01-27 21:00:00,12.9
2561,2023-01-27 21:15:00,12.9
2562,2023-01-27 21:30:00,12.8
2563,2023-01-27 21:45:00,12.8
2564,2023-01-27 22:00:00,12.8
2565,2023-01-27 22:15:00,12.8
2566,2023-01-27 22:30:00,3.7
2567,2023-01-27 22:45:00,3.7
2568,2023-01-27 23:00:00,3.7
2569,2023-01-27 23:15:00,3.7
2570,2023-01-27 23:30:00,3.8
2571,2023-01-27 23:45:00,3.8
2572,2023-01-28 00:00:00,3.7
2573,2023-01-28 00:15:00,3.6
2574,2023-01-28 00:30:00,3.6
2575,2023-01-28 00:45:00,3.6
2576,2023-01-28 01:00:00,3.6
2577,2023-01-28 01:15:00,3.7
2578,2023-01-28 01:30:00,3.7
2579,2023-01-28 01:45:00,3.6
2580,2023-01-28 02:00:00,3.6
2581,2023-01-28 02:15:00,3.6
2582,2023-01-28 02:30:00,3.6
2583,2023-01-28 02:45:00,3.6
2584,2023-01-28 03:00:00,3.7
2585,2023-01-28 03:15:00,3.7
2586,2023-01-28 03:30:00,3.6
2587,2023-01-28 03:45:00,3.6
2588,2023-01-28 04:00:00,3.6
2589,2023-01-28 04:15:00,3.6
2590,2023-01-28 04:30:00,3.6
2591,2023-01-28 04:45:00,3.5
2592,2023-01-28 05:00:00,3.6
2593,2023-01-28 05:15:00,3.5
2594,2023-01-28 05:30:00,3.6
2595,2023-01-28 05:45:00,3.7
2596,2023-01-28 06:00:00,3.7
2597,2023-01-28 06:15:00,3.7
2598,2023-01-28 06:30:00,3.6
2599,2023-01-28 06:45:00,3.5
2600,2023-01-28 07:00:00,3.6
2601,2023-01-28 07:15:00,3.6
2602,2023-01-28 07:30:00,3.5
2603,2023-01-28 07:45:00,3.5
2604,2023-01-28 08:00:00,3.6
2605,2023-01-28 08:15:00,3.6
2606,2023-01-28 08:30:00,3.7
2607,2023-01-28 08:45:00,3.6
2608,2023-01-28 09:00:00,3.7
2609,2023-01-28 09:15:00,3.5
2610,2023-01-28 09:30:00,3.6
2611,2023-01-28 09:45:00,3.5
2612,2023-01-28 10:00:00,3.5
2613,2023-01-28 10:15:00,3.5
2614,2023-01-28 10:30:00,3.5
2615,2023-01-28 10:45:00,3.5
2616,2023-01-28 11:00:00,3.6
2617,2023-01-28 11:15:00,3.6
2618,2023-01-28 11:30:00,3.6
2619,2023-01-28 11:45:00,3.6
2620,2023-01-28 12:00:00,3.6
2621,2023-01-28 12:15:00,3.7
2622,2023-01-28 12:30:00,3.1
2623,2023-01-28 12:45:00,0.8
2624,2023-01-28 13:00:00,0.8
2625,2023-01-28 13:15:00,0.9
2626,2023-01-28 13:30:00,0.9
2627,2023-01-28 13:45:00,0.9
2628,2023-01-28 14:00:00,0.8
2629,2023-01-28 14:15:00,0.9
2630,2023-01-28 14:30:00,0.9
2631,2023-01-28 14:45:00,1.0
2632,2023-01-28 15:00:00,0.9
2633,2023-01-28 15:15:00,1.0
2634,2023-01-28 15:30:00,0.8
2635,2023-01-28 15:45:00,0.9
2636,2023-01-28 16:00:00,0.8
2637,2023-01-28 16:15:00,0.8
2638,2023-01-28 16:30:00,1.4
2639,2023-01-28 16:45:00,0.8
2640,2023-01-28 17:00:00,0.7
2641,2023-01-28 17:15:00,0.8
2642,2023-01-28 17:30:00,0.8
2643,2023-01-28 17:45:00,1.3
2644,2023-01-28 18:00:00,0.7
2645,2023-01-28 18:15:00,0.8
2646,2023-01-28 18:30:00,0.8
2647,2023-01-28 18:45:00,0.8
2648,2023-01-28 19:00:00,0.7
2649,2023-01-28 19:15:00,0.8
2650,2023-01-28 19:30:00,0.8
2651,2023-01-28 19:45:00,0.7
2652,2023-01-28 20:00:00,0.7
2653,2023-01-28 20:15:00,0.8
2654,2023-01-28 20:30:00,0.7
2655,2023-01-28 20:45:00,0.7
2656,2023-01-28 21:00:00,0.8
2657,2023-01-28 21:15:00,0.7
2658,2023-01-28 21:30:00,0.7
2659,2023-01-28 21:45:00,0.8
2660,2023-01-28 22:00:00,0.8
2661,2023-01-28 22:15:00,0.8
2662,2023-01-28 22:30:00,3.6
2663,2023-01-28 22:45:00,3.7
2664,2023-01-28 23:00:00,3.7
2665,2023-01-28 23:15:00,3.8
2666,2023-01-28 23:30:00,3.6
2667,2023-01-28 23:45:00,3.5
2668,2023-01-29 00:00:00,3.5
2669,2023-01-29 00:15:00,3.6
2670,2023-01-29 00:30:00,3.7
2671,2023-01-29 00:45:00,3.6
2672,2023-01-29 01:00:00,3.5
2673,2023-01-29 01:15:00,3.7
2674,2023-01-29 01:30:00,3.6
2675,2023-01-29 01:45:00,3.5
2676,2023-01-29 02:00:00,3.6
2677,2023-01-29 02:15:00,3.6
2678,2023-01-29 02:30:00,3.6
2679,2023-01-29 02:45:00,3.6
2680,2023-01-29 03:00:00,3.6
2681,2023-01-29 03:15:00,3.6
2682,2023-01-29 03:30:00,3.5
2683,2023-01-29 03:45:00,3.6
2684,2023-01-29 04:00:00,3.5
2685,2023-01-29 04:15:00,3.5
2686,2023-01-29 04:30:00,3.5
2687,2023-01-29 04:45:00,3.5
2688,2023-01-29 05:00:00,3.6
2689,2023-01-29 05:15:00,3.6
2690,2023-01-29 05:30:00,3.6
2691,2023-01-29 05:45:00,3.6
2692,2023-01-29 06:00:00,3.6
2693,2023-01-29 06:15:00,3.7
2694,2023-01-29 06:30:00,3.5
2695,2023-01-29 06:45:00,3.5
2696,2023-01-29 07:00:00,3.5
2697,2023-01-29 07:15:00,3.5
2698,2023-01-29 07:30:00,3.6
2699,2023-01-29 07:45:00,3.5
2700,2023-01-29 08:00:00,3.5
2701,2023-01-29 08:15:00,3.6
2702,2023-01-29 08:30:00,3.6
2703,2023-01-29 08:45:00,3.5
2704,2023-01-29 09:00:00,3.5
2705,2023-01-29 09:15:00,3.6
2706,2023-01-29 09:30:00,3.5
2707,2023-01-29 09:45:00,3.5
2708,2023-01-29 10:00:00,3.6
2709,2023-01-29 10:15:00,3.5
2710,2023-01-29 10:30:00,3.5
2711,2023-01-29 10:45:00,3.7
2712,2023-01-29 11:00:00,4.3
2713,2023-01-29 11:15:00,3.5
2714,2023-01-29 11:30:00,3.5
2715,2023-01-29 11:45:00,3.6
2716,2023-01-29 12:00:00,3.5
2717,2023-01-29 12:15:00,3.5
2718,2023-01-29 12:30:00,3.5
2719,2023-01-29 12:45:00,0.8
2720,2023-01-29 13:00:00,0.8
2721,2023-01-29 13:15:00,0.9
2722,2023-01-29 13:30:00,0.8
2723,2023-01-29 13:45:00,0.8
2724,2023-01-29 14:00:00,0.9
2725,2023-01-29 14:15:00,0.8
2726,2023-01-29 14:30:00,0.7
2727,2023-01-29 14:45:00,0.8
2728,2023-01-29 15:00:00,0.8
2729,2023-01-29 15:15:00,0.8
2730,2023-01-29 15:30:00,0.8
2731,2023-01-29 15:45:00,0.9
2732,2023-01-29 16:00:00,0.8
2733,2023-01-29 16:15:00,0.8
2734,2023-01-29 16:30:00,0.8
2735,2023-01-29 16:45:00,0.8
2736,2023-01-29 17:00:00,0.8
2737,2023-01-29 17:15:00,0.8
2738,2023-01-29 17:30:00,0.9
2739,2023-01-29 17:45:00,0.8
2740,2023-01-29 18:00:00,0.9
2741,2023-01-29 18:15:00,1.0
2742,2023-01-29 18:30:00,0.8
2743,2023-01-29 18:45:00,0.9
2744,2023-01-29 19:00:00,0.8
2745,2023-01-29 19:15:00,0.9
2746,2023-01-29 19:30:00,0.8
2747,2023-01-29 19:45:00,0.9
2748,2023-01-29 20:00:00,0.9
2749,2023-01-29 20:15:00,0.9
2750,2023-01-29 20:30:00,0.9
2751,2023-01-29 20:45:00,0.8
2752,2023-01-29 21:00:00,0.8
2753,2023-01-29 21:15:00,0.8
2754,2023-01-29 21:30:00,0.9
2755,2023-01-29 21:45:00,0.8
2756,2023-01-29 22:00:00,1.3
2757,2023-01-29 22:15:00,3.7
2758,2023-01-29 22:30:00,3.7
2759,2023-01-29 22:45:00,3.5
2760,2023-01-29 23:00:00,3.6
2761,2023-01-29 23:15:00,3.6
2762,2023-01-29 23:30:00,3.6
2763,2023-01-29 23:45:00,3.6
2764,2023-01-30 00:00:00,3.6
2765,2023-01-30 00:15:00,3.6
2766,2023-01-30 00:30:00,3.6
2767,2023-01-30 00:45:00,3.6
2768,2023-01-30 01:00:00,3.6
2769,2023-01-30 01:15:00,3.5
2770,2023-01-30 01:30:00,3.6
2771,2023-01-30 01:45:00,3.6
2772,2023-01-30 02:00:00,3.6
2773,2023-01-30 02:15:00,3.6
2774,2023-01-30 02:30:00,3.6
2775,2023-01-30 02:45:00,3.6
2776,2023-01-30 03:00:00,3.6
2777,2023-01-30 03:15:00,3.7
2778,2023-01-30 03:30:00,3.7
2779,2023-01-30 03:45:00,3.7
2780,2023-01-30 04:00:00,3.7
2781,2023-01-30 04:15:00,3.6
2782,2023-01-30 04:30:00,3.6
2783,2023-01-30 04:45:00,3.6
2784,2023-01-30 05:00:00,3.6
2785,2023-01-30 05:15:00,3.6
2786,2023-01-30 05:30:00,3.6
2787,2023-01-30 05:45:00,3.6
2788,2023-01-30 06:00:00,3.6
2789,2023-01-30 06:15:00,3.6
2790,2023-01-30 06:30:00,3.6
2791,2023-01-30 06:45:00,3.6
2792,2023-01-30 07:00:00,3.7
2793,2023-01-30 07:15:00,3.7
2794,2023-01-30 07:30:00,3.7
2795,2023-01-30 07:45:00,3.7
2796,2023-01-30 08:00:00,3.6
2797,2023-01-30 08:15:00,3.7
2798,2023-01-30 08:30:00,3.8
2799,2023-01-30 08:45:00,3.5
2800,2023-01-30 09:00:00,3.6
2801,2023-01-30 09:15:00,3.6
2802,2023-01-30 09:30:00,3.6
2803,2023-01-30 09:45:00,3.5
2804,2023-01-30 10:00:00,3.5
2805,2023-01-30 10:15:00,3.6
2806,2023-01-30 10:30:00,3.5
2807,2023-01-30 10:45:00,3.6
2808,2023-01-30 11:00:00,3.5
2809,2023-01-30 11:15:00,3.6
2810,2023-01-30 11:30:00,3.6
2811,2023-01-30 11:45:00,3.7
2812,2023-01-30 12:00:00,3.7
2813,2023-01-30 12:15:00,3.6
2814,2023-01-30 12:30:00,3.6
2815,2023-01-30 12:45:00,0.9
2816,2023-01-30 13:00:00,0.9
2817,2023-01-30 13:15:00,0.9
2818,2023-01-30 13:30:00,0.9
2819,2023-01-30 13:45:00,0.9
2820,2023-01-30 14:00:00,0.8
2821,2023-01-30 14:15:00,0.8
2822,2023-01-30 14:30:00,0.8
2823,2023-01-30 14:45:00,0.8
2824,2023-01-30 15:00:00,0.8
2825,2023-01-30 15:15:00,0.8
2826,2023-01-30 15:30:00,0.7
2827,2023-01-30 15:45:00,0.8
2828,2023-01-30 16:00:00,0.8
2829,2023-01-30 16:15:00,0.7
2830,2023-01-30 16:30:00,0.8
2831,2023-01-30 16:45:00,1.5
2832,2023-01-30 17:00:00,0.8
2833,2023-01-30 17:15:00,0.8
2834,2023-01-30 17:30:00,0.9
2835,2023-01-30 17:45:00,0.8
2836,2023-01-30 18:00:00,0.8
2837,2023-01-30 18:15:00,0.8
2838,2023-01-30 18:30:00,1.0
2839,2023-01-30 18:45:00,0.8
2840,2023-01-30 19:00:00,0.8
2841,2023-01-30 19:15:00,0.8
2842,2023-01-30 19:30:00,0.8
2843,2023-01-30 19:45:00,0.9
2844,2023-01-30 20:00:00,13.5
2845,2023-01-30 20:15:00,13.1
2846,2023-01-30 20:30:00,13.1
2847,2023-01-30 20:45:00,13.0
2848,2023-01-30 21:00:00,13.0
2849,2023-01-30 21:15:00,12.9
2850,2023-01-30 21:30:00,12.9
2851,2023-01-30 21:45:00,13.0
2852,2023-01-30 22:00:00,13.1
2853,2023-01-30 22:15:00,14.9
2854,2023-01-30 22:30:00,15.6
2855,2023-01-30 22:45:00,15.7
2856,2023-01-30 23:00:00,15.6
2857,2023-01-30 23:15:00,15.5
2858,2023-01-30 23:30:00,15.6
2859,2023-01-30 23:45:00,15.6
2860,2023-01-31 00:00:00,3.6
2861,2023-01-31 00:15:00,3.7
2862,2023-01-31 00:30:00,3.6
2863,2023-01-31 00:45:00,3.6
2864,2023-01-31 01:00:00,3.6
2865,2023-01-31 01:15:00,3.6
2866,2023-01-31 01:30:00,3.6
2867,2023-01-31 01:45:00,3.7
2868,2023-01-31 02:00:00,3.7
2869,2023-01-31 02:15:00,3.7
2870,2023-01-31 02:30:00,3.7
2871,2023-01-31 02:45:00,3.6
2872,2023-01-31 03:00:00,3.6
2873,2023-01-31 03:15:00,3.5
2874,2023-01-31 03:30:00,3.6
2875,2023-01-31 03:45:00,3.6
2876,2023-01-31 04:00:00,3.5
2877,2023-01-31 04:15:00,3.6
2878,2023-01-31 04:30:00,3.6
2879,2023-01-31 04:45:00,3.5
2880,2023-01-31 05:00:00,3.7
2881,2023-01-31 05:15:00,3.6
2882,2023-01-31 05:30:00,3.5
2883,2023-01-31 05:45:00,3.5
2884,2023-01-31 06:00:00,3.6
2885,2023-01-31 06:15:00,3.5
2886,2023-01-31 06:30:00,3.6
2887,2023-01-31 06:45:00,3.7
2888,2023-01-31 07:00:00,3.5
2889,2023-01-31 07:15:00,3.6
2890,2023-01-31 07:30:00,3.7
2891,2023-01-31 07:45:00,3.6
2892,2023-01-31 08:00:00,3.7
2893,2023-01-31 08:15:00,3.6
2894,2023-01-31 08:30:00,3.6
2895,2023-01-31 08:45:00,3.6
2896,2023-01-31 09:00:00,3.6
2897,2023-01-31 09:15:00,3.6
2898,2023-01-31 09:30:00,3.6
2899,2023-01-31 09:45:00,3.6
2900,2023-01-31 10:00:00,3.6
2901,2023-01-31 10:15:00,3.6
2902,2023-01-31 10:30:00,3.7
2903,2023-01-31 10:45:00,3.6
2904,2023-01-31 11:00:00,4.0
2905,2023-01-31 11:15:00,3.6
2906,2023-01-31 11:30:00,3.6
2907,2023-01-31 11:45:00,3.7
2908,2023-01-31 12:00:00,3.7
2909,2023-01-31 12:15:00,3.1
2910,2023-01-31 12:30:00,0.9
2911,2023-01-31 12:45:00,0.9
2912,2023-01-31 13:00:00,0.9
2913,2023-01-31 13:15:00,1.0
2914,2023-01-31 13:30:00,1.0
2915,2023-01-31 13:45:00,0.9
2916,2023-01-31 14:00:00,0.9
2917,2023-01-31 14:15:00,0.9
2918,2023-01-31 14:30:00,1.0
2919,2023-01-31 14:45:00,1.1
2920,2023-01-31 15:00:00,1.0
2921,2023-01-31 15:15:00,0.9
2922,2023-01-31 15:30:00,0.9
2923,2023-01-31 15:45:00,0.9
2924,2023-01-31 16:00:00,1.0
2925,2023-01-31 16:15:00,0.8
2926,2023-01-31 16:30:00,1.0
2927,2023-01-31 16:45:00,0.8
2928,2023-01-31 17:00:00,0.8
2929,2023-01-31 17:15:00,0.8
2930,2023-01-31 17:30:00,0.8
2931,2023-01-31 17:45:00,0.8
2932,2023-01-31 18:00:00,0.9
2933,2023-01-31 18:15:00,0.8
2934,2023-01-31 18:30:00,0.8
2935,2023-01-31 18:45:00,0.9
2936,2023-01-31 19:00:00,0.8
2937,2023-01-31 19:15:00,0.8
2938,2023-01-31 19:30:00,0.8
2939,2023-01-31 19:45:00,0.8
2940,2023-01-31 20:00:00,13.2
2941,2023-01-31 20:15:00,13.2
2942,2023-01-31 20:30:00,13.1
2943,2023-01-31 20:45:00,13.0
2944,2023-01-31 21:00:00,13.2
2945,2023-01-31 21:15:00,12.9
2946,2023-01-31 21:30:00,13.2
2947,2023-01-31 21:45:00,13.0
2948,2023-01-31 22:00:00,12.9
2949,2023-01-31 22:15:00,12.9
2950,2023-01-31 22:30:00,15.8
2951,2023-01-31 22:45:00,15.8
2952,2023-01-31 23:00:00,15.8
2953,2023-01-31 23:15:00,15.7
2954,2023-01-31 23:30:00,15.7
2955,2023-01-31 23:45:00,15.7
2956,2023-02-01 00:00:00,15.8
2957,2023-02-01 00:15:00,15.7
2958,2023-02-01 00:30:00,15.7
2959,2023-02-01 00:45:00,3.8
2960,2023-02-01 01:00:00,3.7
2961,2023-02-01 01:15:00,3.7
2962,2023-02-01 01:30:00,3.7
2963,2023-02-01 01:45:00,3.7
2964,2023-02-01 02:00:00,3.6
2965,2023-02-01 02:15:00,3.7
2966,2023-02-01 02:30:00,3.5
2967,2023-02-01 02:45:00,3.6
2968,2023-02-01 03:00:00,3.6
2969,2023-02-01 03:15:00,3.6
2970,2023-02-01 03:30:00,3.6
2971,2023-02-01 03:45:00,3.6
2972,2023-02-01 04:00:00,3.7
2973,2023-02-01 04:15:00,3.7
2974,2023-02-01 04:30:00,3.6
2975,2023-02-01 04:45:00,3.6
2976,2023-02-01 05:00:00,3.7
2977,2023-02-01 05:15:00,3.7
2978,2023-02-01 05:30:00,3.6
2979,2023-02-01 05:45:00,3.8
2980,2023-02-01 06:00:00,3.6
2981,2023-02-01 06:15:00,3.6
2982,2023-02-01 06:30:00,3.6
2983,2023-02-01 06:45:00,3.6
2984,2023-02-01 07:00:00,3.7
2985,2023-02-01 07:15:00,3.6
2986,2023-02-01 07:30:00,3.6
2987,2023-02-01 07:45:00,3.7
2988,2023-02-01 08:00:00,3.6
2989,2023-02-01 08:15:00,3.6
2990,2023-02-01 08:30:00,3.6
2991,2023-02-01 08:45:00,3.5
2992,2023-02-01 09:00:00,3.7
2993,2023-02-01 09:15:00,3.6
2994,2023-02-01 09:30:00,3.6
2995,2023-02-01 09:45:00,3.6
2996,2023-02-01 10:00:00,3.6
2997,2023-02-01 10:15:00,3.7
2998,2023-02-01 10:30:00,3.7
2999,2023-02-01 10:45:00,3.6
3000,2023-02-01 11:00:00,3.6
3001,2023-02-01 11:15:00,3.7
3002,2023-02-01 11:30:00,3.7
3003,2023-02-01 11:45:00,3.7
3004,2023-02-01 12:00:00,3.6
3005,2023-02-01 12:15:00,3.2
3006,2023-02-01 12:30:00,0.8
3007,2023-02-01 12:45:00,0.8
3008,2023-02-01 13:00:00,0.9
3009,2023-02-01 13:15:00,0.8
3010,2023-02-01 13:30:00,0.9
3011,2023-02-01 13:45:00,0.8
3012,2023-02-01 14:00:00,0.9
3013,2023-02-01 14:15:00,0.8
3014,2023-02-01 14:30:00,0.8
3015,2023-02-01 14:45:00,0.8
3016,2023-02-01 15:00:00,0.8
3017,2023-02-01 15:15:00,0.8
3018,2023-02-01 15:30:00,0.8
3019,2023-02-01 15:45:00,0.8
3020,2023-02-01 16:00:00,0.8
3021,2023-02-01 16:15:00,0.8
3022,2023-02-01 16:30:00,0.8
3023,2023-02-01 16:45:00,0.8
3024,2023-02-01 17:00:00,0.8
3025,2023-02-01 17:15:00,0.8
3026,2023-02-01 17:30:00,0.8
3027,2023-02-01 17:45:00,0.8
3028,2023-02-01 18:00:00,0.8
3029,2023-02-01 18:15:00,0.8
3030,2023-02-01 18:30:00,0.9
3031,2023-02-01 18:45:00,0.8
3032,2023-02-01 19:00:00,0.8
3033,2023-02-01 19:15:00,0.9
3034,2023-02-01 19:30:00,0.9
3035,2023-02-01 19:45:00,0.9
3036,2023-02-01 20:00:00,5.7
3037,2023-02-01 20:15:00,13.3
3038,2023-02-01 20:30:00,13.3
3039,2023-02-01 20:45:00,13.1
3040,2023-02-01 21:00:00,13.2
3041,2023-02-01 21:15:00,13.1
3042,2023-02-01 21:30:00,13.2
3043,2023-02-01 21:45:00,13.1
3044,2023-02-01 22:00:00,13.0
3045,2023-02-01 22:15:00,13.0
3046,2023-02-01 22:30:00,14.9
3047,2023-02-01 22:45:00,16.1
3048,2023-02-01 23:00:00,16.0
3049,2023-02-01 23:15:00,16.0
3050,2023-02-01 23:30:00,16.0
3051,2023-02-01 23:45:00,15.9
3052,2023-02-02 00:00:00,15.9
3053,2023-02-02 00:15:00,3.8
3054,2023-02-02 00:30:00,3.7
3055,2023-02-02 00:45:00,3.7
3056,2023-02-02 01:00:00,3.7
3057,2023-02-02 01:15:00,3.7
3058,2023-02-02 01:30:00,3.7
3059,2023-02-02 01:45:00,3.7
3060,2023-02-02 02:00:00,3.7
3061,2023-02-02 02:15:00,3.6
3062,2023-02-02 02:30:00,3.7
3063,2023-02-02 02:45:00,3.7
3064,2023-02-02 03:00:00,3.7
3065,2023-02-02 03:15:00,3.7
3066,2023-02-02 03:30:00,3.8
3067,2023-02-02 03:45:00,3.7
3068,2023-02-02 04:00:00,3.7
3069,2023-02-02 04:15:00,3.7
3070,2023-02-02 04:30:00,3.8
3071,2023-02-02 04:45:00,3.7
3072,2023-02-02 05:00:00,3.7
3073,2023-02-02 05:15:00,3.7
3074,2023-02-02 05:30:00,3.7
3075,2023-02-02 05:45:00,3.8
3076,2023-02-02 06:00:00,3.7
3077,2023-02-02 06:15:00,3.8
3078,2023-02-02 06:30:00,3.7
3079,2023-02-02 06:45:00,3.7
3080,2023-02-02 07:00:00,3.7
3081,2023-02-02 07:15:00,3.9
3082,2023-02-02 07:30:00,3.7
3083,2023-02-02 07:45:00,3.7
3084,2023-02-02 08:00:00,3.7
3085,2023-02-02 08:15:00,3.8
3086,2023-02-02 08:30:00,3.8
3087,2023-02-02 08:45:00,3.7
3088,2023-02-02 09:00:00,3.7
3089,2023-02-02 09:15:00,3.7
3090,2023-02-02 09:30:00,3.7
3091,2023-02-02 09:45:00,3.7
3092,2023-02-02 10:00:00,3.7
3093,2023-02-02 10:15:00,3.6
3094,2023-02-02 10:30:00,3.7
3095,2023-02-02 10:45:00,3.7
3096,2023-02-02 11:00:00,3.7
3097,2023-02-02 11:15:00,3.7
3098,2023-02-02 11:30:00,3.8
3099,2023-02-02 11:45:00,3.7
3100,2023-02-02 12:00:00,3.7
3101,2023-02-02 12:15:00,0.9
3102,2023-02-02 12:30:00,0.9
3103,2023-02-02 12:45:00,0.9
3104,2023-02-02 13:00:00,0.9
3105,2023-02-02 13:15:00,0.9
3106,2023-02-02 13:30:00,0.9
3107,2023-02-02 13:45:00,0.9
3108,2023-02-02 14:00:00,0.9
3109,2023-02-02 14:15:00,0.8
3110,2023-02-02 14:30:00,0.8
3111,2023-02-02 14:45:00,0.8
3112,2023-02-02 15:00:00,0.8
3113,2023-02-02 15:15:00,0.8
3114,2023-02-02 15:30:00,0.8
3115,2023-02-02 15:45:00,0.8
3116,2023-02-02 16:00:00,0.8
3117,2023-02-02 16:15:00,0.8
3118,2023-02-02 16:30:00,0.8
3119,2023-02-02 16:45:00,0.9
3120,2023-02-02 17:00:00,0.8
3121,2023-02-02 17:15:00,0.9
3122,2023-02-02 17:30:00,0.8
3123,2023-02-02 17:45:00,0.8
3124,2023-02-02 18:00:00,0.9
3125,2023-02-02 18:15:00,1.0
3126,2023-02-02 18:30:00,0.9
3127,2023-02-02 18:45:00,0.9
3128,2023-02-02 19:00:00,0.9
3129,2023-02-02 19:15:00,0.8
3130,2023-02-02 19:30:00,0.9
3131,2023-02-02 19:45:00,13.4
3132,2023-02-02 20:00:00,13.3
3133,2023-02-02 20:15:00,13.2
3134,2023-02-02 20:30:00,13.1
3135,2023-02-02 20:45:00,13.0
3136,2023-02-02 21:00:00,13.1
3137,2023-02-02 21:15:00,13.0
3138,2023-02-02 21:30:00,12.9
3139,2023-02-02 21:45:00,12.9
3140,2023-02-02 22:00:00,12.8
3141,2023-02-02 22:15:00,13.0
3142,2023-02-02 22:30:00,13.9
3143,2023-02-02 22:45:00,15.8
3144,2023-02-02 23:00:00,15.8
3145,2023-02-02 23:15:00,15.9
3146,2023-02-02 23:30:00,15.8
3147,2023-02-02 23:45:00,15.8
3148,2023-02-03 00:00:00,15.9
3149,2023-02-03 00:15:00,15.7
3150,2023-02-03 00:30:00,15.7
3151,2023-02-03 00:45:00,15.8
3152,2023-02-03 01:00:00,15.8
3153,2023-02-03 01:15:00,15.9
3154,2023-02-03 01:30:00,3.8
3155,2023-02-03 01:45:00,3.7
3156,2023-02-03 02:00:00,3.8
3157,2023-02-03 02:15:00,3.7
3158,2023-02-03 02:30:00,3.5
3159,2023-02-03 02:45:00,3.6
3160,2023-02-03 03:00:00,3.6
3161,2023-02-03 03:15:00,3.6
3162,2023-02-03 03:30:00,3.6
3163,2023-02-03 03:45:00,3.7
3164,2023-02-03 04:00:00,3.9
3165,2023-02-03 04:15:00,3.9
3166,2023-02-03 04:30:00,3.8
3167,2023-02-03 04:45:00,3.7
3168,2023-02-03 05:00:00,3.7
3169,2023-02-03 05:15:00,3.9
3170,2023-02-03 05:30:00,4.0
3171,2023-02-03 05:45:00,4.0
3172,2023-02-03 06:00:00,4.0
3173,2023-02-03 06:15:00,3.9
3174,2023-02-03 06:30:00,3.9
3175,2023-02-03 06:45:00,3.9
3176,2023-02-03 07:00:00,3.9
3177,2023-02-03 07:15:00,3.9
3178,2023-02-03 07:30:00,3.9
3179,2023-02-03 07:45:00,3.9
3180,2023-02-03 08:00:00,3.9
3181,2023-02-03 08:15:00,3.9
3182,2023-02-03 08:30:00,4.0
3183,2023-02-03 08:45:00,4.0
3184,2023-02-03 09:00:00,4.0
3185,2023-02-03 09:15:00,4.0
3186,2023-02-03 09:30:00,3.9
3187,2023-02-03 09:45:00,3.9
3188,2023-02-03 10:00:00,3.9
3189,2023-02-03 10:15:00,3.9
3190,2023-02-03 10:30:00,3.9
3191,2023-02-03 10:45:00,3.9
3192,2023-02-03 11:00:00,3.9
3193,2023-02-03 11:15:00,3.9
3194,2023-02-03 11:30:00,4.0
3195,2023-02-03 11:45:00,3.9
3196,2023-02-03 12:00:00,3.9
3197,2023-02-03 12:15:00,3.3
3198,2023-02-03 12:30:00,1.1
3199,2023-02-03 12:45:00,1.1
3200,2023-02-03 13:00:00,1.1
3201,2023-02-03 13:15:00,1.1
3202,2023-02-03 13:30:00,1.1
3203,2023-02-03 13:45:00,1.1
3204,2023-02-03 14:00:00,1.1
3205,2023-02-03 14:15:00,1.0
3206,2023-02-03 14:30:00,1.1
3207,2023-02-03 14:45:00,1.1
3208,2023-02-03 15:00:00,1.1
3209,2023-02-03 15:15:00,1.0
3210,2023-02-03 15:30:00,1.0
3211,2023-02-03 15:45:00,1.1
3212,2023-02-03 16:00:00,1.1
3213,2023-02-03 16:15:00,1.1
3214,2023-02-03 16:30:00,1.0
3215,2023-02-03 16:45:00,1.1
3216,2023-02-03 17:00:00,1.1
3217,2023-02-03 17:15:00,1.1
3218,2023-02-03 17:30:00,1.0
3219,2023-02-03 17:45:00,1.1
3220,2023-02-03 18:00:00,1.1
3221,2023-02-03 18:15:00,1.1
3222,2023-02-03 18:30:00,1.0
3223,2023-02-03 18:45:00,1.1
3224,2023-02-03 19:00:00,1.1
3225,2023-02-03 19:15:00,1.1
3226,2023-02-03 19:30:00,1.1
3227,2023-02-03 19:45:00,1.1
3228,2023-02-03 20:00:00,1.1
3229,2023-02-03 20:15:00,1.1
3230,2023-02-03 20:30:00,1.1
3231,2023-02-03 20:45:00,1.1
3232,2023-02-03 21:00:00,1.1
3233,2023-02-03 21:15:00,1.1
3234,2023-02-03 21:30:00,1.1
3235,2023-02-03 21:45:00,1.1
3236,2023-02-03 22:00:00,1.1
3237,2023-02-03 22:15:00,1.1
3238,2023-02-03 22:30:00,2.4
3239,2023-02-03 22:45:00,4.0
3240,2023-02-03 23:00:00,4.0
3241,2023-02-03 23:15:00,3.9
3242,2023-02-03 23:30:00,3.9
3243,2023-02-03 23:45:00,3.9
3244,2023-02-04 00:00:00,4.0
3245,2023-02-04 00:15:00,3.9
3246,2023-02-04 00:30:00,3.9
3247,2023-02-04 00:45:00,4.0
3248,2023-02-04 01:00:00,3.9
3249,2023-02-04 01:15:00,3.9
3250,2023-02-04 01:30:00,3.9
3251,2023-02-04 01:45:00,3.9
3252,2023-02-04 02:00:00,4.0
3253,2023-02-04 02:15:00,4.0
3254,2023-02-04 02:30:00,3.9
3255,2023-02-04 02:45:00,3.9
3256,2023-02-04 03:00:00,4.0
3257,2023-02-04 03:15:00,4.0
3258,2023-02-04 03:30:00,4.0
3259,2023-02-04 03:45:00,4.0
3260,2023-02-04 04:00:00,4.0
3261,2023-02-04 04:15:00,3.9
3262,2023-02-04 04:30:00,3.9
3263,2023-02-04 04:45:00,3.9
3264,2023-02-04 05:00:00,3.9
3265,2023-02-04 05:15:00,3.9
3266,2023-02-04 05:30:00,4.0
3267,2023-02-04 05:45:00,4.0
3268,2023-02-04 06:00:00,4.0
3269,2023-02-04 06:15:00,3.9
3270,2023-02-04 06:30:00,3.9
3271,2023-02-04 06:45:00,3.9
3272,2023-02-04 07:00:00,4.0
3273,2023-02-04 07:15:00,4.0
3274,2023-02-04 07:30:00,4.0
3275,2023-02-04 07:45:00,4.0
3276,2023-02-04 08:00:00,4.0
3277,2023-02-04 08:15:00,3.8
3278,2023-02-04 08:30:00,3.9
3279,2023-02-04 08:45:00,3.8
3280,2023-02-04 09:00:00,3.8
3281,2023-02-04 09:15:00,3.8
3282,2023-02-04 09:30:00,4.0
3283,2023-02-04 09:45:00,4.0
3284,2023-02-04 10:00:00,3.8
3285,2023-02-04 10:15:00,3.8
3286,2023-02-04 10:30:00,3.8
3287,2023-02-04 10:45:00,3.7
3288,2023-02-04 11:00:00,3.8
3289,2023-02-04 11:15:00,3.9
3290,2023-02-04 11:30:00,3.7
3291,2023-02-04 11:45:00,3.8
3292,2023-02-04 12:00:00,3.9
3293,2023-02-04 12:15:00,1.0
3294,2023-02-04 12:30:00,1.0
3295,2023-02-04 12:45:00,1.0
3296,2023-02-04 13:00:00,1.1
3297,2023-02-04 13:15:00,1.0
3298,2023-02-04 13:30:00,1.0
3299,2023-02-04 13:45:00,1.0
3300,2023-02-04 14:00:00,0.9
3301,2023-02-04 14:15:00,0.9
3302,2023-02-04 14:30:00,0.9
3303,2023-02-04 14:45:00,0.9
3304,2023-02-04 15:00:00,0.9
3305,2023-02-04 15:15:00,0.9
3306,2023-02-04 15:30:00,0.9
3307,2023-02-04 15:45:00,0.9
3308,2023-02-04 16:00:00,0.9
3309,2023-02-04 16:15:00,0.9
3310,2023-02-04 16:30:00,0.9
3311,2023-02-04 16:45:00,0.9
3312,2023-02-04 17:00:00,0.9
3313,2023-02-04 17:15:00,0.9
3314,2023-02-04 17:30:00,0.9
3315,2023-02-04 17:45:00,0.9
3316,2023-02-04 18:00:00,0.9
3317,2023-02-04 18:15:00,0.9
3318,2023-02-04 18:30:00,0.9
3319,2023-02-04 18:45:00,0.9
3320,2023-02-04 19:00:00,0.9
3321,2023-02-04 19:15:00,0.9
3322,2023-02-04 19:30:00,
3323,2023-02-04 19:45:00,
3324,2023-02-04 20:00:00,3.1
3325,2023-02-04 20:15:00,0.9
3326,2023-02-04 20:30:00,0.9
3327,2023-02-04 20:45:00,0.9
3328,2023-02-04 21:00:00,0.9
3329,2023-02-04 21:15:00,0.9
3330,2023-02-04 21:30:00,0.9
3331,2023-02-04 21:45:00,0.9
3332,2023-02-04 22:00:00,0.9
3333,2023-02-04 22:15:00,0.8
3334,2023-02-04 22:30:00,1.0
3335,2023-02-04 22:45:00,3.8
3336,2023-02-04 23:00:00,3.8
3337,2023-02-04 23:15:00,3.8
3338,2023-02-04 23:30:00,3.8
3339,2023-02-04 23:45:00,3.9
3340,2023-02-05 00:00:00,3.7
3341,2023-02-05 00:15:00,3.6
3342,2023-02-05 00:30:00,3.7
3343,2023-02-05 00:45:00,3.6
3344,2023-02-05 01:00:00,3.7
3345,2023-02-05 01:15:00,3.7
3346,2023-02-05 01:30:00,3.6
3347,2023-02-05 01:45:00,3.6
3348,2023-02-05 02:00:00,3.6
3349,2023-02-05 02:15:00,3.6
3350,2023-02-05 02:30:00,3.7
3351,2023-02-05 02:45:00,3.7
3352,2023-02-05 03:00:00,3.7
3353,2023-02-05 03:15:00,3.7
3354,2023-02-05 03:30:00,3.6
3355,2023-02-05 03:45:00,3.8
3356,2023-02-05 04:00:00,3.7
3357,2023-02-05 04:15:00,3.6
3358,2023-02-05 04:30:00,3.6
3359,2023-02-05 04:45:00,3.6
3360,2023-02-05 05:00:00,3.7
3361,2023-02-05 05:15:00,3.7
3362,2023-02-05 05:30:00,3.6
3363,2023-02-05 05:45:00,3.7
3364,2023-02-05 06:00:00,3.7
3365,2023-02-05 06:15:00,3.7
3366,2023-02-05 06:30:00,3.7
3367,2023-02-05 06:45:00,3.7
3368,2023-02-05 07:00:00,3.6
3369,2023-02-05 07:15:00,3.7
3370,2023-02-05 07:30:00,3.6
3371,2023-02-05 07:45:00,3.6
3372,2023-02-05 08:00:00,3.6
3373,2023-02-05 08:15:00,3.7
3374,2023-02-05 08:30:00,3.6
3375,2023-02-05 08:45:00,3.7
3376,2023-02-05 09:00:00,3.7
3377,2023-02-05 09:15:00,3.7
3378,2023-02-05 09:30:00,3.7
3379,2023-02-05 09:45:00,3.7
3380,2023-02-05 10:00:00,3.7
3381,2023-02-05 10:15:00,3.7
3382,2023-02-05 10:30:00,3.7
3383,2023-02-05 10:45:00,3.7
3384,2023-02-05 11:00:00,3.6
3385,2023-02-05 11:15:00,3.7
3386,2023-02-05 11:30:00,3.6
3387,2023-02-05 11:45:00,3.6
3388,2023-02-05 12:00:00,3.8
3389,2023-02-05 12:15:00,3.6
3390,2023-02-05 12:30:00,0.8
3391,2023-02-05 12:45:00,0.8
3392,2023-02-05 13:00:00,0.9
3393,2023-02-05 13:15:00,0.8
3394,2023-02-05 13:30:00,0.8
3395,2023-02-05 13:45:00,0.9
3396,2023-02-05 14:00:00,0.9
3397,2023-02-05 14:15:00,0.8
3398,2023-02-05 14:30:00,0.8
3399,2023-02-05 14:45:00,0.9
3400,2023-02-05 15:00:00,0.9
3401,2023-02-05 15:15:00,0.8
3402,2023-02-05 15:30:00,0.9
3403,2023-02-05 15:45:00,0.9
3404,2023-02-05 16:00:00,1.0
3405,2023-02-05 16:15:00,0.8
3406,2023-02-05 16:30:00,0.8
3407,2023-02-05 16:45:00,1.0
3408,2023-02-05 17:00:00,1.0
3409,2023-02-05 17:15:00,1.0
3410,2023-02-05 17:30:00,1.0
3411,2023-02-05 17:45:00,1.0
3412,2023-02-05 18:00:00,1.0
3413,2023-02-05 18:15:00,1.0
3414,2023-02-05 18:30:00,0.9
3415,2023-02-05 18:45:00,1.0
3416,2023-02-05 19:00:00,1.0
3417,2023-02-05 19:15:00,0.8
3418,2023-02-05 19:30:00,0.9
3419,2023-02-05 19:45:00,1.0
3420,2023-02-05 20:00:00,13.3
3421,2023-02-05 20:15:00,13.3
3422,2023-02-05 20:30:00,13.1
3423,2023-02-05 20:45:00,13.0
3424,2023-02-05 21:00:00,13.3
3425,2023-02-05 21:15:00,22.3
3426,2023-02-05 21:30:00,13.1
3427,2023-02-05 21:45:00,13.0
3428,2023-02-05 22:00:00,13.1
3429,2023-02-05 22:15:00,12.9
3430,2023-02-05 22:30:00,15.8
3431,2023-02-05 22:45:00,3.7
3432,2023-02-05 23:00:00,3.6
3433,2023-02-05 23:15:00,3.7
3434,2023-02-05 23:30:00,3.6
3435,2023-02-05 23:45:00,3.6
3436,2023-02-06 00:00:00,3.6
3437,2023-02-06 00:15:00,3.7
3438,2023-02-06 00:30:00,3.7
3439,2023-02-06 00:45:00,3.6
3440,2023-02-06 01:00:00,3.6
3441,2023-02-06 01:15:00,3.7
3442,2023-02-06 01:30:00,3.6
3443,2023-02-06 01:45:00,3.6
3444,2023-02-06 02:00:00,3.5
3445,2023-02-06 02:15:00,3.7
3446,2023-02-06 02:30:00,3.6
3447,2023-02-06 02:45:00,3.7
3448,2023-02-06 03:00:00,3.7
3449,2023-02-06 03:15:00,3.6
3450,2023-02-06 03:30:00,3.5
3451,2023-02-06 03:45:00,3.6
3452,2023-02-06 04:00:00,3.6
3453,2023-02-06 04:15:00,3.5
3454,2023-02-06 04:30:00,3.5
3455,2023-02-06 04:45:00,3.5
3456,2023-02-06 05:00:00,3.6
3457,2023-02-06 05:15:00,3.6
3458,2023-02-06 05:30:00,3.6
3459,2023-02-06 05:45:00,3.6
3460,2023-02-06 06:00:00,3.6
3461,2023-02-06 06:15:00,3.5
3462,2023-02-06 06:30:00,3.6
3463,2023-02-06 06:45:00,3.6
3464,2023-02-06 07:00:00,3.6
3465,2023-02-06 07:15:00,3.6
3466,2023-02-06 07:30:00,3.6
3467,2023-02-06 07:45:00,3.6
3468,2023-02-06 08:00:00,3.6
3469,2023-02-06 08:15:00,3.6
3470,2023-02-06 08:30:00,3.6
3471,2023-02-06 08:45:00,3.6
3472,2023-02-06 09:00:00,3.6
3473,2023-02-06 09:15:00,3.6
3474,2023-02-06 09:30:00,3.7
3475,2023-02-06 09:45:00,3.6
3476,2023-02-06 10:00:00,3.5
3477,2023-02-06 10:15:00,3.5
3478,2023-02-06 10:30:00,3.6
3479,2023-02-06 10:45:00,3.5
3480,2023-02-06 11:00:00,3.6
3481,2023-02-06 11:15:00,3.6
3482,2023-02-06 11:30:00,3.6
3483,2023-02-06 11:45:00,3.5
3484,2023-02-06 12:00:00,3.7
3485,2023-02-06 12:15:00,3.6
3486,2023-02-06 12:30:00,3.5
3487,2023-02-06 12:45:00,0.8
3488,2023-02-06 13:00:00,0.8
3489,2023-02-06 13:15:00,0.8
3490,2023-02-06 13:30:00,0.8
3491,2023-02-06 13:45:00,0.8
3492,2023-02-06 14:00:00,0.8
3493,2023-02-06 14:15:00,0.8
3494,2023-02-06 14:30:00,0.9
3495,2023-02-06 14:45:00,0.8
3496,2023-02-06 15:00:00,0.8
3497,2023-02-06 15:15:00,0.8
3498,2023-02-06 15:30:00,0.8
3499,2023-02-06 15:45:00,0.8
3500,2023-02-06 16:00:00,0.8
3501,2023-02-06 16:15:00,0.8
3502,2023-02-06 16:30:00,0.8
3503,2023-02-06 16:45:00,0.8
3504,2023-02-06 17:00:00,0.8
3505,2023-02-06 17:15:00,0.8
3506,2023-02-06 17:30:00,0.8
3507,2023-02-06 17:45:00,0.8
3508,2023-02-06 18:00:00,0.8
3509,2023-02-06 18:15:00,0.8
3510,2023-02-06 18:30:00,0.8
3511,2023-02-06 18:45:00,0.8
3512,2023-02-06 19:00:00,0.8
3513,2023-02-06 19:15:00,0.8
3514,2023-02-06 19:30:00,0.8
3515,2023-02-06 19:45:00,0.8
3516,2023-02-06 20:00:00,0.8
3517,2023-02-06 20:15:00,0.8
3518,2023-02-06 20:30:00,0.8
3519,2023-02-06 20:45:00,0.8
3520,2023-02-06 21:00:00,0.8
3521,2023-02-06 21:15:00,0.8
3522,2023-02-06 21:30:00,0.8
3523,2023-02-06 21:45:00,0.8
3524,2023-02-06 22:00:00,0.8
3525,2023-02-06 22:15:00,0.8
3526,2023-02-06 22:30:00,0.8
3527,2023-02-06 22:45:00,3.8
3528,2023-02-06 23:00:00,3.8
3529,2023-02-06 23:15:00,3.8
3530,2023-02-06 23:30:00,3.7
3531,2023-02-06 23:45:00,3.7
3532,2023-02-07 00:00:00,3.8
3533,2023-02-07 00:15:00,3.7
3534,2023-02-07 00:30:00,3.7
3535,2023-02-07 00:45:00,3.7
3536,2023-02-07 01:00:00,3.6
3537,2023-02-07 01:15:00,3.6
3538,2023-02-07 01:30:00,3.7
3539,2023-02-07 01:45:00,3.7
3540,2023-02-07 02:00:00,3.7
3541,2023-02-07 02:15:00,3.7
3542,2023-02-07 02:30:00,3.7
3543,2023-02-07 02:45:00,3.7
3544,2023-02-07 03:00:00,3.7
3545,2023-02-07 03:15:00,3.6
3546,2023-02-07 03:30:00,3.6
3547,2023-02-07 03:45:00,3.6
3548,2023-02-07 04:00:00,3.6
3549,2023-02-07 04:15:00,3.6
3550,2023-02-07 04:30:00,3.7
3551,2023-02-07 04:45:00,3.5
3552,2023-02-07 05:00:00,3.5
3553,2023-02-07 05:15:00,3.5
3554,2023-02-07 05:30:00,3.5
3555,2023-02-07 05:45:00,3.6
3556,2023-02-07 06:00:00,3.6
3557,2023-02-07 06:15:00,3.6
3558,2023-02-07 06:30:00,3.6
3559,2023-02-07 06:45:00,3.6
3560,2023-02-07 07:00:00,3.5
3561,2023-02-07 07:15:00,3.6
3562,2023-02-07 07:30:00,3.6
3563,2023-02-07 07:45:00,3.7
3564,2023-02-07 08:00:00,3.6
3565,2023-02-07 08:15:00,3.6
3566,2023-02-07 08:30:00,3.7
3567,2023-02-07 08:45:00,3.7
3568,2023-02-07 09:00:00,3.6
3569,2023-02-07 09:15:00,3.5
3570,2023-02-07 09:30:00,3.6
3571,2023-02-07 09:45:00,3.6
3572,2023-02-07 10:00:00,3.5
3573,2023-02-07 10:15:00,3.6
3574,2023-02-07 10:30:00,3.7
3575,2023-02-07 10:45:00,3.6
3576,2023-02-07 11:00:00,3.6
3577,2023-02-07 11:15:00,3.6
3578,2023-02-07 11:30:00,3.5
3579,2023-02-07 11:45:00,3.6
3580,2023-02-07 12:00:00,3.6
3581,2023-02-07 12:15:00,1.0
3582,2023-02-07 12:30:00,1.0
3583,2023-02-07 12:45:00,1.0
3584,2023-02-07 13:00:00,0.9
3585,2023-02-07 13:15:00,0.9
3586,2023-02-07 13:30:00,0.9
3587,2023-02-07 13:45:00,0.9
3588,2023-02-07 14:00:00,0.9
3589,2023-02-07 14:15:00,0.9
3590,2023-02-07 14:30:00,0.9
3591,2023-02-07 14:45:00,0.8
3592,2023-02-07 15:00:00,0.8
3593,2023-02-07 15:15:00,0.8
3594,2023-02-07 15:30:00,0.8
3595,2023-02-07 15:45:00,0.8
3596,2023-02-07 16:00:00,0.8
3597,2023-02-07 16:15:00,0.8
3598,2023-02-07 16:30:00,0.8
3599,2023-02-07 16:45:00,1.0
3600,2023-02-07 17:00:00,0.8
3601,2023-02-07 17:15:00,0.9
3602,2023-02-07 17:30:00,0.9
3603,2023-02-07 17:45:00,0.9
3604,2023-02-07 18:00:00,0.9
3605,2023-02-07 18:15:00,1.0
3606,2023-02-07 18:30:00,1.0
3607,2023-02-07 18:45:00,1.0
3608,2023-02-07 19:00:00,1.0
3609,2023-02-07 19:15:00,1.0
3610,2023-02-07 19:30:00,1.0
3611,2023-02-07 19:45:00,13.5
3612,2023-02-07 20:00:00,13.2
3613,2023-02-07 20:15:00,13.2
3614,2023-02-07 20:30:00,13.3
3615,2023-02-07 20:45:00,13.3
3616,2023-02-07 21:00:00,13.2
3617,2023-02-07 21:15:00,13.0
3618,2023-02-07 21:30:00,12.9
3619,2023-02-07 21:45:00,12.8
3620,2023-02-07 22:00:00,13.0
3621,2023-02-07 22:15:00,15.5
3622,2023-02-07 22:30:00,15.7
3623,2023-02-07 22:45:00,15.7
3624,2023-02-07 23:00:00,15.6
3625,2023-02-07 23:15:00,15.4
3626,2023-02-07 23:30:00,15.5
3627,2023-02-07 23:45:00,15.7
3628,2023-02-08 00:00:00,15.7
3629,2023-02-08 00:15:00,15.7
3630,2023-02-08 00:30:00,15.8
3631,2023-02-08 00:45:00,15.8
3632,2023-02-08 01:00:00,15.6
3633,2023-02-08 01:15:00,15.6
3634,2023-02-08 01:30:00,15.6
3635,2023-02-08 01:45:00,3.6
3636,2023-02-08 02:00:00,3.6
3637,2023-02-08 02:15:00,3.6
3638,2023-02-08 02:30:00,3.6
3639,2023-02-08 02:45:00,3.6
3640,2023-02-08 03:00:00,3.7
3641,2023-02-08 03:15:00,3.6
3642,2023-02-08 03:30:00,3.7
3643,2023-02-08 03:45:00,3.8
3644,2023-02-08 04:00:00,3.6
3645,2023-02-08 04:15:00,3.6
3646,2023-02-08 04:30:00,3.6
3647,2023-02-08 04:45:00,3.6
3648,2023-02-08 05:00:00,3.6
3649,2023-02-08 05:15:00,3.5
3650,2023-02-08 05:30:00,3.6
3651,2023-02-08 05:45:00,3.6
3652,2023-02-08 06:00:00,3.6
3653,2023-02-08 06:15:00,3.6
3654,2023-02-08 06:30:00,3.5
3655,2023-02-08 06:45:00,3.6
3656,2023-02-08 07:00:00,3.5
3657,2023-02-08 07:15:00,3.7
3658,2023-02-08 07:30:00,3.5
3659,2023-02-08 07:45:00,3.4
3660,2023-02-08 08:00:00,3.6
3661,2023-02-08 08:15:00,3.6
3662,2023-02-08 08:30:00,3.6
3663,2023-02-08 08:45:00,3.6
3664,2023-02-08 09:00:00,3.5
3665,2023-02-08 09:15:00,3.5
3666,2023-02-08 09:30:00,3.6
3667,2023-02-08 09:45:00,3.6
3668,2023-02-08 10:00:00,3.5
3669,2023-02-08 10:15:00,3.5
3670,2023-02-08 10:30:00,3.6
3671,2023-02-08 10:45:00,3.6
3672,2023-02-08 11:00:00,3.6
3673,2023-02-08 11:15:00,3.6
3674,2023-02-08 11:30:00,3.7
3675,2023-02-08 11:45:00,3.7
3676,2023-02-08 12:00:00,3.6
3677,2023-02-08 12:15:00,3.7
3678,2023-02-08 12:30:00,0.9
3679,2023-02-08 12:45:00,0.9
3680,2023-02-08 13:00:00,0.9
3681,2023-02-08 13:15:00,0.9
3682,2023-02-08 13:30:00,0.9
3683,2023-02-08 13:45:00,0.8
3684,2023-02-08 14:00:00,0.8
3685,2023-02-08 14:15:00,0.8
3686,2023-02-08 14:30:00,0.8
3687,2023-02-08 14:45:00,0.9
3688,2023-02-08 15:00:00,0.7
3689,2023-02-08 15:15:00,0.8
3690,2023-02-08 15:30:00,0.8
3691,2023-02-08 15:45:00,0.8
3692,2023-02-08 16:00:00,0.8
3693,2023-02-08 16:15:00,1.9
3694,2023-02-08 16:30:00,1.8
3695,2023-02-08 16:45:00,1.4
3696,2023-02-08 17:00:00,1.6
3697,2023-02-08 17:15:00,1.7
3698,2023-02-08 17:30:00,1.7
3699,2023-02-08 17:45:00,1.5
3700,2023-02-08 18:00:00,1.3
3701,2023-02-08 18:15:00,1.8
3702,2023-02-08 18:30:00,1.3
3703,2023-02-08 18:45:00,1.3
3704,2023-02-08 19:00:00,1.5
3705,2023-02-08 19:15:00,1.4
3706,2023-02-08 19:30:00,2.0
3707,2023-02-08 19:45:00,1.5
3708,2023-02-08 20:00:00,1.3
3709,2023-02-08 20:15:00,1.6
3710,2023-02-08 20:30:00,1.2
3711,2023-02-08 20:45:00,1.7
3712,2023-02-08 21:00:00,1.2
3713,2023-02-08 21:15:00,1.5
3714,2023-02-08 21:30:00,14.0
3715,2023-02-08 21:45:00,13.7
3716,2023-02-08 22:00:00,13.6
3717,2023-02-08 22:15:00,13.7
3718,2023-02-08 22:30:00,13.4
3719,2023-02-08 22:45:00,16.2
3720,2023-02-08 23:00:00,16.3
3721,2023-02-08 23:15:00,16.5
3722,2023-02-08 23:30:00,16.8
3723,2023-02-08 23:45:00,16.3
3724,2023-02-09 00:00:00,16.3
3725,2023-02-09 00:15:00,4.3
3726,2023-02-09 00:30:00,4.4
3727,2023-02-09 00:45:00,4.7
3728,2023-02-09 01:00:00,4.3
3729,2023-02-09 01:15:00,4.4
3730,2023-02-09 01:30:00,4.3
3731,2023-02-09 01:45:00,4.4
3732,2023-02-09 02:00:00,4.2
3733,2023-02-09 02:15:00,4.1
3734,2023-02-09 02:30:00,4.8
3735,2023-02-09 02:45:00,4.7
3736,2023-02-09 03:00:00,4.2
3737,2023-02-09 03:15:00,4.2
3738,2023-02-09 03:30:00,4.2
3739,2023-02-09 03:45:00,4.4
3740,2023-02-09 04:00:00,4.1
3741,2023-02-09 04:15:00,4.5
3742,2023-02-09 04:30:00,4.2
3743,2023-02-09 04:45:00,4.5
3744,2023-02-09 05:00:00,4.2
3745,2023-02-09 05:15:00,4.4
3746,2023-02-09 05:30:00,4.2
3747,2023-02-09 05:45:00,4.1
3748,2023-02-09 06:00:00,4.9
3749,2023-02-09 06:15:00,4.5
3750,2023-02-09 06:30:00,4.1
3751,2023-02-09 06:45:00,4.4
3752,2023-02-09 07:00:00,4.1
3753,2023-02-09 07:15:00,4.1
3754,2023-02-09 07:30:00,4.1
3755,2023-02-09 07:45:00,4.1
3756,2023-02-09 08:00:00,4.5
3757,2023-02-09 08:15:00,4.2
3758,2023-02-09 08:30:00,4.1
3759,2023-02-09 08:45:00,4.6
3760,2023-02-09 09:00:00,4.4
3761,2023-02-09 09:15:00,4.4
3762,2023-02-09 09:30:00,4.1
3763,2023-02-09 09:45:00,4.1
3764,2023-02-09 10:00:00,4.3
3765,2023-02-09 10:15:00,4.2
3766,2023-02-09 10:30:00,4.2
3767,2023-02-09 10:45:00,4.5
3768,2023-02-09 11:00:00,4.2
3769,2023-02-09 11:15:00,4.2
3770,2023-02-09 11:30:00,4.5
3771,2023-02-09 11:45:00,4.1
3772,2023-02-09 12:00:00,4.4
3773,2023-02-09 12:15:00,4.0
3774,2023-02-09 12:30:00,1.9
3775,2023-02-09 12:45:00,1.8
3776,2023-02-09 13:00:00,1.8
3777,2023-02-09 13:15:00,1.5
3778,2023-02-09 13:30:00,1.4
3779,2023-02-09 13:45:00,1.7
3780,2023-02-09 14:00:00,1.7
3781,2023-02-09 14:15:00,1.5
3782,2023-02-09 14:30:00,1.6
3783,2023-02-09 14:45:00,1.7
3784,2023-02-09 15:00:00,1.7
3785,2023-02-09 15:15:00,2.1
3786,2023-02-09 15:30:00,1.4
3787,2023-02-09 15:45:00,1.5
3788,2023-02-09 16:00:00,1.8
3789,2023-02-09 16:15:00,1.7
3790,2023-02-09 16:30:00,1.7
3791,2023-02-09 16:45:00,1.7
3792,2023-02-09 17:00:00,1.6
3793,2023-02-09 17:15:00,1.9
3794,2023-02-09 17:30:00,2.1
3795,2023-02-09 17:45:00,2.3
3796,2023-02-09 18:00:00,2.4
3797,2023-02-09 18:15:00,1.6
3798,2023-02-09 18:30:00,1.6
3799,2023-02-09 18:45:00,2.0
3800,2023-02-09 19:00:00,1.4
3801,2023-02-09 19:15:00,1.8
3802,2023-02-09 19:30:00,1.6
3803,2023-02-09 19:45:00,14.0
3804,2023-02-09 20:00:00,13.7
3805,2023-02-09 20:15:00,14.0
3806,2023-02-09 20:30:00,13.6
3807,2023-02-09 20:45:00,14.0
3808,2023-02-09 21:00:00,13.8
3809,2023-02-09 21:15:00,13.7
3810,2023-02-09 21:30:00,14.2
3811,2023-02-09 21:45:00,13.5
3812,2023-02-09 22:00:00,13.7
3813,2023-02-09 22:15:00,13.7
3814,2023-02-09 22:30:00,13.9
3815,2023-02-09 22:45:00,16.3
3816,2023-02-09 23:00:00,16.5
3817,2023-02-09 23:15:00,16.4
3818,2023-02-09 23:30:00,16.4
3819,2023-02-09 23:45:00,16.7
3820,2023-02-10 00:00:00,16.2
3821,2023-02-10 00:15:00,16.7
3822,2023-02-10 00:30:00,16.5
3823,2023-02-10 00:45:00,16.4
3824,2023-02-10 01:00:00,17.1
3825,2023-02-10 01:15:00,16.5
3826,2023-02-10 01:30:00,16.5
3827,2023-02-10 01:45:00,4.4
3828,2023-02-10 02:00:00,4.6
3829,2023-02-10 02:15:00,4.4
3830,2023-02-10 02:30:00,4.3
3831,2023-02-10 02:45:00,4.4
3832,2023-02-10 03:00:00,5.0
3833,2023-02-10 03:15:00,4.7
3834,2023-02-10 03:30:00,4.3
3835,2023-02-10 03:45:00,4.7
3836,2023-02-10 04:00:00,4.4
3837,2023-02-10 04:15:00,4.3
3838,2023-02-10 04:30:00,4.7
3839,2023-02-10 04:45:00,4.2
3840,2023-02-10 05:00:00,4.4
3841,2023-02-10 05:15:00,4.1
3842,2023-02-10 05:30:00,4.1
3843,2023-02-10 05:45:00,4.6
3844,2023-02-10 06:00:00,4.2
3845,2023-02-10 06:15:00,4.2
3846,2023-02-10 06:30:00,4.2
3847,2023-02-10 06:45:00,4.3
3848,2023-02-10 07:00:00,5.1
3849,2023-02-10 07:15:00,4.2
3850,2023-02-10 07:30:00,4.1
3851,2023-02-10 07:45:00,4.4
3852,2023-02-10 08:00:00,4.5
3853,2023-02-10 08:15:00,4.2
3854,2023-02-10 08:30:00,4.4
3855,2023-02-10 08:45:00,4.2
3856,2023-02-10 09:00:00,4.6
3857,2023-02-10 09:15:00,4.2
3858,2023-02-10 09:30:00,4.2
3859,2023-02-10 09:45:00,4.3
3860,2023-02-10 10:00:00,4.5
3861,2023-02-10 10:15:00,4.5
3862,2023-02-10 10:30:00,4.2
3863,2023-02-10 10:45:00,4.2
3864,2023-02-10 11:00:00,4.7
3865,2023-02-10 11:15:00,4.3
3866,2023-02-10 11:30:00,4.2
3867,2023-02-10 11:45:00,16.4
3868,2023-02-10 12:00:00,16.3
3869,2023-02-10 12:15:00,16.6
3870,2023-02-10 12:30:00,14.2
3871,2023-02-10 12:45:00,13.7
3872,2023-02-10 13:00:00,14.1
3873,2023-02-10 13:15:00,13.8
3874,2023-02-10 13:30:00,13.8
3875,2023-02-10 13:45:00,1.5
3876,2023-02-10 14:00:00,1.6
3877,2023-02-10 14:15:00,2.0
3878,2023-02-10 14:30:00,2.1
3879,2023-02-10 14:45:00,1.5
3880,2023-02-10 15:00:00,1.9
3881,2023-02-10 15:15:00,1.5
3882,2023-02-10 15:30:00,1.5
3883,2023-02-10 15:45:00,2.0
3884,2023-02-10 16:00:00,1.5
3885,2023-02-10 16:15:00,2.1
3886,2023-02-10 16:30:00,1.7
3887,2023-02-10 16:45:00,1.5
3888,2023-02-10 17:00:00,1.7
3889,2023-02-10 17:15:00,1.7
3890,2023-02-10 17:30:00,1.6
3891,2023-02-10 17:45:00,1.6
3892,2023-02-10 18:00:00,1.8
3893,2023-02-10 18:15:00,2.0
3894,2023-02-10 18:30:00,1.5
3895,2023-02-10 18:45:00,1.7
3896,2023-02-10 19:00:00,1.9
3897,2023-02-10 19:15:00,1.7
3898,2023-02-10 19:30:00,1.7
3899,2023-02-10 19:45:00,2.1
3900,2023-02-10 20:00:00,1.4
3901,2023-02-10 20:15:00,1.6
3902,2023-02-10 20:30:00,1.5
3903,2023-02-10 20:45:00,1.6
3904,2023-02-10 21:00:00,1.6
3905,2023-02-10 21:15:00,13.7
3906,2023-02-10 21:30:00,14.4
3907,2023-02-10 21:45:00,13.8
3908,2023-02-10 22:00:00,13.7
3909,2023-02-10 22:15:00,14.1
3910,2023-02-10 22:30:00,16.4
3911,2023-02-10 22:45:00,16.6
3912,2023-02-10 23:00:00,16.2
3913,2023-02-10 23:15:00,4.3
3914,2023-02-10 23:30:00,4.7
3915,2023-02-10 23:45:00,4.5
3916,2023-02-11 00:00:00,4.2
3917,2023-02-11 00:15:00,4.4
3918,2023-02-11 00:30:00,4.1
3919,2023-02-11 00:45:00,4.6
3920,2023-02-11 01:00:00,4.2
3921,2023-02-11 01:15:00,4.9
3922,2023-02-11 01:30:00,4.7
3923,2023-02-11 01:45:00,4.3
3924,2023-02-11 02:00:00,4.5
3925,2023-02-11 02:15:00,4.3
3926,2023-02-11 02:30:00,4.5
3927,2023-02-11 02:45:00,4.5
3928,2023-02-11 03:00:00,4.8
3929,2023-02-11 03:15:00,4.2
3930,2023-02-11 03:30:00,4.6
3931,2023-02-11 03:45:00,4.6
3932,2023-02-11 04:00:00,4.4
3933,2023-02-11 04:15:00,4.2
3934,2023-02-11 04:30:00,4.2
3935,2023-02-11 04:45:00,4.2
3936,2023-02-11 05:00:00,4.2
3937,2023-02-11 05:15:00,4.2
3938,2023-02-11 05:30:00,4.5
3939,2023-02-11 05:45:00,4.2
3940,2023-02-11 06:00:00,4.2
3941,2023-02-11 06:15:00,4.9
3942,2023-02-11 06:30:00,4.5
3943,2023-02-11 06:45:00,4.9
3944,2023-02-11 07:00:00,4.2
3945,2023-02-11 07:15:00,4.3
3946,2023-02-11 07:30:00,4.6
3947,2023-02-11 07:45:00,4.1
3948,2023-02-11 08:00:00,4.4
3949,2023-02-11 08:15:00,4.6
3950,2023-02-11 08:30:00,4.2
3951,2023-02-11 08:45:00,4.4
3952,2023-02-11 09:00:00,4.4
3953,2023-02-11 09:15:00,4.2
3954,2023-02-11 09:30:00,4.3
3955,2023-02-11 09:45:00,4.6
3956,2023-02-11 10:00:00,4.3
3957,2023-02-11 10:15:00,4.8
3958,2023-02-11 10:30:00,4.2
3959,2023-02-11 10:45:00,4.3
3960,2023-02-11 11:00:00,4.5
3961,2023-02-11 11:15:00,4.3
3962,2023-02-11 11:30:00,4.3
3963,2023-02-11 11:45:00,4.4
3964,2023-02-11 12:00:00,4.2
3965,2023-02-11 12:15:00,4.3
3966,2023-02-11 12:30:00,1.5
3967,2023-02-11 12:45:00,1.5
3968,2023-02-11 13:00:00,1.8
3969,2023-02-11 13:15:00,1.8
3970,2023-02-11 13:30:00,1.5
3971,2023-02-11 13:45:00,1.8
3972,2023-02-11 14:00:00,1.6
3973,2023-02-11 14:15:00,1.5
3974,2023-02-11 14:30:00,1.5
3975,2023-02-11 14:45:00,13.2
3976,2023-02-11 15:00:00,13.2
3977,2023-02-11 15:15:00,13.3
3978,2023-02-11 15:30:00,17.6
3979,2023-02-11 15:45:00,15.6
3980,2023-02-11 16:00:00,16.3
3981,2023-02-11 16:15:00,14.1
3982,2023-02-11 16:30:00,17.0
3983,2023-02-11 16:45:00,15.0
3984,2023-02-11 17:00:00,13.0
3985,2023-02-11 17:15:00,15.4
3986,2023-02-11 17:30:00,13.5
3987,2023-02-11 17:45:00,12.8
3988,2023-02-11 18:00:00,17.3
3989,2023-02-11 18:15:00,13.9
3990,2023-02-11 18:30:00,15.5
3991,2023-02-11 18:45:00,15.5
3992,2023-02-11 19:00:00,12.8
3993,2023-02-11 19:15:00,15.4
3994,2023-02-11 19:30:00,11.8
3995,2023-02-11 19:45:00,2.2
3996,2023-02-11 20:00:00,2.3
3997,2023-02-11 20:15:00,2.3
3998,2023-02-11 20:30:00,1.9
3999,2023-02-11 20:45:00,1.7
4000,2023-02-11 21:00:00,2.6
4001,2023-02-11 21:15:00,1.5
4002,2023-02-11 21:30:00,2.1
4003,2023-02-11 21:45:00,1.7
4004,2023-02-11 22:00:00,1.8
4005,2023-02-11 22:15:00,1.7
4006,2023-02-11 22:30:00,1.6
4007,2023-02-11 22:45:00,4.6
4008,2023-02-11 23:00:00,4.3
4009,2023-02-11 23:15:00,5.2
4010,2023-02-11 23:30:00,4.4
4011,2023-02-11 23:45:00,5.1
4012,2023-02-12 00:00:00,4.7
4013,2023-02-12 00:15:00,4.5
4014,2023-02-12 00:30:00,4.4
4015,2023-02-12 00:45:00,4.5
4016,2023-02-12 01:00:00,4.7
4017,2023-02-12 01:15:00,4.5
4018,2023-02-12 01:30:00,4.5
4019,2023-02-12 01:45:00,4.4
4020,2023-02-12 02:00:00,4.5
4021,2023-02-12 02:15:00,4.5
4022,2023-02-12 02:30:00,4.2
4023,2023-02-12 02:45:00,4.3
4024,2023-02-12 03:00:00,4.8
4025,2023-02-12 03:15:00,4.5
4026,2023-02-12 03:30:00,4.2
4027,2023-02-12 03:45:00,4.5
4028,2023-02-12 04:00:00,4.3
4029,2023-02-12 04:15:00,4.7
4030,2023-02-12 04:30:00,4.2
4031,2023-02-12 04:45:00,4.3
4032,2023-02-12 05:00:00,4.5
4033,2023-02-12 05:15:00,5.2
4034,2023-02-12 05:30:00,4.3
4035,2023-02-12 05:45:00,4.2
4036,2023-02-12 06:00:00,4.3
4037,2023-02-12 06:15:00,4.5
4038,2023-02-12 06:30:00,4.1
4039,2023-02-12 06:45:00,4.1
4040,2023-02-12 07:00:00,4.6
4041,2023-02-12 07:15:00,4.2
4042,2023-02-12 07:30:00,4.5
4043,2023-02-12 07:45:00,4.5
4044,2023-02-12 08:00:00,4.1
4045,2023-02-12 08:15:00,4.2
4046,2023-02-12 08:30:00,4.5
4047,2023-02-12 08:45:00,4.3
4048,2023-02-12 09:00:00,4.3
4049,2023-02-12 09:15:00,4.6
4050,2023-02-12 09:30:00,4.2
4051,2023-02-12 09:45:00,4.6
4052,2023-02-12 10:00:00,4.3
4053,2023-02-12 10:15:00,4.2
4054,2023-02-12 10:30:00,4.3
4055,2023-02-12 10:45:00,4.2
4056,2023-02-12 11:00:00,4.6
4057,2023-02-12 11:15:00,4.4
4058,2023-02-12 11:30:00,4.1
4059,2023-02-12 11:45:00,4.3
4060,2023-02-12 12:00:00,4.3
4061,2023-02-12 12:15:00,1.5
4062,2023-02-12 12:30:00,1.5
4063,2023-02-12 12:45:00,1.5
4064,2023-02-12 13:00:00,1.5
4065,2023-02-12 13:15:00,1.6
4066,2023-02-12 13:30:00,1.5
4067,2023-02-12 13:45:00,1.5
4068,2023-02-12 14:00:00,1.7
4069,2023-02-12 14:15:00,1.3
4070,2023-02-12 14:30:00,1.4
4071,2023-02-12 14:45:00,1.8
4072,2023-02-12 15:00:00,1.3
4073,2023-02-12 15:15:00,1.3
4074,2023-02-12 15:30:00,1.2
4075,2023-02-12 15:45:00,1.3
4076,2023-02-12 16:00:00,1.7
4077,2023-02-12 16:15:00,1.4
4078,2023-02-12 16:30:00,1.5
4079,2023-02-12 16:45:00,1.3
4080,2023-02-12 17:00:00,1.2
4081,2023-02-12 17:15:00,1.4
4082,2023-02-12 17:30:00,1.3
4083,2023-02-12 17:45:00,1.4
4084,2023-02-12 18:00:00,1.6
4085,2023-02-12 18:15:00,1.6
4086,2023-02-12 18:30:00,1.5
4087,2023-02-12 18:45:00,1.6
4088,2023-02-12 19:00:00,1.4
4089,2023-02-12 19:15:00,1.4
4090,2023-02-12 19:30:00,1.8
4091,2023-02-12 19:45:00,1.5
4092,2023-02-12 20:00:00,1.3
4093,2023-02-12 20:15:00,1.7
4094,2023-02-12 20:30:00,1.4
4095,2023-02-12 20:45:00,1.4
4096,2023-02-12 21:00:00,1.7
4097,2023-02-12 21:15:00,1.6
4098,2023-02-12 21:30:00,1.7
4099,2023-02-12 21:45:00,1.5
4100,2023-02-12 22:00:00,1.6
4101,2023-02-12 22:15:00,1.4
4102,2023-02-12 22:30:00,1.6
4103,2023-02-12 22:45:00,4.2
4104,2023-02-12 23:00:00,4.7
4105,2023-02-12 23:15:00,4.5
4106,2023-02-12 23:30:00,4.5
4107,2023-02-12 23:45:00,4.6
4108,2023-02-13 00:00:00,4.3
4109,2023-02-13 00:15:00,4.5
4110,2023-02-13 00:30:00,4.6
4111,2023-02-13 00:45:00,4.4
4112,2023-02-13 01:00:00,4.4
4113,2023-02-13 01:15:00,4.6
4114,2023-02-13 01:30:00,4.4
4115,2023-02-13 01:45:00,4.2
4116,2023-02-13 02:00:00,4.2
4117,2023-02-13 02:15:00,4.2
4118,2023-02-13 02:30:00,4.5
4119,2023-02-13 02:45:00,4.2
4120,2023-02-13 03:00:00,4.4
4121,2023-02-13 03:15:00,4.7
4122,2023-02-13 03:30:00,4.6
4123,2023-02-13 03:45:00,4.3
4124,2023-02-13 04:00:00,4.7
4125,2023-02-13 04:15:00,4.4
4126,2023-02-13 04:30:00,4.5
4127,2023-02-13 04:45:00,4.6
4128,2023-02-13 05:00:00,4.3
4129,2023-02-13 05:15:00,4.4
4130,2023-02-13 05:30:00,4.9
4131,2023-02-13 05:45:00,4.1
4132,2023-02-13 06:00:00,4.2
4133,2023-02-13 06:15:00,4.2
4134,2023-02-13 06:30:00,4.4
4135,2023-02-13 06:45:00,4.4
4136,2023-02-13 07:00:00,4.2
4137,2023-02-13 07:15:00,4.2
4138,2023-02-13 07:30:00,4.8
4139,2023-02-13 07:45:00,4.3
4140,2023-02-13 08:00:00,4.6
4141,2023-02-13 08:15:00,4.7
4142,2023-02-13 08:30:00,4.7
4143,2023-02-13 08:45:00,4.7
4144,2023-02-13 09:00:00,4.9
4145,2023-02-13 09:15:00,4.6
4146,2023-02-13 09:30:00,4.5
4147,2023-02-13 09:45:00,4.8
4148,2023-02-13 10:00:00,4.2
4149,2023-02-13 10:15:00,4.3
4150,2023-02-13 10:30:00,4.9
4151,2023-02-13 10:45:00,4.3
4152,2023-02-13 11:00:00,4.8
4153,2023-02-13 11:15:00,4.6
4154,2023-02-13 11:30:00,4.2
4155,2023-02-13 11:45:00,4.3
4156,2023-02-13 12:00:00,1.6
4157,2023-02-13 12:15:00,2.0
4158,2023-02-13 12:30:00,1.5
4159,2023-02-13 12:45:00,1.6
4160,2023-02-13 13:00:00,1.5
4161,2023-02-13 13:15:00,1.4
4162,2023-02-13 13:30:00,1.9
4163,2023-02-13 13:45:00,1.5
4164,2023-02-13 14:00:00,1.6
4165,2023-02-13 14:15:00,1.5
4166,2023-02-13 14:30:00,1.5
4167,2023-02-13 14:45:00,1.4
4168,2023-02-13 15:00:00,1.4
4169,2023-02-13 15:15:00,1.4
4170,2023-02-13 15:30:00,1.4
4171,2023-02-13 15:45:00,1.7
4172,2023-02-13 16:00:00,1.5
4173,2023-02-13 16:15:00,1.6
4174,2023-02-13 16:30:00,1.4
4175,2023-02-13 16:45:00,1.4
4176,2023-02-13 17:00:00,1.7
4177,2023-02-13 17:15:00,1.5
4178,2023-02-13 17:30:00,1.6
4179,2023-02-13 17:45:00,1.8
4180,2023-02-13 18:00:00,1.5
4181,2023-02-13 18:15:00,1.7
4182,2023-02-13 18:30:00,1.9
4183,2023-02-13 18:45:00,1.4
4184,2023-02-13 19:00:00,1.4
4185,2023-02-13 19:15:00,1.7
4186,2023-02-13 19:30:00,1.7
4187,2023-02-13 19:45:00,1.3
4188,2023-02-13 20:00:00,2.2
4189,2023-02-13 20:15:00,1.4
4190,2023-02-13 20:30:00,1.5
4191,2023-02-13 20:45:00,1.5
4192,2023-02-13 21:00:00,2.2
4193,2023-02-13 21:15:00,1.4
4194,2023-02-13 21:30:00,1.5
4195,2023-02-13 21:45:00,14.1
4196,2023-02-13 22:00:00,14.2
4197,2023-02-13 22:15:00,13.9
4198,2023-02-13 22:30:00,13.9
4199,2023-02-13 22:45:00,17.3
4200,2023-02-13 23:00:00,16.5
4201,2023-02-13 23:15:00,16.6
4202,2023-02-13 23:30:00,16.8
4203,2023-02-13 23:45:00,16.8
4204,2023-02-14 00:00:00,16.5
4205,2023-02-14 00:15:00,16.7
4206,2023-02-14 00:30:00,16.5
4207,2023-02-14 00:45:00,16.5
4208,2023-02-14 01:00:00,16.5
4209,2023-02-14 01:15:00,4.5
4210,2023-02-14 01:30:00,4.5
4211,2023-02-14 01:45:00,4.8
4212,2023-02-14 02:00:00,4.4
4213,2023-02-14 02:15:00,5.0
4214,2023-02-14 02:30:00,4.4
4215,2023-02-14 02:45:00,4.9
4216,2023-02-14 03:00:00,4.6
4217,2023-02-14 03:15:00,4.3
4218,2023-02-14 03:30:00,4.3
4219,2023-02-14 03:45:00,4.8
4220,2023-02-14 04:00:00,4.2
4221,2023-02-14 04:15:00,4.5
4222,2023-02-14 04:30:00,4.4
4223,2023-02-14 04:45:00,4.9
4224,2023-02-14 05:00:00,4.3
4225,2023-02-14 05:15:00,4.3
4226,2023-02-14 05:30:00,4.4
4227,2023-02-14 05:45:00,4.8
4228,2023-02-14 06:00:00,4.3
4229,2023-02-14 06:15:00,4.3
4230,2023-02-14 06:30:00,4.9
4231,2023-02-14 06:45:00,4.3
4232,2023-02-14 07:00:00,4.7
4233,2023-02-14 07:15:00,4.2
4234,2023-02-14 07:30:00,4.5
4235,2023-02-14 07:45:00,4.3
4236,2023-02-14 08:00:00,4.5
4237,2023-02-14 08:15:00,4.3
4238,2023-02-14 08:30:00,4.5
4239,2023-02-14 08:45:00,4.3
4240,2023-02-14 09:00:00,4.1
4241,2023-02-14 09:15:00,4.6
4242,2023-02-14 09:30:00,4.0
4243,2023-02-14 09:45:00,4.3
4244,2023-02-14 10:00:00,5.0
4245,2023-02-14 10:15:00,4.1
4246,2023-02-14 10:30:00,4.1
4247,2023-02-14 10:45:00,4.2
4248,2023-02-14 11:00:00,4.1
4249,2023-02-14 11:15:00,4.4
4250,2023-02-14 11:30:00,4.3
4251,2023-02-14 11:45:00,4.1
4252,2023-02-14 12:00:00,1.5
4253,2023-02-14 12:15:00,1.4
4254,2023-02-14 12:30:00,1.4
4255,2023-02-14 12:45:00,1.9
4256,2023-02-14 13:00:00,1.5
4257,2023-02-14 13:15:00,1.8
4258,2023-02-14 13:30:00,1.8
4259,2023-02-14 13:45:00,1.3
4260,2023-02-14 14:00:00,1.4
4261,2023-02-14 14:15:00,1.2
4262,2023-02-14 14:30:00,1.9
4263,2023-02-14 14:45:00,1.3
4264,2023-02-14 15:00:00,1.3
4265,2023-02-14 15:15:00,1.2
4266,2023-02-14 15:30:00,1.4
4267,2023-02-14 15:45:00,1.3
4268,2023-02-14 16:00:00,1.3
4269,2023-02-14 16:15:00,1.9
4270,2023-02-14 16:30:00,1.6
4271,2023-02-14 16:45:00,1.9
4272,2023-02-14 17:00:00,1.7
4273,2023-02-14 17:15:00,1.4
4274,2023-02-14 17:30:00,1.5
4275,2023-02-14 17:45:00,2.7
4276,2023-02-14 18:00:00,1.7
4277,2023-02-14 18:15:00,1.4
4278,2023-02-14 18:30:00,1.5
4279,2023-02-14 18:45:00,1.7
4280,2023-02-14 19:00:00,1.4
4281,2023-02-14 19:15:00,1.4
4282,2023-02-14 19:30:00,1.6
4283,2023-02-14 19:45:00,1.9
4284,2023-02-14 20:00:00,1.4
4285,2023-02-14 20:15:00,1.4
4286,2023-02-14 20:30:00,1.9
4287,2023-02-14 20:45:00,1.5
4288,2023-02-14 21:00:00,1.6
4289,2023-02-14 21:15:00,1.7
4290,2023-02-14 21:30:00,1.5
4291,2023-02-14 21:45:00,1.3
4292,2023-02-14 22:00:00,13.5
4293,2023-02-14 22:15:00,13.7
4294,2023-02-14 22:30:00,14.1
4295,2023-02-14 22:45:00,16.2
4296,2023-02-14 23:00:00,16.5
4297,2023-02-14 23:15:00,16.8
4298,2023-02-14 23:30:00,16.4
4299,2023-02-14 23:45:00,17.1
4300,2023-02-15 00:00:00,16.5
4301,2023-02-15 00:15:00,16.1
4302,2023-02-15 00:30:00,16.5
4303,2023-02-15 00:45:00,16.7
4304,2023-02-15 01:00:00,16.2
4305,2023-02-15 01:15:00,17.7
4306,2023-02-15 01:30:00,4.5
4307,2023-02-15 01:45:00,4.3
4308,2023-02-15 02:00:00,4.3
4309,2023-02-15 02:15:00,4.5
4310,2023-02-15 02:30:00,5.1
4311,2023-02-15 02:45:00,4.3
4312,2023-02-15 03:00:00,4.7
4313,2023-02-15 03:15:00,4.9
4314,2023-02-15 03:30:00,4.3
4315,2023-02-15 03:45:00,4.5
4316,2023-02-15 04:00:00,4.7
4317,2023-02-15 04:15:00,4.5
4318,2023-02-15 04:30:00,4.6
4319,2023-02-15 04:45:00,4.3
4320,2023-02-15 05:00:00,4.5
4321,2023-02-15 05:15:00,4.9
4322,2023-02-15 05:30:00,4.2
4323,2023-02-15 05:45:00,4.3
4324,2023-02-15 06:00:00,4.8
4325,2023-02-15 06:15:00,4.1
4326,2023-02-15 06:30:00,4.2
4327,2023-02-15 06:45:00,4.7
4328,2023-02-15 07:00:00,4.2
4329,2023-02-15 07:15:00,4.2
4330,2023-02-15 07:30:00,4.7
4331,2023-02-15 07:45:00,4.1
4332,2023-02-15 08:00:00,5.1
4333,2023-02-15 08:15:00,6.1
4334,2023-02-15 08:30:00,4.3
4335,2023-02-15 08:45:00,4.7
4336,2023-02-15 09:00:00,4.3
4337,2023-02-15 09:15:00,4.2
4338,2023-02-15 09:30:00,4.4
4339,2023-02-15 09:45:00,4.5
4340,2023-02-15 10:00:00,5.0
4341,2023-02-15 10:15:00,4.2
4342,2023-02-15 10:30:00,4.1
4343,2023-02-15 10:45:00,4.7
4344,2023-02-15 11:00:00,4.1
4345,2023-02-15 11:15:00,4.1
4346,2023-02-15 11:30:00,4.1
4347,2023-02-15 11:45:00,4.0
4348,2023-02-15 12:00:00,4.0
4349,2023-02-15 12:15:00,1.3
4350,2023-02-15 12:30:00,2.0
4351,2023-02-15 12:45:00,1.6
4352,2023-02-15 13:00:00,1.3
4353,2023-02-15 13:15:00,1.6
4354,2023-02-15 13:30:00,1.9
4355,2023-02-15 13:45:00,1.4
4356,2023-02-15 14:00:00,1.8
4357,2023-02-15 14:15:00,1.8
4358,2023-02-15 14:30:00,1.4
4359,2023-02-15 14:45:00,1.4
4360,2023-02-15 15:00:00,1.4
4361,2023-02-15 15:15:00,1.3
4362,2023-02-15 15:30:00,1.9
4363,2023-02-15 15:45:00,1.5
4364,2023-02-15 16:00:00,1.8
4365,2023-02-15 16:15:00,2.0
4366,2023-02-15 16:30:00,1.6
4367,2023-02-15 16:45:00,1.7
4368,2023-02-15 17:00:00,1.5
4369,2023-02-15 17:15:00,1.4
4370,2023-02-15 17:30:00,1.9
4371,2023-02-15 17:45:00,1.8
4372,2023-02-15 18:00:00,1.5
4373,2023-02-15 18:15:00,1.8
4374,2023-02-15 18:30:00,2.0
4375,2023-02-15 18:45:00,1.5
4376,2023-02-15 19:00:00,1.5
4377,2023-02-15 19:15:00,2.0
4378,2023-02-15 19:30:00,1.5
4379,2023-02-15 19:45:00,1.7
4380,2023-02-15 20:00:00,1.8
4381,2023-02-15 20:15:00,2.1
4382,2023-02-15 20:30:00,1.9
4383,2023-02-15 20:45:00,1.6
4384,2023-02-15 21:00:00,2.3
4385,2023-02-15 21:15:00,1.9
4386,2023-02-15 21:30:00,1.8
4387,2023-02-15 21:45:00,1.9
4388,2023-02-15 22:00:00,1.9
4389,2023-02-15 22:15:00,2.3
4390,2023-02-15 22:30:00,14.4
4391,2023-02-15 22:45:00,13.8
4392,2023-02-15 23:00:00,16.8
4393,2023-02-15 23:15:00,16.4
4394,2023-02-15 23:30:00,16.4
4395,2023-02-15 23:45:00,16.3
4396,2023-02-16 00:00:00,16.4
4397,2023-02-16 00:15:00,16.8
4398,2023-02-16 00:30:00,16.7
4399,2023-02-16 00:45:00,4.4
4400,2023-02-16 01:00:00,4.9
4401,2023-02-16 01:15:00,4.5
4402,2023-02-16 01:30:00,16.6
4403,2023-02-16 01:45:00,16.8
4404,2023-02-16 02:00:00,16.4
4405,2023-02-16 02:15:00,17.1
4406,2023-02-16 02:30:00,16.5
4407,2023-02-16 02:45:00,16.6
4408,2023-02-16 03:00:00,16.4
4409,2023-02-16 03:15:00,16.8
4410,2023-02-16 03:30:00,17.0
4411,2023-02-16 03:45:00,4.7
4412,2023-02-16 04:00:00,4.6
4413,2023-02-16 04:15:00,4.9
4414,2023-02-16 04:30:00,4.5
4415,2023-02-16 04:45:00,5.1
4416,2023-02-16 05:00:00,4.5
4417,2023-02-16 05:15:00,4.7
4418,2023-02-16 05:30:00,4.7
4419,2023-02-16 05:45:00,4.4
4420,2023-02-16 06:00:00,4.9
4421,2023-02-16 06:15:00,4.8
4422,2023-02-16 06:30:00,4.4
4423,2023-02-16 06:45:00,4.4
4424,2023-02-16 07:00:00,4.5
4425,2023-02-16 07:15:00,5.0
4426,2023-02-16 07:30:00,4.7
4427,2023-02-16 07:45:00,4.4
4428,2023-02-16 08:00:00,4.4
4429,2023-02-16 08:15:00,4.6
4430,2023-02-16 08:30:00,4.2
4431,2023-02-16 08:45:00,4.7
4432,2023-02-16 09:00:00,4.2
4433,2023-02-16 09:15:00,4.3
4434,2023-02-16 09:30:00,4.4
4435,2023-02-16 09:45:00,4.5
4436,2023-02-16 10:00:00,4.3
4437,2023-02-16 10:15:00,4.3
4438,2023-02-16 10:30:00,4.2
4439,2023-02-16 10:45:00,4.5
4440,2023-02-16 11:00:00,4.4
4441,2023-02-16 11:15:00,4.6
4442,2023-02-16 11:30:00,4.8
4443,2023-02-16 11:45:00,4.2
4444,2023-02-16 12:00:00,2.2
4445,2023-02-16 12:15:00,1.3
4446,2023-02-16 12:30:00,1.5
4447,2023-02-16 12:45:00,2.2
4448,2023-02-16 13:00:00,1.4
4449,2023-02-16 13:15:00,1.7
4450,2023-02-16 13:30:00,1.8
4451,2023-02-16 13:45:00,1.6
4452,2023-02-16 14:00:00,1.4
4453,2023-02-16 14:15:00,1.8
4454,2023-02-16 14:30:00,1.5
4455,2023-02-16 14:45:00,1.6
4456,2023-02-16 15:00:00,1.4
4457,2023-02-16 15:15:00,1.5
4458,2023-02-16 15:30:00,1.9
4459,2023-02-16 15:45:00,1.3
4460,2023-02-16 16:00:00,1.9
4461,2023-02-16 16:15:00,1.5
4462,2023-02-16 16:30:00,1.4
4463,2023-02-16 16:45:00,1.6
4464,2023-02-16 17:00:00,1.5
4465,2023-02-16 17:15:00,1.7
4466,2023-02-16 17:30:00,2.1
4467,2023-02-16 17:45:00,1.8
4468,2023-02-16 18:00:00,1.5
4469,2023-02-16 18:15:00,1.9
4470,2023-02-16 18:30:00,1.6
4471,2023-02-16 18:45:00,1.7
4472,2023-02-16 19:00:00,1.5
4473,2023-02-16 19:15:00,1.9
4474,2023-02-16 19:30:00,2.1
4475,2023-02-16 19:45:00,1.7
4476,2023-02-16 20:00:00,1.4
4477,2023-02-16 20:15:00,2.1
4478,2023-02-16 20:30:00,1.4
4479,2023-02-16 20:45:00,1.4
4480,2023-02-16 21:00:00,1.8
4481,2023-02-16 21:15:00,1.6
4482,2023-02-16 21:30:00,2.1
4483,2023-02-16 21:45:00,14.0
4484,2023-02-16 22:00:00,13.9
4485,2023-02-16 22:15:00,13.9
4486,2023-02-16 22:30:00,13.9
4487,2023-02-16 22:45:00,16.7
4488,2023-02-16 23:00:00,16.4
4489,2023-02-16 23:15:00,17.0
4490,2023-02-16 23:30:00,16.6
4491,2023-02-16 23:45:00,16.3
4492,2023-02-17 00:00:00,16.3
4493,2023-02-17 00:15:00,16.8
4494,2023-02-17 00:30:00,16.6
4495,2023-02-17 00:45:00,16.5
4496,2023-02-17 01:00:00,16.3
4497,2023-02-17 01:15:00,16.6
4498,2023-02-17 01:30:00,16.2
4499,2023-02-17 01:45:00,16.6
4500,2023-02-17 02:00:00,16.6
4501,2023-02-17 02:15:00,16.7
4502,2023-02-17 02:30:00,16.2
4503,2023-02-17 02:45:00,16.6
4504,2023-02-17 03:00:00,16.7
4505,2023-02-17 03:15:00,16.3
4506,2023-02-17 03:30:00,16.5
4507,2023-02-17 03:45:00,4.4
4508,2023-02-17 04:00:00,4.6
4509,2023-02-17 04:15:00,4.4
4510,2023-02-17 04:30:00,4.5
4511,2023-02-17 04:45:00,4.2
4512,2023-02-17 05:00:00,4.9
4513,2023-02-17 05:15:00,4.4
4514,2023-02-17 05:30:00,4.3
4515,2023-02-17 05:45:00,6.3
4516,2023-02-17 06:00:00,4.6
4517,2023-02-17 06:15:00,4.3
4518,2023-02-17 06:30:00,4.4
4519,2023-02-17 06:45:00,4.7
4520,2023-02-17 07:00:00,4.6
4521,2023-02-17 07:15:00,4.8
4522,2023-02-17 07:30:00,4.3
4523,2023-02-17 07:45:00,4.8
4524,2023-02-17 08:00:00,4.2
4525,2023-02-17 08:15:00,4.3
4526,2023-02-17 08:30:00,5.0
4527,2023-02-17 08:45:00,4.2
4528,2023-02-17 09:00:00,4.3
4529,2023-02-17 09:15:00,4.5
4530,2023-02-17 09:30:00,4.3
4531,2023-02-17 09:45:00,4.2
4532,2023-02-17 10:00:00,4.6
4533,2023-02-17 10:15:00,4.9
4534,2023-02-17 10:30:00,4.6
4535,2023-02-17 10:45:00,4.1
4536,2023-02-17 11:00:00,4.3
4537,2023-02-17 11:15:00,4.4
4538,2023-02-17 11:30:00,4.4
4539,2023-02-17 11:45:00,16.6
4540,2023-02-17 12:00:00,17.3
4541,2023-02-17 12:15:00,16.8
4542,2023-02-17 12:30:00,16.7
4543,2023-02-17 12:45:00,13.8
4544,2023-02-17 13:00:00,13.5
4545,2023-02-17 13:15:00,13.6
4546,2023-02-17 13:30:00,1.8
4547,2023-02-17 13:45:00,1.8
4548,2023-02-17 14:00:00,2.0
4549,2023-02-17 14:15:00,1.7
4550,2023-02-17 14:30:00,1.8
4551,2023-02-17 14:45:00,2.0
4552,2023-02-17 15:00:00,1.7
4553,2023-02-17 15:15:00,1.5
4554,2023-02-17 15:30:00,1.8
4555,2023-02-17 15:45:00,3.8
4556,2023-02-17 16:00:00,1.6
4557,2023-02-17 16:15:00,1.6
4558,2023-02-17 16:30:00,2.0
4559,2023-02-17 16:45:00,1.8
4560,2023-02-17 17:00:00,1.6
4561,2023-02-17 17:15:00,1.7
4562,2023-02-17 17:30:00,1.7
4563,2023-02-17 17:45:00,2.1
4564,2023-02-17 18:00:00,1.6
4565,2023-02-17 18:15:00,1.9
4566,2023-02-17 18:30:00,1.9
4567,2023-02-17 18:45:00,1.9
4568,2023-02-17 19:00:00,2.0
4569,2023-02-17 19:15:00,1.7
4570,2023-02-17 19:30:00,1.6
4571,2023-02-17 19:45:00,1.9
4572,2023-02-17 20:00:00,1.7
4573,2023-02-17 20:15:00,1.6
4574,2023-02-17 20:30:00,1.7
4575,2023-02-17 20:45:00,1.8
4576,2023-02-17 21:00:00,2.2
4577,2023-02-17 21:15:00,1.6
4578,2023-02-17 21:30:00,1.9
4579,2023-02-17 21:45:00,1.9
4580,2023-02-17 22:00:00,2.0
4581,2023-02-17 22:15:00,1.8
4582,2023-02-17 22:30:00,1.9
4583,2023-02-17 22:45:00,4.8
4584,2023-02-17 23:00:00,4.6
4585,2023-02-17 23:15:00,5.1
4586,2023-02-17 23:30:00,4.7
4587,2023-02-17 23:45:00,4.7
4588,2023-02-18 00:00:00,4.8
4589,2023-02-18 00:15:00,4.8
4590,2023-02-18 00:30:00,4.6
4591,2023-02-18 00:45:00,5.0
4592,2023-02-18 01:00:00,4.9
4593,2023-02-18 01:15:00,5.0
4594,2023-02-18 01:30:00,4.9
4595,2023-02-18 01:45:00,4.7
4596,2023-02-18 02:00:00,4.7
4597,2023-02-18 02:15:00,5.0
4598,2023-02-18 02:30:00,4.9
4599,2023-02-18 02:45:00,4.6
4600,2023-02-18 03:00:00,4.9
4601,2023-02-18 03:15:00,4.7
4602,2023-02-18 03:30:00,4.7
4603,2023-02-18 03:45:00,5.0
4604,2023-02-18 04:00:00,4.6
4605,2023-02-18 04:15:00,4.7
4606,2023-02-18 04:30:00,5.3
4607,2023-02-18 04:45:00,4.6
4608,2023-02-18 05:00:00,4.6
4609,2023-02-18 05:15:00,4.8
4610,2023-02-18 05:30:00,4.4
4611,2023-02-18 05:45:00,4.6
4612,2023-02-18 06:00:00,4.7
4613,2023-02-18 06:15:00,4.3
4614,2023-02-18 06:30:00,4.5
4615,2023-02-18 06:45:00,4.7
4616,2023-02-18 07:00:00,4.5
4617,2023-02-18 07:15:00,4.4
4618,2023-02-18 07:30:00,4.6
4619,2023-02-18 07:45:00,4.4
4620,2023-02-18 08:00:00,4.3
4621,2023-02-18 08:15:00,4.6
4622,2023-02-18 08:30:00,4.5
4623,2023-02-18 08:45:00,4.3
4624,2023-02-18 09:00:00,4.2
4625,2023-02-18 09:15:00,4.4
4626,2023-02-18 09:30:00,4.3
4627,2023-02-18 09:45:00,4.3
4628,2023-02-18 10:00:00,4.9
4629,2023-02-18 10:15:00,4.4
4630,2023-02-18 10:30:00,4.3
4631,2023-02-18 10:45:00,4.3
4632,2023-02-18 11:00:00,4.6
4633,2023-02-18 11:15:00,4.2
4634,2023-02-18 11:30:00,4.5
4635,2023-02-18 11:45:00,4.2
4636,2023-02-18 12:00:00,1.4
4637,2023-02-18 12:15:00,1.6
4638,2023-02-18 12:30:00,1.3
4639,2023-02-18 12:45:00,1.5
4640,2023-02-18 13:00:00,1.9
4641,2023-02-18 13:15:00,1.6
4642,2023-02-18 13:30:00,1.5
4643,2023-02-18 13:45:00,1.8
4644,2023-02-18 14:00:00,1.8
4645,2023-02-18 14:15:00,1.3
4646,2023-02-18 14:30:00,2.0
4647,2023-02-18 14:45:00,1.5
4648,2023-02-18 15:00:00,1.3
4649,2023-02-18 15:15:00,1.6
4650,2023-02-18 15:30:00,1.6
4651,2023-02-18 15:45:00,1.3
4652,2023-02-18 16:00:00,1.7
4653,2023-02-18 16:15:00,1.3
4654,2023-02-18 16:30:00,1.3
4655,2023-02-18 16:45:00,2.0
4656,2023-02-18 17:00:00,1.3
4657,2023-02-18 17:15:00,1.6
4658,2023-02-18 17:30:00,1.8
4659,2023-02-18 17:45:00,1.5
4660,2023-02-18 18:00:00,1.5
4661,2023-02-18 18:15:00,1.3
4662,2023-02-18 18:30:00,1.3
4663,2023-02-18 18:45:00,1.4
4664,2023-02-18 19:00:00,1.5
4665,2023-02-18 19:15:00,1.4
4666,2023-02-18 19:30:00,1.4
4667,2023-02-18 19:45:00,1.3
4668,2023-02-18 20:00:00,1.4
4669,2023-02-18 20:15:00,1.4
4670,2023-02-18 20:30:00,1.6
4671,2023-02-18 20:45:00,1.5
4672,2023-02-18 21:00:00,1.3
4673,2023-02-18 21:15:00,1.4
4674,2023-02-18 21:30:00,1.7
4675,2023-02-18 21:45:00,1.4
4676,2023-02-18 22:00:00,1.4
4677,2023-02-18 22:15:00,1.7
4678,2023-02-18 22:30:00,1.3
4679,2023-02-18 22:45:00,1.7
4680,2023-02-18 23:00:00,4.3
4681,2023-02-18 23:15:00,4.3
4682,2023-02-18 23:30:00,4.5
4683,2023-02-18 23:45:00,4.4
4684,2023-02-19 00:00:00,4.4
4685,2023-02-19 00:15:00,4.4
4686,2023-02-19 00:30:00,4.5
4687,2023-02-19 00:45:00,4.4
4688,2023-02-19 01:00:00,5.0
4689,2023-02-19 01:15:00,4.5
4690,2023-02-19 01:30:00,4.4
4691,2023-02-19 01:45:00,4.6
4692,2023-02-19 02:00:00,4.7
4693,2023-02-19 02:15:00,4.4
4694,2023-02-19 02:30:00,4.6
4695,2023-02-19 02:45:00,4.4
4696,2023-02-19 03:00:00,4.3
4697,2023-02-19 03:15:00,5.0
4698,2023-02-19 03:30:00,4.4
4699,2023-02-19 03:45:00,4.4
4700,2023-02-19 04:00:00,4.7
4701,2023-02-19 04:15:00,4.7
4702,2023-02-19 04:30:00,4.3
4703,2023-02-19 04:45:00,4.8
4704,2023-02-19 05:00:00,4.3
4705,2023-02-19 05:15:00,4.5
4706,2023-02-19 05:30:00,4.6
4707,2023-02-19 05:45:00,4.4
4708,2023-02-19 06:00:00,4.6
4709,2023-02-19 06:15:00,4.5
4710,2023-02-19 06:30:00,4.7
4711,2023-02-19 06:45:00,4.4
4712,2023-02-19 07:00:00,4.5
4713,2023-02-19 07:15:00,4.4
4714,2023-02-19 07:30:00,4.6
4715,2023-02-19 07:45:00,4.4
4716,2023-02-19 08:00:00,4.4
4717,2023-02-19 08:15:00,4.4
4718,2023-02-19 08:30:00,4.6
4719,2023-02-19 08:45:00,4.7
4720,2023-02-19 09:00:00,4.7
4721,2023-02-19 09:15:00,4.4
4722,2023-02-19 09:30:00,4.4
4723,2023-02-19 09:45:00,4.6
4724,2023-02-19 10:00:00,4.4
4725,2023-02-19 10:15:00,4.4
4726,2023-02-19 10:30:00,4.6
4727,2023-02-19 10:45:00,4.3
4728,2023-02-19 11:00:00,4.7
4729,2023-02-19 11:15:00,4.7
4730,2023-02-19 11:30:00,4.3
4731,2023-02-19 11:45:00,4.4
4732,2023-02-19 12:00:00,2.4
4733,2023-02-19 12:15:00,1.6
4734,2023-02-19 12:30:00,1.8
4735,2023-02-19 12:45:00,2.1
4736,2023-02-19 13:00:00,1.6
4737,2023-02-19 13:15:00,1.5
4738,2023-02-19 13:30:00,1.7
4739,2023-02-19 13:45:00,1.5
4740,2023-02-19 14:00:00,1.4
4741,2023-02-19 14:15:00,1.7
4742,2023-02-19 14:30:00,1.8
4743,2023-02-19 14:45:00,1.5
4744,2023-02-19 15:00:00,1.6
4745,2023-02-19 15:15:00,1.4
4746,2023-02-19 15:30:00,1.7
4747,2023-02-19 15:45:00,1.3
4748,2023-02-19 16:00:00,1.4
4749,2023-02-19 16:15:00,1.3
4750,2023-02-19 16:30:00,1.7
4751,2023-02-19 16:45:00,1.3
4752,2023-02-19 17:00:00,1.5
4753,2023-02-19 17:15:00,1.6
4754,2023-02-19 17:30:00,2.0
4755,2023-02-19 17:45:00,1.5
4756,2023-02-19 18:00:00,1.5
4757,2023-02-19 18:15:00,1.6
4758,2023-02-19 18:30:00,2.0
4759,2023-02-19 18:45:00,1.5
4760,2023-02-19 19:00:00,1.6
4761,2023-02-19 19:15:00,2.1
4762,2023-02-19 19:30:00,1.6
4763,2023-02-19 19:45:00,1.7
4764,2023-02-19 20:00:00,1.9
4765,2023-02-19 20:15:00,1.7
4766,2023-02-19 20:30:00,1.4
4767,2023-02-19 20:45:00,2.0
4768,2023-02-19 21:00:00,1.3
4769,2023-02-19 21:15:00,1.6
4770,2023-02-19 21:30:00,1.6
4771,2023-02-19 21:45:00,1.4
4772,2023-02-19 22:00:00,1.3
4773,2023-02-19 22:15:00,1.5
4774,2023-02-19 22:30:00,1.5
4775,2023-02-19 22:45:00,2.0
4776,2023-02-19 23:00:00,4.6
4777,2023-02-19 23:15:00,4.5
4778,2023-02-19 23:30:00,4.2
4779,2023-02-19 23:45:00,4.4
4780,2023-02-20 00:00:00,4.2
4781,2023-02-20 00:15:00,4.6
4782,2023-02-20 00:30:00,4.3
4783,2023-02-20 00:45:00,4.5
4784,2023-02-20 01:00:00,4.7
4785,2023-02-20 01:15:00,4.3
4786,2023-02-20 01:30:00,4.4
4787,2023-02-20 01:45:00,4.1
4788,2023-02-20 02:00:00,4.1
4789,2023-02-20 02:15:00,4.2
4790,2023-02-20 02:30:00,4.6
4791,2023-02-20 02:45:00,4.2
4792,2023-02-20 03:00:00,4.6
4793,2023-02-20 03:15:00,4.2
4794,2023-02-20 03:30:00,4.1
4795,2023-02-20 03:45:00,4.7
4796,2023-02-20 04:00:00,4.2
4797,2023-02-20 04:15:00,4.1
4798,2023-02-20 04:30:00,4.3
4799,2023-02-20 04:45:00,4.5
4800,2023-02-20 05:00:00,4.2
4801,2023-02-20 05:15:00,4.4
4802,2023-02-20 05:30:00,4.1
4803,2023-02-20 05:45:00,4.6
4804,2023-02-20 06:00:00,4.4
4805,2023-02-20 06:15:00,4.6
4806,2023-02-20 06:30:00,4.7
4807,2023-02-20 06:45:00,4.4
4808,2023-02-20 07:00:00,4.3
4809,2023-02-20 07:15:00,4.6
4810,2023-02-20 07:30:00,4.6
4811,2023-02-20 07:45:00,4.3
4812,2023-02-20 08:00:00,4.6
4813,2023-02-20 08:15:00,4.1
4814,2023-02-20 08:30:00,4.2
4815,2023-02-20 08:45:00,4.2
4816,2023-02-20 09:00:00,4.4
4817,2023-02-20 09:15:00,4.2
4818,2023-02-20 09:30:00,4.6
4819,2023-02-20 09:45:00,4.4
4820,2023-02-20 10:00:00,4.9
4821,2023-02-20 10:15:00,4.6
4822,2023-02-20 10:30:00,4.6
4823,2023-02-20 10:45:00,5.1
4824,2023-02-20 11:00:00,4.6
4825,2023-02-20 11:15:00,4.4
4826,2023-02-20 11:30:00,4.3
4827,2023-02-20 11:45:00,17.1
4828,2023-02-20 12:00:00,16.9
4829,2023-02-20 12:15:00,16.9
4830,2023-02-20 12:30:00,14.5
4831,2023-02-20 12:45:00,14.0
4832,2023-02-20 13:00:00,13.8
4833,2023-02-20 13:15:00,13.5
4834,2023-02-20 13:30:00,14.0
4835,2023-02-20 13:45:00,1.5
4836,2023-02-20 14:00:00,1.7
4837,2023-02-20 14:15:00,2.0
4838,2023-02-20 14:30:00,1.7
4839,2023-02-20 14:45:00,1.5
4840,2023-02-20 15:00:00,1.7
4841,2023-02-20 15:15:00,2.0
4842,2023-02-20 15:30:00,1.5
4843,2023-02-20 15:45:00,1.6
4844,2023-02-20 16:00:00,1.8
4845,2023-02-20 16:15:00,2.3
4846,2023-02-20 16:30:00,1.4
4847,2023-02-20 16:45:00,2.9
4848,2023-02-20 17:00:00,2.1
4849,2023-02-20 17:15:00,1.4
4850,2023-02-20 17:30:00,1.6
4851,2023-02-20 17:45:00,1.6
4852,2023-02-20 18:00:00,1.4
4853,2023-02-20 18:15:00,1.7
4854,2023-02-20 18:30:00,1.6
4855,2023-02-20 18:45:00,1.9
4856,2023-02-20 19:00:00,1.9
4857,2023-02-20 19:15:00,1.6
4858,2023-02-20 19:30:00,1.8
4859,2023-02-20 19:45:00,1.8
4860,2023-02-20 20:00:00,14.0
4861,2023-02-20 20:15:00,13.8
4862,2023-02-20 20:30:00,14.3
4863,2023-02-20 20:45:00,13.6
4864,2023-02-20 21:00:00,13.8
4865,2023-02-20 21:15:00,13.7
4866,2023-02-20 21:30:00,13.5
4867,2023-02-20 21:45:00,13.6
4868,2023-02-20 22:00:00,13.3
4869,2023-02-20 22:15:00,13.7
4870,2023-02-20 22:30:00,14.0
4871,2023-02-20 22:45:00,13.7
4872,2023-02-20 23:00:00,16.3
4873,2023-02-20 23:15:00,16.6
4874,2023-02-20 23:30:00,16.4
4875,2023-02-20 23:45:00,16.2
4876,2023-02-21 00:00:00,16.9
4877,2023-02-21 00:15:00,16.5
4878,2023-02-21 00:30:00,4.4
4879,2023-02-21 00:45:00,4.4
4880,2023-02-21 01:00:00,4.5
4881,2023-02-21 01:15:00,4.3
4882,2023-02-21 01:30:00,4.3
4883,2023-02-21 01:45:00,16.5
4884,2023-02-21 02:00:00,16.8
4885,2023-02-21 02:15:00,16.3
4886,2023-02-21 02:30:00,16.5
4887,2023-02-21 02:45:00,17.2
4888,2023-02-21 03:00:00,16.4
4889,2023-02-21 03:15:00,4.6
4890,2023-02-21 03:30:00,4.5
4891,2023-02-21 03:45:00,4.2
4892,2023-02-21 04:00:00,4.6
4893,2023-02-21 04:15:00,4.2
4894,2023-02-21 04:30:00,4.3
4895,2023-02-21 04:45:00,4.5
4896,2023-02-21 05:00:00,4.2
4897,2023-02-21 05:15:00,4.5
4898,2023-02-21 05:30:00,4.7
4899,2023-02-21 05:45:00,4.2
4900,2023-02-21 06:00:00,4.6
4901,2023-02-21 06:15:00,4.7
4902,2023-02-21 06:30:00,4.3
4903,2023-02-21 06:45:00,4.7
4904,2023-02-21 07:00:00,4.3
4905,2023-02-21 07:15:00,4.5
4906,2023-02-21 07:30:00,4.3
4907,2023-02-21 07:45:00,4.4
4908,2023-02-21 08:00:00,4.8
4909,2023-02-21 08:15:00,4.4
4910,2023-02-21 08:30:00,4.2
4911,2023-02-21 08:45:00,4.3
4912,2023-02-21 09:00:00,4.8
4913,2023-02-21 09:15:00,4.2
4914,2023-02-21 09:30:00,4.3
4915,2023-02-21 09:45:00,4.7
4916,2023-02-21 10:00:00,4.2
4917,2023-02-21 10:15:00,4.4
4918,2023-02-21 10:30:00,16.8
4919,2023-02-21 10:45:00,17.2
4920,2023-02-21 11:00:00,16.8
4921,2023-02-21 11:15:00,16.5
4922,2023-02-21 11:30:00,16.7
4923,2023-02-21 11:45:00,17.1
4924,2023-02-21 12:00:00,13.6
4925,2023-02-21 12:15:00,13.7
4926,2023-02-21 12:30:00,13.7
4927,2023-02-21 12:45:00,13.5
4928,2023-02-21 13:00:00,1.6
4929,2023-02-21 13:15:00,1.7
4930,2023-02-21 13:30:00,1.7
4931,2023-02-21 13:45:00,1.6
4932,2023-02-21 14:00:00,1.9
4933,2023-02-21 14:15:00,1.6
4934,2023-02-21 14:30:00,1.8
4935,2023-02-21 14:45:00,2.1
4936,2023-02-21 15:00:00,1.5
4937,2023-02-21 15:15:00,1.8
4938,2023-02-21 15:30:00,1.7
4939,2023-02-21 15:45:00,1.5
4940,2023-02-21 16:00:00,1.5
4941,2023-02-21 16:15:00,1.7
4942,2023-02-21 16:30:00,1.4
4943,2023-02-21 16:45:00,1.4
4944,2023-02-21 17:00:00,1.7
4945,2023-02-21 17:15:00,2.1
4946,2023-02-21 17:30:00,1.3
4947,2023-02-21 17:45:00,1.3
4948,2023-02-21 18:00:00,1.7
4949,2023-02-21 18:15:00,2.2
4950,2023-02-21 18:30:00,1.5
4951,2023-02-21 18:45:00,1.7
4952,2023-02-21 19:00:00,1.8
4953,2023-02-21 19:15:00,1.5
4954,2023-02-21 19:30:00,14.2
4955,2023-02-21 19:45:00,14.4
4956,2023-02-21 20:00:00,14.1
4957,2023-02-21 20:15:00,13.9
4958,2023-02-21 20:30:00,25.4
4959,2023-02-21 20:45:00,25.3
4960,2023-02-21 21:00:00,24.7
4961,2023-02-21 21:15:00,25.9
4962,2023-02-21 21:30:00,29.6
4963,2023-02-21 21:45:00,29.5
4964,2023-02-21 22:00:00,27.8
4965,2023-02-21 22:15:00,26.6
4966,2023-02-21 22:30:00,26.9
4967,2023-02-21 22:45:00,28.1
4968,2023-02-21 23:00:00,30.0
4969,2023-02-21 23:15:00,31.3
4970,2023-02-21 23:30:00,28.6
4971,2023-02-21 23:45:00,29.0
4972,2023-02-22 00:00:00,30.0
4973,2023-02-22 00:15:00,28.0
4974,2023-02-22 00:30:00,4.8
4975,2023-02-22 00:45:00,4.7
4976,2023-02-22 01:00:00,4.6
4977,2023-02-22 01:15:00,4.5
4978,2023-02-22 01:30:00,4.9
4979,2023-02-22 01:45:00,4.5
4980,2023-02-22 02:00:00,4.6
4981,2023-02-22 02:15:00,5.1
4982,2023-02-22 02:30:00,4.7
4983,2023-02-22 02:45:00,4.6
4984,2023-02-22 03:00:00,4.4
4985,2023-02-22 03:15:00,5.5
4986,2023-02-22 03:30:00,4.4
4987,2023-02-22 03:45:00,4.7
4988,2023-02-22 04:00:00,4.6
4989,2023-02-22 04:15:00,4.6
4990,2023-02-22 04:30:00,4.7
4991,2023-02-22 04:45:00,4.4
4992,2023-02-22 05:00:00,4.8
4993,2023-02-22 05:15:00,4.8
4994,2023-02-22 05:30:00,4.6
4995,2023-02-22 05:45:00,4.6
4996,2023-02-22 06:00:00,4.6
4997,2023-02-22 06:15:00,4.6
4998,2023-02-22 06:30:00,4.9
4999,2023-02-22 06:45:00,4.8
5000,2023-02-22 07:00:00,4.6
5001,2023-02-22 07:15:00,4.9
5002,2023-02-22 07:30:00,4.4
5003,2023-02-22 07:45:00,4.4
5004,2023-02-22 08:00:00,4.4
5005,2023-02-22 08:15:00,4.6
5006,2023-02-22 08:30:00,4.8
5007,2023-02-22 08:45:00,4.6
5008,2023-02-22 09:00:00,4.3
5009,2023-02-22 09:15:00,4.9
5010,2023-02-22 09:30:00,4.3
5011,2023-02-22 09:45:00,4.3
5012,2023-02-22 10:00:00,4.7
5013,2023-02-22 10:15:00,4.4
5014,2023-02-22 10:30:00,4.3
5015,2023-02-22 10:45:00,4.2
5016,2023-02-22 11:00:00,4.2
5017,2023-02-22 11:15:00,4.8
5018,2023-02-22 11:30:00,4.3
5019,2023-02-22 11:45:00,4.3
5020,2023-02-22 12:00:00,1.8
5021,2023-02-22 12:15:00,1.4
5022,2023-02-22 12:30:00,1.5
5023,2023-02-22 12:45:00,1.7
5024,2023-02-22 13:00:00,1.4
5025,2023-02-22 13:15:00,1.4
5026,2023-02-22 13:30:00,1.7
5027,2023-02-22 13:45:00,1.4
5028,2023-02-22 14:00:00,1.4
5029,2023-02-22 14:15:00,1.5
5030,2023-02-22 14:30:00,1.6
5031,2023-02-22 14:45:00,2.2
5032,2023-02-22 15:00:00,1.4
5033,2023-02-22 15:15:00,1.7
5034,2023-02-22 15:30:00,1.7
5035,2023-02-22 15:45:00,1.5
5036,2023-02-22 16:00:00,1.7
5037,2023-02-22 16:15:00,1.8
5038,2023-02-22 16:30:00,1.3
5039,2023-02-22 16:45:00,1.7
5040,2023-02-22 17:00:00,1.3
5041,2023-02-22 17:15:00,1.3
5042,2023-02-22 17:30:00,1.3
5043,2023-02-22 17:45:00,1.5
5044,2023-02-22 18:00:00,1.7
5045,2023-02-22 18:15:00,1.4
5046,2023-02-22 18:30:00,1.3
5047,2023-02-22 18:45:00,1.6
5048,2023-02-22 19:00:00,2.0
5049,2023-02-22 19:15:00,1.3
5050,2023-02-22 19:30:00,13.8
5051,2023-02-22 19:45:00,14.4
5052,2023-02-22 20:00:00,13.9
5053,2023-02-22 20:15:00,13.7
5054,2023-02-22 20:30:00,14.0
5055,2023-02-22 20:45:00,14.0
5056,2023-02-22 21:00:00,14.0
5057,2023-02-22 21:15:00,1.7
5058,2023-02-22 21:30:00,1.4
5059,2023-02-22 21:45:00,1.4
5060,2023-02-22 22:00:00,1.8
5061,2023-02-22 22:15:00,1.4
5062,2023-02-22 22:30:00,1.4
5063,2023-02-22 22:45:00,4.2
5064,2023-02-22 23:00:00,4.6
5065,2023-02-22 23:15:00,4.5
5066,2023-02-22 23:30:00,4.2
5067,2023-02-22 23:45:00,4.3
5068,2023-02-23 00:00:00,4.9
5069,2023-02-23 00:15:00,4.7
5070,2023-02-23 00:30:00,4.4
5071,2023-02-23 00:45:00,4.6
5072,2023-02-23 01:00:00,4.6
5073,2023-02-23 01:15:00,4.6
5074,2023-02-23 01:30:00,4.4
5075,2023-02-23 01:45:00,4.3
5076,2023-02-23 02:00:00,4.8
5077,2023-02-23 02:15:00,4.6
5078,2023-02-23 02:30:00,4.2
5079,2023-02-23 02:45:00,4.6
5080,2023-02-23 03:00:00,4.8
5081,2023-02-23 03:15:00,4.4
5082,2023-02-23 03:30:00,4.2
5083,2023-02-23 03:45:00,4.8
5084,2023-02-23 04:00:00,4.9
5085,2023-02-23 04:15:00,4.5
5086,2023-02-23 04:30:00,4.5
5087,2023-02-23 04:45:00,4.4
5088,2023-02-23 05:00:00,4.6
5089,2023-02-23 05:15:00,4.4
5090,2023-02-23 05:30:00,4.5
5091,2023-02-23 05:45:00,4.4
5092,2023-02-23 06:00:00,4.5
5093,2023-02-23 06:15:00,4.3
5094,2023-02-23 06:30:00,4.2
5095,2023-02-23 06:45:00,4.4
5096,2023-02-23 07:00:00,4.4
5097,2023-02-23 07:15:00,4.5
5098,2023-02-23 07:30:00,4.7
5099,2023-02-23 07:45:00,4.4
5100,2023-02-23 08:00:00,4.7
5101,2023-02-23 08:15:00,4.3
5102,2023-02-23 08:30:00,4.5
5103,2023-02-23 08:45:00,4.9
5104,2023-02-23 09:00:00,4.3
5105,2023-02-23 09:15:00,4.4
5106,2023-02-23 09:30:00,4.7
5107,2023-02-23 09:45:00,4.5
5108,2023-02-23 10:00:00,4.3
5109,2023-02-23 10:15:00,4.6
5110,2023-02-23 10:30:00,4.4
5111,2023-02-23 10:45:00,4.7
5112,2023-02-23 11:00:00,4.4
5113,2023-02-23 11:15:00,4.3
5114,2023-02-23 11:30:00,4.5
5115,2023-02-23 11:45:00,4.6
5116,2023-02-23 12:00:00,4.5
5117,2023-02-23 12:15:00,1.7
5118,2023-02-23 12:30:00,1.6
5119,2023-02-23 12:45:00,1.6
5120,2023-02-23 13:00:00,1.4
5121,2023-02-23 13:15:00,1.7
5122,2023-02-23 13:30:00,1.5
5123,2023-02-23 13:45:00,1.5
5124,2023-02-23 14:00:00,1.4
5125,2023-02-23 14:15:00,1.4
5126,2023-02-23 14:30:00,1.4
5127,2023-02-23 14:45:00,1.4
5128,2023-02-23 15:00:00,1.6
5129,2023-02-23 15:15:00,1.9
5130,2023-02-23 15:30:00,1.5
5131,2023-02-23 15:45:00,1.8
5132,2023-02-23 16:00:00,1.9
5133,2023-02-23 16:15:00,1.3
5134,2023-02-23 16:30:00,1.3
5135,2023-02-23 16:45:00,1.7
5136,2023-02-23 17:00:00,1.5
5137,2023-02-23 17:15:00,1.3
5138,2023-02-23 17:30:00,2.2
5139,2023-02-23 17:45:00,1.3
5140,2023-02-23 18:00:00,1.4
5141,2023-02-23 18:15:00,1.3
5142,2023-02-23 18:30:00,1.6
5143,2023-02-23 18:45:00,1.3
5144,2023-02-23 19:00:00,1.6
5145,2023-02-23 19:15:00,1.7
5146,2023-02-23 19:30:00,1.4
5147,2023-02-23 19:45:00,1.4
5148,2023-02-23 20:00:00,1.6
5149,2023-02-23 20:15:00,1.5
5150,2023-02-23 20:30:00,1.3
5151,2023-02-23 20:45:00,1.5
5152,2023-02-23 21:00:00,2.2
5153,2023-02-23 21:15:00,1.2
5154,2023-02-23 21:30:00,1.2
5155,2023-02-23 21:45:00,14.0
5156,2023-02-23 22:00:00,14.2
5157,2023-02-23 22:15:00,13.5
5158,2023-02-23 22:30:00,14.1
5159,2023-02-23 22:45:00,13.6
5160,2023-02-23 23:00:00,16.8
5161,2023-02-23 23:15:00,16.7
5162,2023-02-23 23:30:00,16.5
5163,2023-02-23 23:45:00,16.6
5164,2023-02-24 00:00:00,17.2
5165,2023-02-24 00:15:00,16.6
5166,2023-02-24 00:30:00,16.3
5167,2023-02-24 00:45:00,16.1
5168,2023-02-24 01:00:00,16.4
5169,2023-02-24 01:15:00,16.3
5170,2023-02-24 01:30:00,15.9
5171,2023-02-24 01:45:00,16.2
5172,2023-02-24 02:00:00,16.2
5173,2023-02-24 02:15:00,16.0
5174,2023-02-24 02:30:00,16.2
5175,2023-02-24 02:45:00,15.9
5176,2023-02-24 03:00:00,16.2
5177,2023-02-24 03:15:00,15.9
5178,2023-02-24 03:30:00,16.1
5179,2023-02-24 03:45:00,16.1
5180,2023-02-24 04:00:00,4.3
5181,2023-02-24 04:15:00,4.3
5182,2023-02-24 04:30:00,4.1
5183,2023-02-24 04:45:00,4.3
5184,2023-02-24 05:00:00,4.1
5185,2023-02-24 05:15:00,4.6
5186,2023-02-24 05:30:00,4.2
5187,2023-02-24 05:45:00,4.6
5188,2023-02-24 06:00:00,4.2
5189,2023-02-24 06:15:00,4.5
5190,2023-02-24 06:30:00,4.1
5191,2023-02-24 06:45:00,4.3
5192,2023-02-24 07:00:00,4.6
5193,2023-02-24 07:15:00,4.2
5194,2023-02-24 07:30:00,4.6
5195,2023-02-24 07:45:00,4.5
5196,2023-02-24 08:00:00,4.7
5197,2023-02-24 08:15:00,4.4
5198,2023-02-24 08:30:00,4.4
5199,2023-02-24 08:45:00,4.9
5200,2023-02-24 09:00:00,4.4
5201,2023-02-24 09:15:00,4.5
5202,2023-02-24 09:30:00,4.7
5203,2023-02-24 09:45:00,4.5
5204,2023-02-24 10:00:00,4.3
5205,2023-02-24 10:15:00,4.9
5206,2023-02-24 10:30:00,4.9
5207,2023-02-24 10:45:00,4.4
5208,2023-02-24 11:00:00,4.8
5209,2023-02-24 11:15:00,4.3
5210,2023-02-24 11:30:00,4.4
5211,2023-02-24 11:45:00,4.9
5212,2023-02-24 12:00:00,4.3
5213,2023-02-24 12:15:00,1.6
5214,2023-02-24 12:30:00,2.0
5215,2023-02-24 12:45:00,1.6
5216,2023-02-24 13:00:00,1.8
5217,2023-02-24 13:15:00,2.0
5218,2023-02-24 13:30:00,2.1
5219,2023-02-24 13:45:00,1.8
5220,2023-02-24 14:00:00,2.1
5221,2023-02-24 14:15:00,1.7
5222,2023-02-24 14:30:00,2.0
5223,2023-02-24 14:45:00,2.0
5224,2023-02-24 15:00:00,1.9
5225,2023-02-24 15:15:00,1.6
5226,2023-02-24 15:30:00,1.8
5227,2023-02-24 15:45:00,1.6
5228,2023-02-24 16:00:00,1.6
5229,2023-02-24 16:15:00,2.1
5230,2023-02-24 16:30:00,1.5
5231,2023-02-24 16:45:00,1.6
5232,2023-02-24 17:00:00,1.9
5233,2023-02-24 17:15:00,1.7
5234,2023-02-24 17:30:00,1.9
5235,2023-02-24 17:45:00,1.8
5236,2023-02-24 18:00:00,1.5
5237,2023-02-24 18:15:00,1.6
5238,2023-02-24 18:30:00,1.8
5239,2023-02-24 18:45:00,1.7
5240,2023-02-24 19:00:00,1.6
5241,2023-02-24 19:15:00,1.9
5242,2023-02-24 19:30:00,1.6
5243,2023-02-24 19:45:00,1.3
5244,2023-02-24 20:00:00,1.8
5245,2023-02-24 20:15:00,1.6
5246,2023-02-24 20:30:00,1.5
5247,2023-02-24 20:45:00,1.7
5248,2023-02-24 21:00:00,1.4
5249,2023-02-24 21:15:00,1.3
5250,2023-02-24 21:30:00,1.7
5251,2023-02-24 21:45:00,1.5
5252,2023-02-24 22:00:00,1.3
5253,2023-02-24 22:15:00,1.7
5254,2023-02-24 22:30:00,1.5
5255,2023-02-24 22:45:00,13.8
5256,2023-02-24 23:00:00,17.3
5257,2023-02-24 23:15:00,16.5
5258,2023-02-24 23:30:00,16.5
5259,2023-02-24 23:45:00,16.8
5260,2023-02-25 00:00:00,16.6
5261,2023-02-25 00:15:00,16.3
5262,2023-02-25 00:30:00,4.8
5263,2023-02-25 00:45:00,4.1
5264,2023-02-25 01:00:00,4.4
5265,2023-02-25 01:15:00,4.5
5266,2023-02-25 01:30:00,4.1
5267,2023-02-25 01:45:00,4.1
5268,2023-02-25 02:00:00,4.6
5269,2023-02-25 02:15:00,4.2
5270,2023-02-25 02:30:00,4.2
5271,2023-02-25 02:45:00,4.3
5272,2023-02-25 03:00:00,4.3
5273,2023-02-25 03:15:00,4.2
5274,2023-02-25 03:30:00,4.6
5275,2023-02-25 03:45:00,4.3
5276,2023-02-25 04:00:00,4.3
5277,2023-02-25 04:15:00,4.2
5278,2023-02-25 04:30:00,4.4
5279,2023-02-25 04:45:00,4.2
5280,2023-02-25 05:00:00,4.6
5281,2023-02-25 05:15:00,4.2
5282,2023-02-25 05:30:00,4.2
5283,2023-02-25 05:45:00,4.1
5284,2023-02-25 06:00:00,4.1
5285,2023-02-25 06:15:00,4.2
5286,2023-02-25 06:30:00,4.4
5287,2023-02-25 06:45:00,4.6
5288,2023-02-25 07:00:00,4.2
5289,2023-02-25 07:15:00,4.2
5290,2023-02-25 07:30:00,4.5
5291,2023-02-25 07:45:00,4.2
5292,2023-02-25 08:00:00,4.2
5293,2023-02-25 08:15:00,4.9
5294,2023-02-25 08:30:00,4.3
5295,2023-02-25 08:45:00,4.2
5296,2023-02-25 09:00:00,4.5
5297,2023-02-25 09:15:00,4.2
5298,2023-02-25 09:30:00,4.3
5299,2023-02-25 09:45:00,4.7
5300,2023-02-25 10:00:00,4.2
5301,2023-02-25 10:15:00,4.1
5302,2023-02-25 10:30:00,4.3
5303,2023-02-25 10:45:00,4.2
5304,2023-02-25 11:00:00,4.3
5305,2023-02-25 11:15:00,4.3
5306,2023-02-25 11:30:00,4.2
5307,2023-02-25 11:45:00,4.2
5308,2023-02-25 12:00:00,4.3
5309,2023-02-25 12:15:00,1.6
5310,2023-02-25 12:30:00,1.5
5311,2023-02-25 12:45:00,1.6
5312,2023-02-25 13:00:00,1.4
5313,2023-02-25 13:15:00,1.8
5314,2023-02-25 13:30:00,1.4
5315,2023-02-25 13:45:00,1.7
5316,2023-02-25 14:00:00,1.4
5317,2023-02-25 14:15:00,1.5
5318,2023-02-25 14:30:00,1.7
5319,2023-02-25 14:45:00,14.0
5320,2023-02-25 15:00:00,14.2
5321,2023-02-25 15:15:00,14.2
5322,2023-02-25 15:30:00,29.5
5323,2023-02-25 15:45:00,31.3
5324,2023-02-25 16:00:00,29.2
5325,2023-02-25 16:15:00,28.8
5326,2023-02-25 16:30:00,28.6
5327,2023-02-25 16:45:00,28.1
5328,2023-02-25 17:00:00,30.8
5329,2023-02-25 17:15:00,28.0
5330,2023-02-25 17:30:00,28.4
5331,2023-02-25 17:45:00,29.5
5332,2023-02-25 18:00:00,27.8
5333,2023-02-25 18:15:00,31.0
5334,2023-02-25 18:30:00,28.0
5335,2023-02-25 18:45:00,27.7
5336,2023-02-25 19:00:00,26.0
5337,2023-02-25 19:15:00,25.3
5338,2023-02-25 19:30:00,13.9
5339,2023-02-25 19:45:00,2.0
5340,2023-02-25 20:00:00,2.0
5341,2023-02-25 20:15:00,1.7
5342,2023-02-25 20:30:00,1.7
5343,2023-02-25 20:45:00,2.0
5344,2023-02-25 21:00:00,1.7
5345,2023-02-25 21:15:00,1.8
5346,2023-02-25 21:30:00,1.4
5347,2023-02-25 21:45:00,2.3
5348,2023-02-25 22:00:00,1.5
5349,2023-02-25 22:15:00,2.0
5350,2023-02-25 22:30:00,2.2
5351,2023-02-25 22:45:00,4.1
5352,2023-02-25 23:00:00,4.3
5353,2023-02-25 23:15:00,4.6
5354,2023-02-25 23:30:00,4.2
5355,2023-02-25 23:45:00,4.1
5356,2023-02-26 00:00:00,4.5
5357,2023-02-26 00:15:00,4.2
5358,2023-02-26 00:30:00,4.1
5359,2023-02-26 00:45:00,4.6
5360,2023-02-26 01:00:00,4.4
5361,2023-02-26 01:15:00,4.2
5362,2023-02-26 01:30:00,4.4
5363,2023-02-26 01:45:00,4.4
5364,2023-02-26 02:00:00,4.1
5365,2023-02-26 02:15:00,4.7
5366,2023-02-26 02:30:00,4.0
5367,2023-02-26 02:45:00,4.2
5368,2023-02-26 03:00:00,4.6
5369,2023-02-26 03:15:00,4.6
5370,2023-02-26 03:30:00,4.0
5371,2023-02-26 03:45:00,4.4
5372,2023-02-26 04:00:00,4.0
5373,2023-02-26 04:15:00,4.0
5374,2023-02-26 04:30:00,4.4
5375,2023-02-26 04:45:00,4.3
5376,2023-02-26 05:00:00,4.2
5377,2023-02-26 05:15:00,4.7
5378,2023-02-26 05:30:00,4.4
5379,2023-02-26 05:45:00,4.2
5380,2023-02-26 06:00:00,4.6
5381,2023-02-26 06:15:00,4.5
5382,2023-02-26 06:30:00,4.5
5383,2023-02-26 06:45:00,4.8
5384,2023-02-26 07:00:00,4.3
5385,2023-02-26 07:15:00,4.5
5386,2023-02-26 07:30:00,4.3
5387,2023-02-26 07:45:00,4.5
5388,2023-02-26 08:00:00,4.3
5389,2023-02-26 08:15:00,4.4
5390,2023-02-26 08:30:00,4.7
5391,2023-02-26 08:45:00,4.3
5392,2023-02-26 09:00:00,4.3
5393,2023-02-26 09:15:00,4.8
5394,2023-02-26 09:30:00,4.2
5395,2023-02-26 09:45:00,4.2
5396,2023-02-26 10:00:00,4.6
5397,2023-02-26 10:15:00,4.1
5398,2023-02-26 10:30:00,4.0
5399,2023-02-26 10:45:00,4.1
5400,2023-02-26 11:00:00,4.2
5401,2023-02-26 11:15:00,4.1
5402,2023-02-26 11:30:00,4.1
5403,2023-02-26 11:45:00,4.1
5404,2023-02-26 12:00:00,1.4
5405,2023-02-26 12:15:00,1.4
5406,2023-02-26 12:30:00,1.9
5407,2023-02-26 12:45:00,1.3
5408,2023-02-26 13:00:00,1.3
5409,2023-02-26 13:15:00,1.7
5410,2023-02-26 13:30:00,1.3
5411,2023-02-26 13:45:00,1.5
5412,2023-02-26 14:00:00,1.3
5413,2023-02-26 14:15:00,1.6
5414,2023-02-26 14:30:00,1.3
5415,2023-02-26 14:45:00,1.4
5416,2023-02-26 15:00:00,1.4
5417,2023-02-26 15:15:00,1.5
5418,2023-02-26 15:30:00,1.4
5419,2023-02-26 15:45:00,1.9
5420,2023-02-26 16:00:00,1.6
5421,2023-02-26 16:15:00,1.6
5422,2023-02-26 16:30:00,2.1
5423,2023-02-26 16:45:00,1.5
5424,2023-02-26 17:00:00,1.7
5425,2023-02-26 17:15:00,2.2
5426,2023-02-26 17:30:00,1.6
5427,2023-02-26 17:45:00,1.9
5428,2023-02-26 18:00:00,1.6
5429,2023-02-26 18:15:00,1.6
5430,2023-02-26 18:30:00,1.6
5431,2023-02-26 18:45:00,1.5
5432,2023-02-26 19:00:00,1.7
5433,2023-02-26 19:15:00,1.7
5434,2023-02-26 19:30:00,1.7
5435,2023-02-26 19:45:00,1.5
5436,2023-02-26 20:00:00,1.4
5437,2023-02-26 20:15:00,1.4
5438,2023-02-26 20:30:00,1.8
5439,2023-02-26 20:45:00,1.5
5440,2023-02-26 21:00:00,1.4
5441,2023-02-26 21:15:00,1.8
5442,2023-02-26 21:30:00,1.4
5443,2023-02-26 21:45:00,1.5
5444,2023-02-26 22:00:00,2.1
5445,2023-02-26 22:15:00,1.4
5446,2023-02-26 22:30:00,1.4
5447,2023-02-26 22:45:00,1.9
5448,2023-02-26 23:00:00,3.0
5449,2023-02-26 23:15:00,4.5
5450,2023-02-26 23:30:00,16.9
5451,2023-02-26 23:45:00,16.5
5452,2023-02-27 00:00:00,16.7
5453,2023-02-27 00:15:00,16.4
5454,2023-02-27 00:30:00,16.4
5455,2023-02-27 00:45:00,16.4
5456,2023-02-27 01:00:00,16.3
5457,2023-02-27 01:15:00,16.3
5458,2023-02-27 01:30:00,16.1
5459,2023-02-27 01:45:00,16.1
5460,2023-02-27 02:00:00,16.2
5461,2023-02-27 02:15:00,16.5
5462,2023-02-27 02:30:00,4.2
5463,2023-02-27 02:45:00,4.2
5464,2023-02-27 03:00:00,4.4
5465,2023-02-27 03:15:00,4.3
5466,2023-02-27 03:30:00,4.1
5467,2023-02-27 03:45:00,4.3
5468,2023-02-27 04:00:00,4.1
5469,2023-02-27 04:15:00,4.7
5470,2023-02-27 04:30:00,4.5
5471,2023-02-27 04:45:00,4.3
5472,2023-02-27 05:00:00,4.5
5473,2023-02-27 05:15:00,4.3
5474,2023-02-27 05:30:00,4.2
5475,2023-02-27 05:45:00,4.5
5476,2023-02-27 06:00:00,4.2
5477,2023-02-27 06:15:00,4.4
5478,2023-02-27 06:30:00,4.5
5479,2023-02-27 06:45:00,4.2
5480,2023-02-27 07:00:00,4.1
5481,2023-02-27 07:15:00,4.5
5482,2023-02-27 07:30:00,4.4
5483,2023-02-27 07:45:00,4.3
5484,2023-02-27 08:00:00,4.5
5485,2023-02-27 08:15:00,4.1
5486,2023-02-27 08:30:00,4.2
5487,2023-02-27 08:45:00,4.2
5488,2023-02-27 09:00:00,4.2
5489,2023-02-27 09:15:00,4.8
5490,2023-02-27 09:30:00,4.3
5491,2023-02-27 09:45:00,4.2
5492,2023-02-27 10:00:00,4.3
5493,2023-02-27 10:15:00,4.2
5494,2023-02-27 10:30:00,4.2
5495,2023-02-27 10:45:00,4.2
5496,2023-02-27 11:00:00,4.2
5497,2023-02-27 11:15:00,4.7
5498,2023-02-27 11:30:00,4.2
5499,2023-02-27 11:45:00,1.6
5500,2023-02-27 12:00:00,1.9
5501,2023-02-27 12:15:00,1.5
5502,2023-02-27 12:30:00,1.7
5503,2023-02-27 12:45:00,2.1
5504,2023-02-27 13:00:00,1.4
5505,2023-02-27 13:15:00,1.4
5506,2023-02-27 13:30:00,1.8
5507,2023-02-27 13:45:00,1.5
5508,2023-02-27 14:00:00,1.6
5509,2023-02-27 14:15:00,2.5
5510,2023-02-27 14:30:00,1.6
5511,2023-02-27 14:45:00,1.5
5512,2023-02-27 15:00:00,1.5
5513,2023-02-27 15:15:00,1.6
5514,2023-02-27 15:30:00,1.7
5515,2023-02-27 15:45:00,1.4
5516,2023-02-27 16:00:00,1.6
5517,2023-02-27 16:15:00,2.0
5518,2023-02-27 16:30:00,1.7
5519,2023-02-27 16:45:00,1.5
5520,2023-02-27 17:00:00,1.7
5521,2023-02-27 17:15:00,1.5
5522,2023-02-27 17:30:00,1.9
5523,2023-02-27 17:45:00,1.8
5524,2023-02-27 18:00:00,1.6
5525,2023-02-27 18:15:00,2.0
5526,2023-02-27 18:30:00,1.7
5527,2023-02-27 18:45:00,1.8
5528,2023-02-27 19:00:00,2.2
5529,2023-02-27 19:15:00,1.5
5530,2023-02-27 19:30:00,1.8
5531,2023-02-27 19:45:00,2.1
5532,2023-02-27 20:00:00,1.8
5533,2023-02-27 20:15:00,1.7
5534,2023-02-27 20:30:00,1.8
5535,2023-02-27 20:45:00,13.8
5536,2023-02-27 21:00:00,14.2
5537,2023-02-27 21:15:00,14.1
5538,2023-02-27 21:30:00,13.9
5539,2023-02-27 21:45:00,13.9
5540,2023-02-27 22:00:00,14.1
5541,2023-02-27 22:15:00,13.7
5542,2023-02-27 22:30:00,13.6
5543,2023-02-27 22:45:00,16.2
5544,2023-02-27 23:00:00,16.5
5545,2023-02-27 23:15:00,4.3
5546,2023-02-27 23:30:00,4.4
5547,2023-02-27 23:45:00,4.2
5548,2023-02-28 00:00:00,4.1
5549,2023-02-28 00:15:00,4.5
5550,2023-02-28 00:30:00,4.2
5551,2023-02-28 00:45:00,4.3
5552,2023-02-28 01:00:00,4.1
5553,2023-02-28 01:15:00,4.6
5554,2023-02-28 01:30:00,4.2
5555,2023-02-28 01:45:00,4.2
5556,2023-02-28 02:00:00,4.7
5557,2023-02-28 02:15:00,4.5
5558,2023-02-28 02:30:00,4.4
5559,2023-02-28 02:45:00,4.7
5560,2023-02-28 03:00:00,4.2
5561,2023-02-28 03:15:00,4.3
5562,2023-02-28 03:30:00,4.8
5563,2023-02-28 03:45:00,4.2
5564,2023-02-28 04:00:00,4.3
5565,2023-02-28 04:15:00,4.7
5566,2023-02-28 04:30:00,4.3
5567,2023-02-28 04:45:00,4.2
5568,2023-02-28 05:00:00,4.5
5569,2023-02-28 05:15:00,4.1
5570,2023-02-28 05:30:00,4.4
5571,2023-02-28 05:45:00,4.5
5572,2023-02-28 06:00:00,4.6
5573,2023-02-28 06:15:00,4.3
5574,2023-02-28 06:30:00,5.1
5575,2023-02-28 06:45:00,4.3
5576,2023-02-28 07:00:00,4.4
5577,2023-02-28 07:15:00,4.8
5578,2023-02-28 07:30:00,4.9
5579,2023-02-28 07:45:00,4.1
5580,2023-02-28 08:00:00,4.3
5581,2023-02-28 08:15:00,4.1
5582,2023-02-28 08:30:00,4.3
5583,2023-02-28 08:45:00,4.3
5584,2023-02-28 09:00:00,4.4
5585,2023-02-28 09:15:00,4.2
5586,2023-02-28 09:30:00,4.2
5587,2023-02-28 09:45:00,4.4
5588,2023-02-28 10:00:00,4.2
5589,2023-02-28 10:15:00,4.4
5590,2023-02-28 10:30:00,4.5
5591,2023-02-28 10:45:00,4.6
5592,2023-02-28 11:00:00,4.1
5593,2023-02-28 11:15:00,4.5
5594,2023-02-28 11:30:00,4.2
5595,2023-02-28 11:45:00,4.3
5596,2023-02-28 12:00:00,1.7
5597,2023-02-28 12:15:00,1.5
5598,2023-02-28 12:30:00,1.5
5599,2023-02-28 12:45:00,1.8
5600,2023-02-28 13:00:00,1.7
5601,2023-02-28 13:15:00,1.5
5602,2023-02-28 13:30:00,1.8
5603,2023-02-28 13:45:00,1.4
5604,2023-02-28 14:00:00,1.4
5605,2023-02-28 14:15:00,1.4
5606,2023-02-28 14:30:00,1.4
5607,2023-02-28 14:45:00,1.3
5608,2023-02-28 15:00:00,1.4
5609,2023-02-28 15:15:00,1.7
5610,2023-02-28 15:30:00,1.4
5611,2023-02-28 15:45:00,1.4
5612,2023-02-28 16:00:00,1.7
5613,2023-02-28 16:15:00,1.3
5614,2023-02-28 16:30:00,1.5
5615,2023-02-28 16:45:00,1.7
5616,2023-02-28 17:00:00,1.4
5617,2023-02-28 17:15:00,1.5
5618,2023-02-28 17:30:00,1.9
5619,2023-02-28 17:45:00,1.4
5620,2023-02-28 18:00:00,1.4
5621,2023-02-28 18:15:00,1.8
5622,2023-02-28 18:30:00,1.6
5623,2023-02-28 18:45:00,1.4
5624,2023-02-28 19:00:00,1.6
5625,2023-02-28 19:15:00,1.7
5626,2023-02-28 19:30:00,1.7
5627,2023-02-28 19:45:00,2.0
5628,2023-02-28 20:00:00,1.5
5629,2023-02-28 20:15:00,1.6
5630,2023-02-28 20:30:00,1.4
5631,2023-02-28 20:45:00,1.9
5632,2023-02-28 21:00:00,1.4
5633,2023-02-28 21:15:00,1.6
5634,2023-02-28 21:30:00,1.9
5635,2023-02-28 21:45:00,1.8
5636,2023-02-28 22:00:00,1.6
5637,2023-02-28 22:15:00,1.9
5638,2023-02-28 22:30:00,1.9
5639,2023-02-28 22:45:00,1.6
5640,2023-02-28 23:00:00,4.8
5641,2023-02-28 23:15:00,4.5
5642,2023-02-28 23:30:00,4.5
5643,2023-02-28 23:45:00,4.6
5644,2023-03-01 00:00:00,4.7
5645,2023-03-01 00:15:00,4.5
5646,2023-03-01 00:30:00,4.7
5647,2023-03-01 00:45:00,4.4
5648,2023-03-01 01:00:00,4.3
5649,2023-03-01 01:15:00,4.2
5650,2023-03-01 01:30:00,4.2
5651,2023-03-01 01:45:00,4.2
5652,2023-03-01 02:00:00,4.3
5653,2023-03-01 02:15:00,4.4
5654,2023-03-01 02:30:00,4.4
5655,2023-03-01 02:45:00,4.2
5656,2023-03-01 03:00:00,4.3
5657,2023-03-01 03:15:00,4.2
5658,2023-03-01 03:30:00,4.4
5659,2023-03-01 03:45:00,4.2
5660,2023-03-01 04:00:00,4.2
5661,2023-03-01 04:15:00,4.2
5662,2023-03-01 04:30:00,4.6
5663,2023-03-01 04:45:00,4.4
5664,2023-03-01 05:00:00,4.2
5665,2023-03-01 05:15:00,4.4
5666,2023-03-01 05:30:00,4.4
5667,2023-03-01 05:45:00,4.2
5668,2023-03-01 06:00:00,4.8
5669,2023-03-01 06:15:00,4.2
5670,2023-03-01 06:30:00,4.1
5671,2023-03-01 06:45:00,4.8
5672,2023-03-01 07:00:00,4.1
5673,2023-03-01 07:15:00,4.2
5674,2023-03-01 07:30:00,4.6
5675,2023-03-01 07:45:00,4.4
5676,2023-03-01 08:00:00,4.2
5677,2023-03-01 08:15:00,4.7
5678,2023-03-01 08:30:00,4.2
5679,2023-03-01 08:45:00,4.4
5680,2023-03-01 09:00:00,4.6
5681,2023-03-01 09:15:00,4.2
5682,2023-03-01 09:30:00,4.2
5683,2023-03-01 09:45:00,4.4
5684,2023-03-01 10:00:00,4.5
5685,2023-03-01 10:15:00,4.1
5686,2023-03-01 10:30:00,4.2
5687,2023-03-01 10:45:00,4.0
5688,2023-03-01 11:00:00,4.1
5689,2023-03-01 11:15:00,4.3
5690,2023-03-01 11:30:00,4.7
5691,2023-03-01 11:45:00,1.4
5692,2023-03-01 12:00:00,1.4
5693,2023-03-01 12:15:00,1.7
5694,2023-03-01 12:30:00,1.3
5695,2023-03-01 12:45:00,1.5
5696,2023-03-01 13:00:00,1.8
5697,2023-03-01 13:15:00,1.3
5698,2023-03-01 13:30:00,1.3
5699,2023-03-01 13:45:00,1.7
5700,2023-03-01 14:00:00,1.7
5701,2023-03-01 14:15:00,1.4
5702,2023-03-01 14:30:00,1.7
5703,2023-03-01 14:45:00,1.5
5704,2023-03-01 15:00:00,1.4
5705,2023-03-01 15:15:00,1.7
5706,2023-03-01 15:30:00,1.3
5707,2023-03-01 15:45:00,1.4
5708,2023-03-01 16:00:00,1.5
5709,2023-03-01 16:15:00,1.3
5710,2023-03-01 16:30:00,1.4
5711,2023-03-01 16:45:00,1.4
5712,2023-03-01 17:00:00,1.7
5713,2023-03-01 17:15:00,1.5
5714,2023-03-01 17:30:00,1.9
5715,2023-03-01 17:45:00,1.8
5716,2023-03-01 18:00:00,1.3
5717,2023-03-01 18:15:00,1.3
5718,2023-03-01 18:30:00,1.8
5719,2023-03-01 18:45:00,1.4
5720,2023-03-01 19:00:00,1.4
5721,2023-03-01 19:15:00,1.8
5722,2023-03-01 19:30:00,1.4
5723,2023-03-01 19:45:00,1.4
5724,2023-03-01 20:00:00,1.9
5725,2023-03-01 20:15:00,1.7
5726,2023-03-01 20:30:00,1.6
5727,2023-03-01 20:45:00,2.1
5728,2023-03-01 21:00:00,1.4
5729,2023-03-01 21:15:00,1.4
5730,2023-03-01 21:30:00,1.4
5731,2023-03-01 21:45:00,1.9
5732,2023-03-01 22:00:00,1.4
5733,2023-03-01 22:15:00,1.5
5734,2023-03-01 22:30:00,1.7
5735,2023-03-01 22:45:00,1.8
5736,2023-03-01 23:00:00,1.4
5737,2023-03-01 23:15:00,4.4
5738,2023-03-01 23:30:00,4.3
5739,2023-03-01 23:45:00,4.7
5740,2023-03-02 00:00:00,4.2
5741,2023-03-02 00:15:00,4.2
5742,2023-03-02 00:30:00,4.3
5743,2023-03-02 00:45:00,4.1
5744,2023-03-02 01:00:00,4.2
5745,2023-03-02 01:15:00,4.2
5746,2023-03-02 01:30:00,4.2
5747,2023-03-02 01:45:00,4.5
5748,2023-03-02 02:00:00,4.3
5749,2023-03-02 02:15:00,4.2
5750,2023-03-02 02:30:00,4.1
5751,2023-03-02 02:45:00,4.5
5752,2023-03-02 03:00:00,4.2
5753,2023-03-02 03:15:00,4.2
5754,2023-03-02 03:30:00,4.3
5755,2023-03-02 03:45:00,4.8
5756,2023-03-02 04:00:00,4.1
5757,2023-03-02 04:15:00,4.3
5758,2023-03-02 04:30:00,4.7
5759,2023-03-02 04:45:00,4.2
5760,2023-03-02 05:00:00,4.0
5761,2023-03-02 05:15:00,4.5
5762,2023-03-02 05:30:00,4.1
5763,2023-03-02 05:45:00,4.0
5764,2023-03-02 06:00:00,4.7
5765,2023-03-02 06:15:00,4.2
5766,2023-03-02 06:30:00,4.1
5767,2023-03-02 06:45:00,4.6
5768,2023-03-02 07:00:00,4.3
5769,2023-03-02 07:15:00,4.2
5770,2023-03-02 07:30:00,4.6
5771,2023-03-02 07:45:00,4.2
5772,2023-03-02 08:00:00,4.1
5773,2023-03-02 08:15:00,4.4
5774,2023-03-02 08:30:00,4.6
5775,2023-03-02 08:45:00,4.4
5776,2023-03-02 09:00:00,4.6
5777,2023-03-02 09:15:00,4.4
5778,2023-03-02 09:30:00,4.7
5779,2023-03-02 09:45:00,4.5
5780,2023-03-02 10:00:00,4.4
5781,2023-03-02 10:15:00,4.2
5782,2023-03-02 10:30:00,5.1
5783,2023-03-02 10:45:00,4.1
5784,2023-03-02 11:00:00,4.2
5785,2023-03-02 11:15:00,5.1
5786,2023-03-02 11:30:00,4.3
5787,2023-03-02 11:45:00,4.2
5788,2023-03-02 12:00:00,1.8
5789,2023-03-02 12:15:00,1.5
5790,2023-03-02 12:30:00,1.5
5791,2023-03-02 12:45:00,1.8
5792,2023-03-02 13:00:00,1.6
5793,2023-03-02 13:15:00,1.5
5794,2023-03-02 13:30:00,2.0
5795,2023-03-02 13:45:00,1.6
5796,2023-03-02 14:00:00,1.5
5797,2023-03-02 14:15:00,1.8
5798,2023-03-02 14:30:00,1.6
5799,2023-03-02 14:45:00,1.5
5800,2023-03-02 15:00:00,1.8
5801,2023-03-02 15:15:00,1.6
5802,2023-03-02 15:30:00,1.7
5803,2023-03-02 15:45:00,1.8
5804,2023-03-02 16:00:00,1.4
5805,2023-03-02 16:15:00,1.8
5806,2023-03-02 16:30:00,1.8
5807,2023-03-02 16:45:00,1.4
5808,2023-03-02 17:00:00,1.4
5809,2023-03-02 17:15:00,2.1
5810,2023-03-02 17:30:00,1.5
5811,2023-03-02 17:45:00,1.5
5812,2023-03-02 18:00:00,1.6
5813,2023-03-02 18:15:00,1.8
5814,2023-03-02 18:30:00,1.4
5815,2023-03-02 18:45:00,1.5
5816,2023-03-02 19:00:00,1.5
5817,2023-03-02 19:15:00,1.8
5818,2023-03-02 19:30:00,1.8
5819,2023-03-02 19:45:00,1.6
5820,2023-03-02 20:00:00,1.9
5821,2023-03-02 20:15:00,2.1
5822,2023-03-02 20:30:00,1.7
5823,2023-03-02 20:45:00,1.6
5824,2023-03-02 21:00:00,1.5
5825,2023-03-02 21:15:00,2.2
5826,2023-03-02 21:30:00,1.4
5827,2023-03-02 21:45:00,13.7
5828,2023-03-02 22:00:00,13.6
5829,2023-03-02 22:15:00,13.9
5830,2023-03-02 22:30:00,13.6
5831,2023-03-02 22:45:00,13.5
5832,2023-03-02 23:00:00,16.3
5833,2023-03-02 23:15:00,16.7
5834,2023-03-02 23:30:00,16.4
5835,2023-03-02 23:45:00,16.2
5836,2023-03-03 00:00:00,16.5
5837,2023-03-03 00:15:00,17.0
5838,2023-03-03 00:30:00,16.3
5839,2023-03-03 00:45:00,16.6
5840,2023-03-03 01:00:00,16.2
5841,2023-03-03 01:15:00,16.5
5842,2023-03-03 01:30:00,16.6
5843,2023-03-03 01:45:00,16.5
5844,2023-03-03 02:00:00,16.7
5845,2023-03-03 02:15:00,16.3
5846,2023-03-03 02:30:00,16.3
5847,2023-03-03 02:45:00,16.5
5848,2023-03-03 03:00:00,16.2
5849,2023-03-03 03:15:00,16.2
5850,2023-03-03 03:30:00,16.2
5851,2023-03-03 03:45:00,16.2
5852,2023-03-03 04:00:00,4.5
5853,2023-03-03 04:15:00,4.3
5854,2023-03-03 04:30:00,4.5
5855,2023-03-03 04:45:00,4.1
5856,2023-03-03 05:00:00,4.1
5857,2023-03-03 05:15:00,4.1
5858,2023-03-03 05:30:00,4.1
5859,2023-03-03 05:45:00,4.1
5860,2023-03-03 06:00:00,4.4
5861,2023-03-03 06:15:00,4.4
5862,2023-03-03 06:30:00,4.0
5863,2023-03-03 06:45:00,4.0
5864,2023-03-03 07:00:00,4.0
5865,2023-03-03 07:15:00,4.1
5866,2023-03-03 07:30:00,4.0
5867,2023-03-03 07:45:00,4.0
5868,2023-03-03 08:00:00,4.3
5869,2023-03-03 08:15:00,4.1
5870,2023-03-03 08:30:00,4.4
5871,2023-03-03 08:45:00,4.1
5872,2023-03-03 09:00:00,4.1
5873,2023-03-03 09:15:00,4.1
5874,2023-03-03 09:30:00,4.5
5875,2023-03-03 09:45:00,4.2
5876,2023-03-03 10:00:00,4.2
5877,2023-03-03 10:15:00,4.5
5878,2023-03-03 10:30:00,4.0
5879,2023-03-03 10:45:00,4.3
5880,2023-03-03 11:00:00,4.1
5881,2023-03-03 11:15:00,4.5
5882,2023-03-03 11:30:00,4.0
5883,2023-03-03 11:45:00,1.6
5884,2023-03-03 12:00:00,1.7
5885,2023-03-03 12:15:00,1.3
5886,2023-03-03 12:30:00,1.4
5887,2023-03-03 12:45:00,1.7
5888,2023-03-03 13:00:00,1.6
5889,2023-03-03 13:15:00,1.6
5890,2023-03-03 13:30:00,1.3
5891,2023-03-03 13:45:00,1.6
5892,2023-03-03 14:00:00,1.3
5893,2023-03-03 14:15:00,1.3
5894,2023-03-03 14:30:00,1.7
5895,2023-03-03 14:45:00,1.3
5896,2023-03-03 15:00:00,1.3
5897,2023-03-03 15:15:00,1.3
5898,2023-03-03 15:30:00,1.9
5899,2023-03-03 15:45:00,1.5
5900,2023-03-03 16:00:00,3.1
5901,2023-03-03 16:15:00,1.4
5902,2023-03-03 16:30:00,1.4
5903,2023-03-03 16:45:00,1.6
5904,2023-03-03 17:00:00,1.6
5905,2023-03-03 17:15:00,1.9
5906,2023-03-03 17:30:00,1.6
5907,2023-03-03 17:45:00,1.8
5908,2023-03-03 18:00:00,1.9
5909,2023-03-03 18:15:00,1.6
5910,2023-03-03 18:30:00,1.6
5911,2023-03-03 18:45:00,1.8
5912,2023-03-03 19:00:00,1.7
5913,2023-03-03 19:15:00,1.6
5914,2023-03-03 19:30:00,2.4
5915,2023-03-03 19:45:00,1.5
5916,2023-03-03 20:00:00,1.5
5917,2023-03-03 20:15:00,2.0
5918,2023-03-03 20:30:00,11.8
5919,2023-03-03 20:45:00,14.0
5920,2023-03-03 21:00:00,14.4
5921,2023-03-03 21:15:00,13.9
5922,2023-03-03 21:30:00,13.7
5923,2023-03-03 21:45:00,14.2
5924,2023-03-03 22:00:00,13.6
5925,2023-03-03 22:15:00,13.7
5926,2023-03-03 22:30:00,14.7
5927,2023-03-03 22:45:00,4.8
5928,2023-03-03 23:00:00,4.4
5929,2023-03-03 23:15:00,5.0
5930,2023-03-03 23:30:00,4.6
5931,2023-03-03 23:45:00,4.8
5932,2023-03-04 00:00:00,4.6
5933,2023-03-04 00:15:00,4.5
5934,2023-03-04 00:30:00,4.7
5935,2023-03-04 00:45:00,4.5
5936,2023-03-04 01:00:00,4.5
5937,2023-03-04 01:15:00,4.6
5938,2023-03-04 01:30:00,4.5
5939,2023-03-04 01:45:00,4.7
5940,2023-03-04 02:00:00,5.0
5941,2023-03-04 02:15:00,4.6
5942,2023-03-04 02:30:00,4.5
5943,2023-03-04 02:45:00,4.4
5944,2023-03-04 03:00:00,4.6
5945,2023-03-04 03:15:00,4.3
5946,2023-03-04 03:30:00,4.4
5947,2023-03-04 03:45:00,4.4
5948,2023-03-04 04:00:00,4.5
5949,2023-03-04 04:15:00,4.5
5950,2023-03-04 04:30:00,4.6
5951,2023-03-04 04:45:00,4.7
5952,2023-03-04 05:00:00,4.7
5953,2023-03-04 05:15:00,4.1
5954,2023-03-04 05:30:00,4.2
5955,2023-03-04 05:45:00,4.8
5956,2023-03-04 06:00:00,4.3
5957,2023-03-04 06:15:00,4.2
5958,2023-03-04 06:30:00,4.2
5959,2023-03-04 06:45:00,4.2
5960,2023-03-04 07:00:00,4.2
5961,2023-03-04 07:15:00,4.5
5962,2023-03-04 07:30:00,4.4
5963,2023-03-04 07:45:00,4.3
5964,2023-03-04 08:00:00,4.2
5965,2023-03-04 08:15:00,4.5
5966,2023-03-04 08:30:00,4.2
5967,2023-03-04 08:45:00,4.3
5968,2023-03-04 09:00:00,4.1
5969,2023-03-04 09:15:00,4.0
5970,2023-03-04 09:30:00,4.5
5971,2023-03-04 09:45:00,4.2
5972,2023-03-04 10:00:00,4.1
5973,2023-03-04 10:15:00,4.2
5974,2023-03-04 10:30:00,4.8
5975,2023-03-04 10:45:00,4.1
5976,2023-03-04 11:00:00,4.1
5977,2023-03-04 11:15:00,4.2
5978,2023-03-04 11:30:00,4.4
5979,2023-03-04 11:45:00,1.4
5980,2023-03-04 12:00:00,1.3
5981,2023-03-04 12:15:00,1.3
5982,2023-03-04 12:30:00,2.0
5983,2023-03-04 12:45:00,1.4
5984,2023-03-04 13:00:00,1.5
5985,2023-03-04 13:15:00,1.3
5986,2023-03-04 13:30:00,1.6
5987,2023-03-04 13:45:00,1.3
5988,2023-03-04 14:00:00,1.2
5989,2023-03-04 14:15:00,1.4
5990,2023-03-04 14:30:00,1.6
5991,2023-03-04 14:45:00,1.3
5992,2023-03-04 15:00:00,1.2
5993,2023-03-04 15:15:00,1.4
5994,2023-03-04 15:30:00,1.3
5995,2023-03-04 15:45:00,1.8
5996,2023-03-04 16:00:00,1.3
5997,2023-03-04 16:15:00,1.5
5998,2023-03-04 16:30:00,1.7
5999,2023-03-04 16:45:00,1.7
6000,2023-03-04 17:00:00,1.3
6001,2023-03-04 17:15:00,1.8
6002,2023-03-04 17:30:00,1.5
6003,2023-03-04 17:45:00,1.3
6004,2023-03-04 18:00:00,1.8
6005,2023-03-04 18:15:00,1.3
6006,2023-03-04 18:30:00,1.3
6007,2023-03-04 18:45:00,1.7
6008,2023-03-04 19:00:00,1.3
6009,2023-03-04 19:15:00,1.5
6010,2023-03-04 19:30:00,1.7
6011,2023-03-04 19:45:00,1.5
6012,2023-03-04 20:00:00,1.7
6013,2023-03-04 20:15:00,1.7
6014,2023-03-04 20:30:00,1.3
6015,2023-03-04 20:45:00,1.3
6016,2023-03-04 21:00:00,1.7
6017,2023-03-04 21:15:00,1.4
6018,2023-03-04 21:30:00,1.5
6019,2023-03-04 21:45:00,1.7
6020,2023-03-04 22:00:00,1.8
6021,2023-03-04 22:15:00,2.0
6022,2023-03-04 22:30:00,2.0
6023,2023-03-04 22:45:00,1.6
6024,2023-03-04 23:00:00,4.5
6025,2023-03-04 23:15:00,4.6
6026,2023-03-04 23:30:00,4.3
6027,2023-03-04 23:45:00,4.4
6028,2023-03-05 00:00:00,4.6
6029,2023-03-05 00:15:00,4.2
6030,2023-03-05 00:30:00,4.2
6031,2023-03-05 00:45:00,4.2
6032,2023-03-05 01:00:00,4.5
6033,2023-03-05 01:15:00,4.3
6034,2023-03-05 01:30:00,4.7
6035,2023-03-05 01:45:00,4.3
6036,2023-03-05 02:00:00,4.5
6037,2023-03-05 02:15:00,4.4
6038,2023-03-05 02:30:00,4.7
6039,2023-03-05 02:45:00,4.5
6040,2023-03-05 03:00:00,4.3
6041,2023-03-05 03:15:00,4.5
6042,2023-03-05 03:30:00,4.6
6043,2023-03-05 03:45:00,4.2
6044,2023-03-05 04:00:00,4.3
6045,2023-03-05 04:15:00,4.6
6046,2023-03-05 04:30:00,4.2
6047,2023-03-05 04:45:00,4.5
6048,2023-03-05 05:00:00,4.3
6049,2023-03-05 05:15:00,4.4
6050,2023-03-05 05:30:00,4.3
6051,2023-03-05 05:45:00,4.3
6052,2023-03-05 06:00:00,4.3
6053,2023-03-05 06:15:00,4.3
6054,2023-03-05 06:30:00,4.3
6055,2023-03-05 06:45:00,4.5
6056,2023-03-05 07:00:00,4.1
6057,2023-03-05 07:15:00,4.1
6058,2023-03-05 07:30:00,4.5
6059,2023-03-05 07:45:00,4.5
6060,2023-03-05 08:00:00,4.2
6061,2023-03-05 08:15:00,4.3
6062,2023-03-05 08:30:00,4.4
6063,2023-03-05 08:45:00,4.2
6064,2023-03-05 09:00:00,4.2
6065,2023-03-05 09:15:00,4.5
6066,2023-03-05 09:30:00,4.4
6067,2023-03-05 09:45:00,4.1
6068,2023-03-05 10:00:00,4.5
6069,2023-03-05 10:15:00,4.2
6070,2023-03-05 10:30:00,4.2
6071,2023-03-05 10:45:00,4.8
6072,2023-03-05 11:00:00,4.4
6073,2023-03-05 11:15:00,4.3
6074,2023-03-05 11:30:00,4.4
6075,2023-03-05 11:45:00,1.4
6076,2023-03-05 12:00:00,1.5
6077,2023-03-05 12:15:00,1.8
6078,2023-03-05 12:30:00,1.4
6079,2023-03-05 12:45:00,1.6
6080,2023-03-05 13:00:00,1.9
6081,2023-03-05 13:15:00,1.3
6082,2023-03-05 13:30:00,1.7
6083,2023-03-05 13:45:00,1.8
6084,2023-03-05 14:00:00,1.4
6085,2023-03-05 14:15:00,1.6
6086,2023-03-05 14:30:00,1.6
6087,2023-03-05 14:45:00,1.5
6088,2023-03-05 15:00:00,1.3
6089,2023-03-05 15:15:00,1.6
6090,2023-03-05 15:30:00,1.3
6091,2023-03-05 15:45:00,1.3
6092,2023-03-05 16:00:00,1.3
6093,2023-03-05 16:15:00,1.3
6094,2023-03-05 16:30:00,1.6
6095,2023-03-05 16:45:00,1.2
6096,2023-03-05 17:00:00,1.3
6097,2023-03-05 17:15:00,1.3
6098,2023-03-05 17:30:00,1.5
6099,2023-03-05 17:45:00,1.3
6100,2023-03-05 18:00:00,1.2
6101,2023-03-05 18:15:00,1.3
6102,2023-03-05 18:30:00,1.3
6103,2023-03-05 18:45:00,1.4
6104,2023-03-05 19:00:00,1.3
6105,2023-03-05 19:15:00,1.8
6106,2023-03-05 19:30:00,1.3
6107,2023-03-05 19:45:00,1.6
6108,2023-03-05 20:00:00,1.7
6109,2023-03-05 20:15:00,1.3
6110,2023-03-05 20:30:00,1.3
6111,2023-03-05 20:45:00,2.2
6112,2023-03-05 21:00:00,1.5
6113,2023-03-05 21:15:00,1.3
6114,2023-03-05 21:30:00,1.7
6115,2023-03-05 21:45:00,1.3
6116,2023-03-05 22:00:00,1.5
6117,2023-03-05 22:15:00,1.9
6118,2023-03-05 22:30:00,1.3
6119,2023-03-05 22:45:00,1.3
6120,2023-03-05 23:00:00,4.7
6121,2023-03-05 23:15:00,4.2
6122,2023-03-05 23:30:00,4.2
6123,2023-03-05 23:45:00,4.7
6124,2023-03-06 00:00:00,4.5
6125,2023-03-06 00:15:00,4.3
6126,2023-03-06 00:30:00,4.6
6127,2023-03-06 00:45:00,4.2
6128,2023-03-06 01:00:00,4.5
6129,2023-03-06 01:15:00,4.9
6130,2023-03-06 01:30:00,4.3
6131,2023-03-06 01:45:00,4.2
6132,2023-03-06 02:00:00,4.9
6133,2023-03-06 02:15:00,4.3
6134,2023-03-06 02:30:00,4.2
6135,2023-03-06 02:45:00,4.6
6136,2023-03-06 03:00:00,4.6
6137,2023-03-06 03:15:00,4.2
6138,2023-03-06 03:30:00,4.6
6139,2023-03-06 03:45:00,4.2
6140,2023-03-06 04:00:00,4.5
6141,2023-03-06 04:15:00,4.5
6142,2023-03-06 04:30:00,4.2
6143,2023-03-06 04:45:00,4.4
6144,2023-03-06 05:00:00,4.7
6145,2023-03-06 05:15:00,4.3
6146,2023-03-06 05:30:00,4.2
6147,2023-03-06 05:45:00,4.5
6148,2023-03-06 06:00:00,4.4
6149,2023-03-06 06:15:00,4.3
6150,2023-03-06 06:30:00,4.5
6151,2023-03-06 06:45:00,4.5
6152,2023-03-06 07:00:00,4.5
6153,2023-03-06 07:15:00,4.6
6154,2023-03-06 07:30:00,4.2
6155,2023-03-06 07:45:00,4.2
6156,2023-03-06 08:00:00,4.5
6157,2023-03-06 08:15:00,4.3
6158,2023-03-06 08:30:00,4.4
6159,2023-03-06 08:45:00,4.5
6160,2023-03-06 09:00:00,4.1
6161,2023-03-06 09:15:00,4.2
6162,2023-03-06 09:30:00,4.4
6163,2023-03-06 09:45:00,4.0
6164,2023-03-06 10:00:00,4.1
6165,2023-03-06 10:15:00,4.8
6166,2023-03-06 10:30:00,4.3
6167,2023-03-06 10:45:00,4.1
6168,2023-03-06 11:00:00,4.5
6169,2023-03-06 11:15:00,4.7
6170,2023-03-06 11:30:00,4.4
6171,2023-03-06 11:45:00,2.2
6172,2023-03-06 12:00:00,1.5
6173,2023-03-06 12:15:00,1.8
6174,2023-03-06 12:30:00,1.8
6175,2023-03-06 12:45:00,1.4
6176,2023-03-06 13:00:00,1.6
6177,2023-03-06 13:15:00,1.8
6178,2023-03-06 13:30:00,1.4
6179,2023-03-06 13:45:00,1.4
6180,2023-03-06 14:00:00,2.3
6181,2023-03-06 14:15:00,1.6
6182,2023-03-06 14:30:00,1.7
6183,2023-03-06 14:45:00,1.9
6184,2023-03-06 15:00:00,1.6
6185,2023-03-06 15:15:00,1.6
6186,2023-03-06 15:30:00,1.7
6187,2023-03-06 15:45:00,1.4
6188,2023-03-06 16:00:00,1.6
6189,2023-03-06 16:15:00,1.7
6190,2023-03-06 16:30:00,1.5
6191,2023-03-06 16:45:00,1.6
6192,2023-03-06 17:00:00,1.7
6193,2023-03-06 17:15:00,1.4
6194,2023-03-06 17:30:00,1.7
6195,2023-03-06 17:45:00,1.8
6196,2023-03-06 18:00:00,1.4
6197,2023-03-06 18:15:00,1.4
6198,2023-03-06 18:30:00,2.2
6199,2023-03-06 18:45:00,1.6
6200,2023-03-06 19:00:00,1.4
6201,2023-03-06 19:15:00,1.8
6202,2023-03-06 19:30:00,1.9
6203,2023-03-06 19:45:00,1.4
6204,2023-03-06 20:00:00,1.4
6205,2023-03-06 20:15:00,1.4
6206,2023-03-06 20:30:00,1.6
6207,2023-03-06 20:45:00,1.5
6208,2023-03-06 21:00:00,1.4
6209,2023-03-06 21:15:00,1.8
6210,2023-03-06 21:30:00,1.6
6211,2023-03-06 21:45:00,1.4
6212,2023-03-06 22:00:00,1.4
6213,2023-03-06 22:15:00,1.6
6214,2023-03-06 22:30:00,1.4
6215,2023-03-06 22:45:00,1.4
6216,2023-03-06 23:00:00,14.5
6217,2023-03-06 23:15:00,17.1
6218,2023-03-06 23:30:00,16.6
6219,2023-03-06 23:45:00,16.4
6220,2023-03-07 00:00:00,16.4
6221,2023-03-07 00:15:00,4.8
6222,2023-03-07 00:30:00,4.4
6223,2023-03-07 00:45:00,4.5
6224,2023-03-07 01:00:00,4.5
6225,2023-03-07 01:15:00,4.2
6226,2023-03-07 01:30:00,4.5
6227,2023-03-07 01:45:00,4.3
6228,2023-03-07 02:00:00,4.3
6229,2023-03-07 02:15:00,4.6
6230,2023-03-07 02:30:00,4.4
6231,2023-03-07 02:45:00,4.2
6232,2023-03-07 03:00:00,4.7
6233,2023-03-07 03:15:00,4.6
6234,2023-03-07 03:30:00,4.3
6235,2023-03-07 03:45:00,4.2
6236,2023-03-07 04:00:00,4.8
6237,2023-03-07 04:15:00,4.3
6238,2023-03-07 04:30:00,4.2
6239,2023-03-07 04:45:00,4.7
6240,2023-03-07 05:00:00,4.3
6241,2023-03-07 05:15:00,4.2
6242,2023-03-07 05:30:00,4.6
6243,2023-03-07 05:45:00,5.0
6244,2023-03-07 06:00:00,4.4
6245,2023-03-07 06:15:00,4.5
6246,2023-03-07 06:30:00,4.2
6247,2023-03-07 06:45:00,4.9
6248,2023-03-07 07:00:00,4.7
6249,2023-03-07 07:15:00,4.2
6250,2023-03-07 07:30:00,4.2
6251,2023-03-07 07:45:00,5.1
6252,2023-03-07 08:00:00,4.3
6253,2023-03-07 08:15:00,4.4
6254,2023-03-07 08:30:00,4.6
6255,2023-03-07 08:45:00,4.6
6256,2023-03-07 09:00:00,4.3
6257,2023-03-07 09:15:00,4.8
6258,2023-03-07 09:30:00,4.2
6259,2023-03-07 09:45:00,4.3
6260,2023-03-07 10:00:00,5.0
6261,2023-03-07 10:15:00,4.2
6262,2023-03-07 10:30:00,4.2
6263,2023-03-07 10:45:00,4.5
6264,2023-03-07 11:00:00,4.1
6265,2023-03-07 11:15:00,4.1
6266,2023-03-07 11:30:00,1.7
6267,2023-03-07 11:45:00,1.4
6268,2023-03-07 12:00:00,1.4
6269,2023-03-07 12:15:00,2.1
6270,2023-03-07 12:30:00,1.5
6271,2023-03-07 12:45:00,1.8
6272,2023-03-07 13:00:00,1.8
6273,2023-03-07 13:15:00,1.5
6274,2023-03-07 13:30:00,1.4
6275,2023-03-07 13:45:00,2.3
6276,2023-03-07 14:00:00,1.5
6277,2023-03-07 14:15:00,1.3
6278,2023-03-07 14:30:00,1.7
6279,2023-03-07 14:45:00,1.7
6280,2023-03-07 15:00:00,1.4
6281,2023-03-07 15:15:00,2.1
6282,2023-03-07 15:30:00,1.8
6283,2023-03-07 15:45:00,2.4
6284,2023-03-07 16:00:00,2.3
6285,2023-03-07 16:15:00,1.8
6286,2023-03-07 16:30:00,1.8
6287,2023-03-07 16:45:00,2.2
6288,2023-03-07 17:00:00,1.7
6289,2023-03-07 17:15:00,1.5
6290,2023-03-07 17:30:00,1.9
6291,2023-03-07 17:45:00,1.5
6292,2023-03-07 18:00:00,1.5
6293,2023-03-07 18:15:00,1.8
6294,2023-03-07 18:30:00,1.3
6295,2023-03-07 18:45:00,1.3
6296,2023-03-07 19:00:00,1.9
6297,2023-03-07 19:15:00,1.3
6298,2023-03-07 19:30:00,1.3
6299,2023-03-07 19:45:00,13.2
6300,2023-03-07 20:00:00,13.8
6301,2023-03-07 20:15:00,13.6
6302,2023-03-07 20:30:00,13.6
6303,2023-03-07 20:45:00,13.6
6304,2023-03-07 21:00:00,14.0
6305,2023-03-07 21:15:00,13.4
6306,2023-03-07 21:30:00,13.5
6307,2023-03-07 21:45:00,13.5
6308,2023-03-07 22:00:00,13.5
6309,2023-03-07 22:15:00,13.7
6310,2023-03-07 22:30:00,13.7
6311,2023-03-07 22:45:00,13.5
6312,2023-03-07 23:00:00,13.5
6313,2023-03-07 23:15:00,16.6
6314,2023-03-07 23:30:00,16.2
6315,2023-03-07 23:45:00,16.5
6316,2023-03-08 00:00:00,16.2
6317,2023-03-08 00:15:00,16.2
6318,2023-03-08 00:30:00,17.0
6319,2023-03-08 00:45:00,16.4
6320,2023-03-08 01:00:00,4.6
6321,2023-03-08 01:15:00,4.6
6322,2023-03-08 01:30:00,4.3
6323,2023-03-08 01:45:00,4.3
6324,2023-03-08 02:00:00,4.9
6325,2023-03-08 02:15:00,4.5
6326,2023-03-08 02:30:00,4.5
6327,2023-03-08 02:45:00,4.7
6328,2023-03-08 03:00:00,4.3
6329,2023-03-08 03:15:00,4.2
6330,2023-03-08 03:30:00,4.6
6331,2023-03-08 03:45:00,4.3
6332,2023-03-08 04:00:00,4.4
6333,2023-03-08 04:15:00,4.6
6334,2023-03-08 04:30:00,4.3
6335,2023-03-08 04:45:00,4.5
6336,2023-03-08 05:00:00,4.6
6337,2023-03-08 05:15:00,4.4
6338,2023-03-08 05:30:00,4.3
6339,2023-03-08 05:45:00,4.7
6340,2023-03-08 06:00:00,4.3
6341,2023-03-08 06:15:00,4.6
6342,2023-03-08 06:30:00,4.7
6343,2023-03-08 06:45:00,4.4
6344,2023-03-08 07:00:00,4.9
6345,2023-03-08 07:15:00,4.8
6346,2023-03-08 07:30:00,4.3
6347,2023-03-08 07:45:00,4.4
6348,2023-03-08 08:00:00,4.5
6349,2023-03-08 08:15:00,4.6
6350,2023-03-08 08:30:00,4.5
6351,2023-03-08 08:45:00,4.5
6352,2023-03-08 09:00:00,4.3
6353,2023-03-08 09:15:00,4.6
6354,2023-03-08 09:30:00,4.2
6355,2023-03-08 09:45:00,4.4
6356,2023-03-08 10:00:00,4.1
6357,2023-03-08 10:15:00,4.1
6358,2023-03-08 10:30:00,4.2
6359,2023-03-08 10:45:00,4.5
6360,2023-03-08 11:00:00,4.2
6361,2023-03-08 11:15:00,4.2
6362,2023-03-08 11:30:00,4.4
6363,2023-03-08 11:45:00,2.0
6364,2023-03-08 12:00:00,1.6
6365,2023-03-08 12:15:00,1.5
6366,2023-03-08 12:30:00,1.4
6367,2023-03-08 12:45:00,1.4
6368,2023-03-08 13:00:00,1.4
6369,2023-03-08 13:15:00,1.5
6370,2023-03-08 13:30:00,1.4
6371,2023-03-08 13:45:00,1.5
6372,2023-03-08 14:00:00,1.7
6373,2023-03-08 14:15:00,1.5
6374,2023-03-08 14:30:00,1.3
6375,2023-03-08 14:45:00,1.3
6376,2023-03-08 15:00:00,1.3
6377,2023-03-08 15:15:00,1.7
6378,2023-03-08 15:30:00,1.3
6379,2023-03-08 15:45:00,2.0
6380,2023-03-08 16:00:00,1.3
6381,2023-03-08 16:15:00,1.3
6382,2023-03-08 16:30:00,2.0
6383,2023-03-08 16:45:00,1.3
6384,2023-03-08 17:00:00,1.5
6385,2023-03-08 17:15:00,1.7
6386,2023-03-08 17:30:00,1.5
6387,2023-03-08 17:45:00,1.7
6388,2023-03-08 18:00:00,1.8
6389,2023-03-08 18:15:00,1.3
6390,2023-03-08 18:30:00,1.5
6391,2023-03-08 18:45:00,1.7
6392,2023-03-08 19:00:00,1.8
6393,2023-03-08 19:15:00,1.3
6394,2023-03-08 19:30:00,1.7
6395,2023-03-08 19:45:00,1.3
6396,2023-03-08 20:00:00,1.5
6397,2023-03-08 20:15:00,1.5
6398,2023-03-08 20:30:00,1.5
6399,2023-03-08 20:45:00,1.3
6400,2023-03-08 21:00:00,1.3
6401,2023-03-08 21:15:00,1.3
6402,2023-03-08 21:30:00,1.7
6403,2023-03-08 21:45:00,1.3
6404,2023-03-08 22:00:00,1.3
6405,2023-03-08 22:15:00,1.4
6406,2023-03-08 22:30:00,13.8
6407,2023-03-08 22:45:00,13.8
6408,2023-03-08 23:00:00,13.7
6409,2023-03-08 23:15:00,16.5
6410,2023-03-08 23:30:00,16.8
6411,2023-03-08 23:45:00,16.9
6412,2023-03-09 00:00:00,16.4
6413,2023-03-09 00:15:00,16.6
6414,2023-03-09 00:30:00,4.1
6415,2023-03-09 00:45:00,4.2
6416,2023-03-09 01:00:00,4.8
6417,2023-03-09 01:15:00,4.1
6418,2023-03-09 01:30:00,16.3
6419,2023-03-09 01:45:00,16.6
6420,2023-03-09 02:00:00,16.4
6421,2023-03-09 02:15:00,16.4
6422,2023-03-09 02:30:00,16.6
6423,2023-03-09 02:45:00,16.2
6424,2023-03-09 03:00:00,16.3
6425,2023-03-09 03:15:00,17.1
6426,2023-03-09 03:30:00,4.4
6427,2023-03-09 03:45:00,4.3
6428,2023-03-09 04:00:00,4.1
6429,2023-03-09 04:15:00,4.1
6430,2023-03-09 04:30:00,4.5
6431,2023-03-09 04:45:00,4.0
6432,2023-03-09 05:00:00,4.0
6433,2023-03-09 05:15:00,4.1
6434,2023-03-09 05:30:00,4.0
6435,2023-03-09 05:45:00,4.5
6436,2023-03-09 06:00:00,4.0
6437,2023-03-09 06:15:00,4.0
6438,2023-03-09 06:30:00,4.4
6439,2023-03-09 06:45:00,4.2
6440,2023-03-09 07:00:00,4.6
6441,2023-03-09 07:15:00,4.4
6442,2023-03-09 07:30:00,4.3
6443,2023-03-09 07:45:00,4.3
6444,2023-03-09 08:00:00,4.3
6445,2023-03-09 08:15:00,4.5
6446,2023-03-09 08:30:00,4.2
6447,2023-03-09 08:45:00,4.2
6448,2023-03-09 09:00:00,4.1
6449,2023-03-09 09:15:00,4.1
6450,2023-03-09 09:30:00,4.5
6451,2023-03-09 09:45:00,4.4
6452,2023-03-09 10:00:00,4.4
6453,2023-03-09 10:15:00,4.4
6454,2023-03-09 10:30:00,4.2
6455,2023-03-09 10:45:00,4.6
6456,2023-03-09 11:00:00,4.3
6457,2023-03-09 11:15:00,4.6
6458,2023-03-09 11:30:00,4.3
6459,2023-03-09 11:45:00,1.6
6460,2023-03-09 12:00:00,2.2
6461,2023-03-09 12:15:00,1.8
6462,2023-03-09 12:30:00,1.6
6463,2023-03-09 12:45:00,1.9
6464,2023-03-09 13:00:00,1.7
6465,2023-03-09 13:15:00,1.6
6466,2023-03-09 13:30:00,2.1
6467,2023-03-09 13:45:00,1.8
6468,2023-03-09 14:00:00,2.0
6469,2023-03-09 14:15:00,2.1
6470,2023-03-09 14:30:00,1.4
6471,2023-03-09 14:45:00,1.4
6472,2023-03-09 15:00:00,1.5
6473,2023-03-09 15:15:00,1.4
6474,2023-03-09 15:30:00,1.4
6475,2023-03-09 15:45:00,1.4
6476,2023-03-09 16:00:00,1.4
6477,2023-03-09 16:15:00,1.6
6478,2023-03-09 16:30:00,1.6
6479,2023-03-09 16:45:00,1.4
6480,2023-03-09 17:00:00,1.4
6481,2023-03-09 17:15:00,1.4
6482,2023-03-09 17:30:00,1.5
6483,2023-03-09 17:45:00,1.6
6484,2023-03-09 18:00:00,1.8
6485,2023-03-09 18:15:00,1.8
6486,2023-03-09 18:30:00,1.6
6487,2023-03-09 18:45:00,1.6
6488,2023-03-09 19:00:00,1.8
6489,2023-03-09 19:15:00,1.7
6490,2023-03-09 19:30:00,1.5
6491,2023-03-09 19:45:00,1.7
6492,2023-03-09 20:00:00,13.8
6493,2023-03-09 20:15:00,13.7
6494,2023-03-09 20:30:00,14.2
6495,2023-03-09 20:45:00,13.6
6496,2023-03-09 21:00:00,13.5
6497,2023-03-09 21:15:00,13.6
6498,2023-03-09 21:30:00,13.6
6499,2023-03-09 21:45:00,13.7
6500,2023-03-09 22:00:00,13.4
6501,2023-03-09 22:15:00,13.4
6502,2023-03-09 22:30:00,13.4
6503,2023-03-09 22:45:00,13.4
6504,2023-03-09 23:00:00,13.4
6505,2023-03-09 23:15:00,16.3
6506,2023-03-09 23:30:00,16.2
6507,2023-03-09 23:45:00,16.5
6508,2023-03-10 00:00:00,16.7
6509,2023-03-10 00:15:00,16.2
6510,2023-03-10 00:30:00,16.6
6511,2023-03-10 00:45:00,16.1
6512,2023-03-10 01:00:00,16.3
6513,2023-03-10 01:15:00,16.6
6514,2023-03-10 01:30:00,16.2
6515,2023-03-10 01:45:00,16.0
6516,2023-03-10 02:00:00,16.1
6517,2023-03-10 02:15:00,16.0
6518,2023-03-10 02:30:00,16.1
6519,2023-03-10 02:45:00,16.2
6520,2023-03-10 03:00:00,16.1
6521,2023-03-10 03:15:00,16.1
6522,2023-03-10 03:30:00,16.6
6523,2023-03-10 03:45:00,4.1
6524,2023-03-10 04:00:00,4.2
6525,2023-03-10 04:15:00,4.1
6526,2023-03-10 04:30:00,4.0
6527,2023-03-10 04:45:00,4.3
6528,2023-03-10 05:00:00,4.0
6529,2023-03-10 05:15:00,4.2
6530,2023-03-10 05:30:00,4.2
6531,2023-03-10 05:45:00,4.1
6532,2023-03-10 06:00:00,4.4
6533,2023-03-10 06:15:00,4.1
6534,2023-03-10 06:30:00,4.2
6535,2023-03-10 06:45:00,4.4
6536,2023-03-10 07:00:00,4.2
6537,2023-03-10 07:15:00,4.4
6538,2023-03-10 07:30:00,4.8
6539,2023-03-10 07:45:00,4.2
6540,2023-03-10 08:00:00,4.1
6541,2023-03-10 08:15:00,4.4
6542,2023-03-10 08:30:00,4.0
6543,2023-03-10 08:45:00,4.3
6544,2023-03-10 09:00:00,4.5
6545,2023-03-10 09:15:00,4.3
6546,2023-03-10 09:30:00,4.2
6547,2023-03-10 09:45:00,4.3
6548,2023-03-10 10:00:00,4.3
6549,2023-03-10 10:15:00,4.2
6550,2023-03-10 10:30:00,4.2
6551,2023-03-10 10:45:00,4.1
6552,2023-03-10 11:00:00,4.2
6553,2023-03-10 11:15:00,4.1
6554,2023-03-10 11:30:00,2.1
6555,2023-03-10 11:45:00,1.4
6556,2023-03-10 12:00:00,1.4
6557,2023-03-10 12:15:00,1.8
6558,2023-03-10 12:30:00,1.8
6559,2023-03-10 12:45:00,1.5
6560,2023-03-10 13:00:00,1.8
6561,2023-03-10 13:15:00,1.5
6562,2023-03-10 13:30:00,1.4
6563,2023-03-10 13:45:00,1.4
6564,2023-03-10 14:00:00,1.4
6565,2023-03-10 14:15:00,1.4
6566,2023-03-10 14:30:00,1.4
6567,2023-03-10 14:45:00,1.7
6568,2023-03-10 15:00:00,1.7
6569,2023-03-10 15:15:00,1.4
6570,2023-03-10 15:30:00,1.4
6571,2023-03-10 15:45:00,1.5
6572,2023-03-10 16:00:00,1.5
6573,2023-03-10 16:15:00,2.2
6574,2023-03-10 16:30:00,1.6
6575,2023-03-10 16:45:00,1.4
6576,2023-03-10 17:00:00,1.8
6577,2023-03-10 17:15:00,1.3
6578,2023-03-10 17:30:00,1.4
6579,2023-03-10 17:45:00,1.8
6580,2023-03-10 18:00:00,1.5
6581,2023-03-10 18:15:00,1.4
6582,2023-03-10 18:30:00,2.3
6583,2023-03-10 18:45:00,4.8
6584,2023-03-10 19:00:00,13.8
6585,2023-03-10 19:15:00,13.7
6586,2023-03-10 19:30:00,13.6
6587,2023-03-10 19:45:00,13.8
6588,2023-03-10 20:00:00,13.6
6589,2023-03-10 20:15:00,13.7
6590,2023-03-10 20:30:00,13.6
6591,2023-03-10 20:45:00,13.7
6592,2023-03-10 21:00:00,14.0
6593,2023-03-10 21:15:00,13.6
6594,2023-03-10 21:30:00,13.6
6595,2023-03-10 21:45:00,14.2
6596,2023-03-10 22:00:00,1.6
6597,2023-03-10 22:15:00,1.4
6598,2023-03-10 22:30:00,1.8
6599,2023-03-10 22:45:00,1.5
6600,2023-03-10 23:00:00,1.6
6601,2023-03-10 23:15:00,4.8
6602,2023-03-10 23:30:00,4.2
6603,2023-03-10 23:45:00,4.3
6604,2023-03-11 00:00:00,4.5
6605,2023-03-11 00:15:00,4.4
6606,2023-03-11 00:30:00,4.2
6607,2023-03-11 00:45:00,4.4
6608,2023-03-11 01:00:00,4.5
6609,2023-03-11 01:15:00,4.2
6610,2023-03-11 01:30:00,4.2
6611,2023-03-11 01:45:00,4.0
6612,2023-03-11 02:00:00,4.0
6613,2023-03-11 02:15:00,4.5
6614,2023-03-11 02:30:00,4.2
6615,2023-03-11 02:45:00,4.1
6616,2023-03-11 03:00:00,4.1
6617,2023-03-11 03:15:00,4.9
6618,2023-03-11 03:30:00,4.1
6619,2023-03-11 03:45:00,4.0
6620,2023-03-11 04:00:00,4.5
6621,2023-03-11 04:15:00,4.2
6622,2023-03-11 04:30:00,4.1
6623,2023-03-11 04:45:00,4.7
6624,2023-03-11 05:00:00,4.3
6625,2023-03-11 05:15:00,4.2
6626,2023-03-11 05:30:00,4.5
6627,2023-03-11 05:45:00,4.4
6628,2023-03-11 06:00:00,4.2
6629,2023-03-11 06:15:00,4.6
6630,2023-03-11 06:30:00,5.1
6631,2023-03-11 06:45:00,4.3
6632,2023-03-11 07:00:00,4.2
6633,2023-03-11 07:15:00,4.2
6634,2023-03-11 07:30:00,4.2
6635,2023-03-11 07:45:00,4.2
6636,2023-03-11 08:00:00,4.2
6637,2023-03-11 08:15:00,4.2
6638,2023-03-11 08:30:00,4.2
6639,2023-03-11 08:45:00,4.6
6640,2023-03-11 09:00:00,4.2
6641,2023-03-11 09:15:00,4.2
6642,2023-03-11 09:30:00,4.4
6643,2023-03-11 09:45:00,4.3
6644,2023-03-11 10:00:00,4.1
6645,2023-03-11 10:15:00,4.5
6646,2023-03-11 10:30:00,4.1
6647,2023-03-11 10:45:00,4.3
6648,2023-03-11 11:00:00,4.4
6649,2023-03-11 11:15:00,4.4
6650,2023-03-11 11:30:00,3.6
6651,2023-03-11 11:45:00,1.8
6652,2023-03-11 12:00:00,1.4
6653,2023-03-11 12:15:00,1.6
6654,2023-03-11 12:30:00,1.5
6655,2023-03-11 12:45:00,1.5
6656,2023-03-11 13:00:00,1.6
6657,2023-03-11 13:15:00,1.4
6658,2023-03-11 13:30:00,1.6
6659,2023-03-11 13:45:00,1.4
6660,2023-03-11 14:00:00,1.6
6661,2023-03-11 14:15:00,14.0
6662,2023-03-11 14:30:00,13.9
6663,2023-03-11 14:45:00,14.4
6664,2023-03-11 15:00:00,14.1
6665,2023-03-11 15:15:00,28.0
6666,2023-03-11 15:30:00,29.2
6667,2023-03-11 15:45:00,29.8
6668,2023-03-11 16:00:00,30.0
6669,2023-03-11 16:15:00,27.1
6670,2023-03-11 16:30:00,26.9
6671,2023-03-11 16:45:00,27.1
6672,2023-03-11 17:00:00,26.5
6673,2023-03-11 17:15:00,26.4
6674,2023-03-11 17:30:00,27.3
6675,2023-03-11 17:45:00,28.4
6676,2023-03-11 18:00:00,27.4
6677,2023-03-11 18:15:00,28.1
6678,2023-03-11 18:30:00,25.2
6679,2023-03-11 18:45:00,25.6
6680,2023-03-11 19:00:00,24.5
6681,2023-03-11 19:15:00,2.1
6682,2023-03-11 19:30:00,1.8
6683,2023-03-11 19:45:00,1.5
6684,2023-03-11 20:00:00,2.0
6685,2023-03-11 20:15:00,1.2
6686,2023-03-11 20:30:00,1.4
6687,2023-03-11 20:45:00,1.7
6688,2023-03-11 21:00:00,1.3
6689,2023-03-11 21:15:00,1.2
6690,2023-03-11 21:30:00,1.4
6691,2023-03-11 21:45:00,1.2
6692,2023-03-11 22:00:00,1.8
6693,2023-03-11 22:15:00,1.2
6694,2023-03-11 22:30:00,1.4
6695,2023-03-11 22:45:00,1.6
6696,2023-03-11 23:00:00,1.2
6697,2023-03-11 23:15:00,3.9
6698,2023-03-11 23:30:00,4.6
6699,2023-03-11 23:45:00,4.0
6700,2023-03-12 00:00:00,4.0
6701,2023-03-12 00:15:00,4.0
6702,2023-03-12 00:30:00,4.2
6703,2023-03-12 00:45:00,4.1
6704,2023-03-12 01:00:00,4.0
6705,2023-03-12 01:15:00,4.1
6706,2023-03-12 01:30:00,3.9
6707,2023-03-12 01:45:00,3.9
6708,2023-03-12 02:00:00,4.0
6709,2023-03-12 02:15:00,4.1
6710,2023-03-12 02:30:00,3.8
6711,2023-03-12 02:45:00,3.9
6712,2023-03-12 03:00:00,4.2
6713,2023-03-12 03:15:00,3.8
6714,2023-03-12 03:30:00,4.3
6715,2023-03-12 03:45:00,4.3
6716,2023-03-12 04:00:00,3.9
6717,2023-03-12 04:15:00,4.1
6718,2023-03-12 04:30:00,4.2
6719,2023-03-12 04:45:00,4.3
6720,2023-03-12 05:00:00,3.9
6721,2023-03-12 05:15:00,4.0
6722,2023-03-12 05:30:00,4.0
6723,2023-03-12 05:45:00,4.0
6724,2023-03-12 06:00:00,4.2
6725,2023-03-12 06:15:00,4.0
6726,2023-03-12 06:30:00,4.1
6727,2023-03-12 06:45:00,4.1
6728,2023-03-12 07:00:00,4.0
6729,2023-03-12 07:15:00,3.9
6730,2023-03-12 07:30:00,3.9
6731,2023-03-12 07:45:00,4.0
6732,2023-03-12 08:00:00,4.0
6733,2023-03-12 08:15:00,3.9
6734,2023-03-12 08:30:00,4.3
6735,2023-03-12 08:45:00,4.0
6736,2023-03-12 09:00:00,4.0
6737,2023-03-12 09:15:00,3.9
6738,2023-03-12 09:30:00,4.3
6739,2023-03-12 09:45:00,3.9
6740,2023-03-12 10:00:00,4.1
6741,2023-03-12 10:15:00,4.6
6742,2023-03-12 10:30:00,4.1
6743,2023-03-12 10:45:00,3.9
6744,2023-03-12 11:00:00,4.2
6745,2023-03-12 11:15:00,3.4
6746,2023-03-12 11:30:00,2.5
6747,2023-03-12 11:45:00,1.6
6748,2023-03-12 12:00:00,1.2
6749,2023-03-12 12:15:00,1.2
6750,2023-03-12 12:30:00,1.9
6751,2023-03-12 12:45:00,1.2
6752,2023-03-12 13:00:00,1.2
6753,2023-03-12 13:15:00,1.7
6754,2023-03-12 13:30:00,1.2
6755,2023-03-12 13:45:00,1.2
6756,2023-03-12 14:00:00,1.5
6757,2023-03-12 14:15:00,1.4
6758,2023-03-12 14:30:00,1.2
6759,2023-03-12 14:45:00,1.5
6760,2023-03-12 15:00:00,1.3
6761,2023-03-12 15:15:00,1.2
6762,2023-03-12 15:30:00,1.7
6763,2023-03-12 15:45:00,1.3
6764,2023-03-12 16:00:00,1.2
6765,2023-03-12 16:15:00,1.7
6766,2023-03-12 16:30:00,1.3
6767,2023-03-12 16:45:00,1.1
6768,2023-03-12 17:00:00,1.4
6769,2023-03-12 17:15:00,1.0
6770,2023-03-12 17:30:00,1.0
6771,2023-03-12 17:45:00,1.8
6772,2023-03-12 18:00:00,1.2
6773,2023-03-12 18:15:00,1.2
6774,2023-03-12 18:30:00,1.4
6775,2023-03-12 18:45:00,1.1
6776,2023-03-12 19:00:00,1.1
6777,2023-03-12 19:15:00,1.4
6778,2023-03-12 19:30:00,1.1
6779,2023-03-12 19:45:00,1.3
6780,2023-03-12 20:00:00,1.6
6781,2023-03-12 20:15:00,1.4
6782,2023-03-12 20:30:00,1.1
6783,2023-03-12 20:45:00,1.5
6784,2023-03-12 21:00:00,1.2
6785,2023-03-12 21:15:00,1.2
6786,2023-03-12 21:30:00,2.0
6787,2023-03-12 21:45:00,1.2
6788,2023-03-12 22:00:00,1.3
6789,2023-03-12 22:15:00,1.8
6790,2023-03-12 22:30:00,1.2
6791,2023-03-12 22:45:00,1.6
6792,2023-03-12 23:00:00,1.7
6793,2023-03-12 23:15:00,3.9
6794,2023-03-12 23:30:00,4.0
6795,2023-03-12 23:45:00,4.3
6796,2023-03-13 00:00:00,4.3
6797,2023-03-13 00:15:00,3.9
6798,2023-03-13 00:30:00,4.3
6799,2023-03-13 00:45:00,4.0
6800,2023-03-13 01:00:00,3.9
6801,2023-03-13 01:15:00,4.3
6802,2023-03-13 01:30:00,3.9
6803,2023-03-13 01:45:00,4.4
6804,2023-03-13 02:00:00,4.3
6805,2023-03-13 02:15:00,4.3
6806,2023-03-13 02:30:00,3.9
6807,2023-03-13 02:45:00,4.2
6808,2023-03-13 03:00:00,4.1
6809,2023-03-13 03:15:00,3.8
6810,2023-03-13 03:30:00,4.5
6811,2023-03-13 03:45:00,3.9
6812,2023-03-13 04:00:00,3.8
6813,2023-03-13 04:15:00,4.1
6814,2023-03-13 04:30:00,4.1
6815,2023-03-13 04:45:00,3.9
6816,2023-03-13 05:00:00,4.0
6817,2023-03-13 05:15:00,3.9
6818,2023-03-13 05:30:00,4.1
6819,2023-03-13 05:45:00,3.9
6820,2023-03-13 06:00:00,3.9
6821,2023-03-13 06:15:00,4.2
6822,2023-03-13 06:30:00,3.9
6823,2023-03-13 06:45:00,4.0
6824,2023-03-13 07:00:00,4.1
6825,2023-03-13 07:15:00,3.8
6826,2023-03-13 07:30:00,3.8
6827,2023-03-13 07:45:00,3.8
6828,2023-03-13 08:00:00,4.2
6829,2023-03-13 08:15:00,4.3
6830,2023-03-13 08:30:00,4.3
6831,2023-03-13 08:45:00,3.8
6832,2023-03-13 09:00:00,3.8
6833,2023-03-13 09:15:00,4.3
6834,2023-03-13 09:30:00,4.1
6835,2023-03-13 09:45:00,3.8
6836,2023-03-13 10:00:00,4.2
6837,2023-03-13 10:15:00,4.0
6838,2023-03-13 10:30:00,3.9
6839,2023-03-13 10:45:00,4.3
6840,2023-03-13 11:00:00,3.9
6841,2023-03-13 11:15:00,3.8
6842,2023-03-13 11:30:00,4.1
6843,2023-03-13 11:45:00,1.2
6844,2023-03-13 12:00:00,1.2
6845,2023-03-13 12:15:00,1.5
6846,2023-03-13 12:30:00,1.3
6847,2023-03-13 12:45:00,1.1
6848,2023-03-13 13:00:00,1.4
6849,2023-03-13 13:15:00,1.2
6850,2023-03-13 13:30:00,1.1
6851,2023-03-13 13:45:00,1.5
6852,2023-03-13 14:00:00,1.2
6853,2023-03-13 14:15:00,1.3
6854,2023-03-13 14:30:00,1.4
6855,2023-03-13 14:45:00,1.1
6856,2023-03-13 15:00:00,1.0
6857,2023-03-13 15:15:00,1.4
6858,2023-03-13 15:30:00,1.1
6859,2023-03-13 15:45:00,1.4
6860,2023-03-13 16:00:00,1.5
6861,2023-03-13 16:15:00,1.1
6862,2023-03-13 16:30:00,1.0
6863,2023-03-13 16:45:00,1.8
6864,2023-03-13 17:00:00,1.3
6865,2023-03-13 17:15:00,1.3
6866,2023-03-13 17:30:00,1.7
6867,2023-03-13 17:45:00,1.2
6868,2023-03-13 18:00:00,1.6
6869,2023-03-13 18:15:00,1.2
6870,2023-03-13 18:30:00,13.8
6871,2023-03-13 18:45:00,13.6
6872,2023-03-13 19:00:00,13.6
6873,2023-03-13 19:15:00,13.6
6874,2023-03-13 19:30:00,13.6
6875,2023-03-13 19:45:00,13.4
6876,2023-03-13 20:00:00,13.7
6877,2023-03-13 20:15:00,13.7
6878,2023-03-13 20:30:00,13.4
6879,2023-03-13 20:45:00,13.4
6880,2023-03-13 21:00:00,13.3
6881,2023-03-13 21:15:00,13.5
6882,2023-03-13 21:30:00,13.2
6883,2023-03-13 21:45:00,13.2
6884,2023-03-13 22:00:00,13.2
6885,2023-03-13 22:15:00,13.1
6886,2023-03-13 22:30:00,13.1
6887,2023-03-13 22:45:00,13.4
6888,2023-03-13 23:00:00,13.1
6889,2023-03-13 23:15:00,15.9
6890,2023-03-13 23:30:00,15.8
6891,2023-03-13 23:45:00,4.3
6892,2023-03-14 00:00:00,4.2
6893,2023-03-14 00:15:00,4.1
6894,2023-03-14 00:30:00,3.9
6895,2023-03-14 00:45:00,4.0
6896,2023-03-14 01:00:00,4.0
6897,2023-03-14 01:15:00,4.1
6898,2023-03-14 01:30:00,3.9
6899,2023-03-14 01:45:00,4.1
6900,2023-03-14 02:00:00,4.0
6901,2023-03-14 02:15:00,4.0
6902,2023-03-14 02:30:00,4.4
6903,2023-03-14 02:45:00,4.1
6904,2023-03-14 03:00:00,4.7
6905,2023-03-14 03:15:00,4.4
6906,2023-03-14 03:30:00,4.0
6907,2023-03-14 03:45:00,4.4
6908,2023-03-14 04:00:00,3.9
6909,2023-03-14 04:15:00,4.1
6910,2023-03-14 04:30:00,4.6
6911,2023-03-14 04:45:00,3.9
6912,2023-03-14 05:00:00,3.9
6913,2023-03-14 05:15:00,4.3
6914,2023-03-14 05:30:00,3.9
6915,2023-03-14 05:45:00,4.1
6916,2023-03-14 06:00:00,4.3
6917,2023-03-14 06:15:00,4.2
6918,2023-03-14 06:30:00,4.0
6919,2023-03-14 06:45:00,4.3
6920,2023-03-14 07:00:00,3.9
6921,2023-03-14 07:15:00,4.1
6922,2023-03-14 07:30:00,4.3
6923,2023-03-14 07:45:00,4.1
6924,2023-03-14 08:00:00,3.9
6925,2023-03-14 08:15:00,4.4
6926,2023-03-14 08:30:00,4.0
6927,2023-03-14 08:45:00,4.1
6928,2023-03-14 09:00:00,3.9
6929,2023-03-14 09:15:00,4.1
6930,2023-03-14 09:30:00,4.1
6931,2023-03-14 09:45:00,4.2
6932,2023-03-14 10:00:00,4.0
6933,2023-03-14 10:15:00,4.2
6934,2023-03-14 10:30:00,4.3
6935,2023-03-14 10:45:00,4.0
6936,2023-03-14 11:00:00,4.0
6937,2023-03-14 11:15:00,4.2
6938,2023-03-14 11:30:00,3.6
6939,2023-03-14 11:45:00,1.3
6940,2023-03-14 12:00:00,1.5
6941,2023-03-14 12:15:00,1.2
6942,2023-03-14 12:30:00,1.2
6943,2023-03-14 12:45:00,1.5
6944,2023-03-14 13:00:00,1.1
6945,2023-03-14 13:15:00,1.1
6946,2023-03-14 13:30:00,1.6
6947,2023-03-14 13:45:00,1.5
6948,2023-03-14 14:00:00,1.1
6949,2023-03-14 14:15:00,1.4
6950,2023-03-14 14:30:00,1.1
6951,2023-03-14 14:45:00,1.1
6952,2023-03-14 15:00:00,1.4
6953,2023-03-14 15:15:00,1.1
6954,2023-03-14 15:30:00,1.2
6955,2023-03-14 15:45:00,1.5
6956,2023-03-14 16:00:00,1.1
6957,2023-03-14 16:15:00,1.1
6958,2023-03-14 16:30:00,1.5
6959,2023-03-14 16:45:00,1.3
6960,2023-03-14 17:00:00,1.1
6961,2023-03-14 17:15:00,1.8
6962,2023-03-14 17:30:00,1.1
6963,2023-03-14 17:45:00,1.1
6964,2023-03-14 18:00:00,1.5
6965,2023-03-14 18:15:00,1.2
6966,2023-03-14 18:30:00,1.1
6967,2023-03-14 18:45:00,1.7
6968,2023-03-14 19:00:00,1.1
6969,2023-03-14 19:15:00,1.2
6970,2023-03-14 19:30:00,1.5
6971,2023-03-14 19:45:00,1.2
6972,2023-03-14 20:00:00,1.5
6973,2023-03-14 20:15:00,1.8
6974,2023-03-14 20:30:00,1.6
6975,2023-03-14 20:45:00,1.2
6976,2023-03-14 21:00:00,1.2
6977,2023-03-14 21:15:00,1.2
6978,2023-03-14 21:30:00,1.6
6979,2023-03-14 21:45:00,1.3
6980,2023-03-14 22:00:00,1.2
6981,2023-03-14 22:15:00,1.4
6982,2023-03-14 22:30:00,1.3
6983,2023-03-14 22:45:00,1.2
6984,2023-03-14 23:00:00,1.6
6985,2023-03-14 23:15:00,4.0
6986,2023-03-14 23:30:00,3.9
6987,2023-03-14 23:45:00,3.9
6988,2023-03-15 00:00:00,4.0
6989,2023-03-15 00:15:00,3.9
6990,2023-03-15 00:30:00,4.4
6991,2023-03-15 00:45:00,3.8
6992,2023-03-15 01:00:00,4.0
6993,2023-03-15 01:15:00,3.9
6994,2023-03-15 01:30:00,3.9
6995,2023-03-15 01:45:00,4.3
6996,2023-03-15 02:00:00,4.2
6997,2023-03-15 02:15:00,3.8
6998,2023-03-15 02:30:00,4.3
6999,2023-03-15 02:45:00,3.8
7000,2023-03-15 03:00:00,3.8
7001,2023-03-15 03:15:00,4.2
7002,2023-03-15 03:30:00,3.9
7003,2023-03-15 03:45:00,3.8
7004,2023-03-15 04:00:00,4.2
7005,2023-03-15 04:15:00,3.9
7006,2023-03-15 04:30:00,3.8
7007,2023-03-15 04:45:00,4.1
7008,2023-03-15 05:00:00,3.8
7009,2023-03-15 05:15:00,3.9
7010,2023-03-15 05:30:00,4.2
7011,2023-03-15 05:45:00,3.8
7012,2023-03-15 06:00:00,3.9
7013,2023-03-15 06:15:00,4.3
7014,2023-03-15 06:30:00,3.9
7015,2023-03-15 06:45:00,4.2
7016,2023-03-15 07:00:00,4.1
7017,2023-03-15 07:15:00,4.0
7018,2023-03-15 07:30:00,3.8
7019,2023-03-15 07:45:00,3.8
7020,2023-03-15 08:00:00,3.8
7021,2023-03-15 08:15:00,3.8
7022,2023-03-15 08:30:00,3.9
7023,2023-03-15 08:45:00,3.8
7024,2023-03-15 09:00:00,3.9
7025,2023-03-15 09:15:00,3.7
7026,2023-03-15 09:30:00,3.7
7027,2023-03-15 09:45:00,3.9
7028,2023-03-15 10:00:00,4.1
7029,2023-03-15 10:15:00,3.8
7030,2023-03-15 10:30:00,3.7
7031,2023-03-15 10:45:00,3.9
7032,2023-03-15 11:00:00,4.3
7033,2023-03-15 11:15:00,4.0
7034,2023-03-15 11:30:00,1.4
7035,2023-03-15 11:45:00,1.7
7036,2023-03-15 12:00:00,1.4
7037,2023-03-15 12:15:00,1.4
7038,2023-03-15 12:30:00,1.7
7039,2023-03-15 12:45:00,1.5
7040,2023-03-15 13:00:00,1.6
7041,2023-03-15 13:15:00,1.7
7042,2023-03-15 13:30:00,1.4
7043,2023-03-15 13:45:00,1.5
7044,2023-03-15 14:00:00,1.7
7045,2023-03-15 14:15:00,1.4
7046,2023-03-15 14:30:00,1.4
7047,2023-03-15 14:45:00,1.9
7048,2023-03-15 15:00:00,1.8
7049,2023-03-15 15:15:00,1.4
7050,2023-03-15 15:30:00,1.7
7051,2023-03-15 15:45:00,1.5
7052,2023-03-15 16:00:00,1.4
7053,2023-03-15 16:15:00,1.3
7054,2023-03-15 16:30:00,1.3
7055,2023-03-15 16:45:00,1.4
7056,2023-03-15 17:00:00,1.3
7057,2023-03-15 17:15:00,14.5
7058,2023-03-15 17:30:00,14.6
7059,2023-03-15 17:45:00,14.8
7060,2023-03-15 18:00:00,14.7
7061,2023-03-15 18:15:00,13.3
7062,2023-03-15 18:30:00,14.4
7063,2023-03-15 18:45:00,13.3
7064,2023-03-15 19:00:00,14.7
7065,2023-03-15 19:15:00,16.7
7066,2023-03-15 19:30:00,17.4
7067,2023-03-15 19:45:00,17.3
7068,2023-03-15 20:00:00,17.5
7069,2023-03-15 20:15:00,28.1
7070,2023-03-15 20:30:00,27.0
7071,2023-03-15 20:45:00,25.9
7072,2023-03-15 21:00:00,27.2
7073,2023-03-15 21:15:00,25.7
7074,2023-03-15 21:30:00,27.2
7075,2023-03-15 21:45:00,26.3
7076,2023-03-15 22:00:00,27.3
7077,2023-03-15 22:15:00,28.7
7078,2023-03-15 22:30:00,27.1
7079,2023-03-15 22:45:00,27.2
7080,2023-03-15 23:00:00,25.6
7081,2023-03-15 23:15:00,13.6
7082,2023-03-15 23:30:00,16.6
7083,2023-03-15 23:45:00,16.7
7084,2023-03-16 00:00:00,17.0
7085,2023-03-16 00:15:00,16.2
7086,2023-03-16 00:30:00,16.4
7087,2023-03-16 00:45:00,16.5
7088,2023-03-16 01:00:00,16.4
7089,2023-03-16 01:15:00,16.0
7090,2023-03-16 01:30:00,16.7
7091,2023-03-16 01:45:00,16.3
7092,2023-03-16 02:00:00,16.4
7093,2023-03-16 02:15:00,16.0
7094,2023-03-16 02:30:00,16.0
7095,2023-03-16 02:45:00,4.7
7096,2023-03-16 03:00:00,4.0
7097,2023-03-16 03:15:00,4.0
7098,2023-03-16 03:30:00,4.3
7099,2023-03-16 03:45:00,4.2
7100,2023-03-16 04:00:00,4.4
7101,2023-03-16 04:15:00,4.0
7102,2023-03-16 04:30:00,4.0
7103,2023-03-16 04:45:00,4.0
7104,2023-03-16 05:00:00,4.1
7105,2023-03-16 05:15:00,4.2
7106,2023-03-16 05:30:00,4.1
7107,2023-03-16 05:45:00,4.2
7108,2023-03-16 06:00:00,4.3
7109,2023-03-16 06:15:00,4.2
7110,2023-03-16 06:30:00,4.1
7111,2023-03-16 06:45:00,4.0
7112,2023-03-16 07:00:00,4.2
7113,2023-03-16 07:15:00,4.4
7114,2023-03-16 07:30:00,4.1
7115,2023-03-16 07:45:00,4.1
7116,2023-03-16 08:00:00,4.0
7117,2023-03-16 08:15:00,4.0
7118,2023-03-16 08:30:00,4.5
7119,2023-03-16 08:45:00,4.0
7120,2023-03-16 09:00:00,4.1
7121,2023-03-16 09:15:00,4.2
7122,2023-03-16 09:30:00,4.0
7123,2023-03-16 09:45:00,4.4
7124,2023-03-16 10:00:00,4.0
7125,2023-03-16 10:15:00,4.5
7126,2023-03-16 10:30:00,4.1
7127,2023-03-16 10:45:00,4.2
7128,2023-03-16 11:00:00,4.4
7129,2023-03-16 11:15:00,3.7
7130,2023-03-16 11:30:00,1.4
7131,2023-03-16 11:45:00,1.7
7132,2023-03-16 12:00:00,1.7
7133,2023-03-16 12:15:00,1.4
7134,2023-03-16 12:30:00,2.1
7135,2023-03-16 12:45:00,1.4
7136,2023-03-16 13:00:00,1.5
7137,2023-03-16 13:15:00,1.7
7138,2023-03-16 13:30:00,1.3
7139,2023-03-16 13:45:00,1.7
7140,2023-03-16 14:00:00,1.5
7141,2023-03-16 14:15:00,1.3
7142,2023-03-16 14:30:00,1.6
7143,2023-03-16 14:45:00,1.3
7144,2023-03-16 15:00:00,1.7
7145,2023-03-16 15:15:00,1.4
7146,2023-03-16 15:30:00,1.5
7147,2023-03-16 15:45:00,1.4
7148,2023-03-16 16:00:00,1.4
7149,2023-03-16 16:15:00,1.5
7150,2023-03-16 16:30:00,1.4
7151,2023-03-16 16:45:00,1.5
7152,2023-03-16 17:00:00,1.9
7153,2023-03-16 17:15:00,1.4
7154,2023-03-16 17:30:00,1.6
7155,2023-03-16 17:45:00,1.4
7156,2023-03-16 18:00:00,1.8
7157,2023-03-16 18:15:00,1.6
7158,2023-03-16 18:30:00,1.8
7159,2023-03-16 18:45:00,2.0
7160,2023-03-16 19:00:00,1.7
7161,2023-03-16 19:15:00,1.5
7162,2023-03-16 19:30:00,1.8
7163,2023-03-16 19:45:00,1.5
7164,2023-03-16 20:00:00,1.5
7165,2023-03-16 20:15:00,1.9
7166,2023-03-16 20:30:00,1.5
7167,2023-03-16 20:45:00,13.8
7168,2023-03-16 21:00:00,14.4
7169,2023-03-16 21:15:00,13.8
7170,2023-03-16 21:30:00,13.6
7171,2023-03-16 21:45:00,14.0
7172,2023-03-16 22:00:00,13.7
7173,2023-03-16 22:15:00,13.6
7174,2023-03-16 22:30:00,14.0
7175,2023-03-16 22:45:00,13.4
7176,2023-03-16 23:00:00,13.4
7177,2023-03-16 23:15:00,13.8
7178,2023-03-16 23:30:00,16.1
7179,2023-03-16 23:45:00,16.1
7180,2023-03-17 00:00:00,16.5
7181,2023-03-17 00:15:00,16.2
7182,2023-03-17 00:30:00,16.3
7183,2023-03-17 00:45:00,16.8
7184,2023-03-17 01:00:00,16.5
7185,2023-03-17 01:15:00,16.1
7186,2023-03-17 01:30:00,16.1
7187,2023-03-17 01:45:00,16.1
7188,2023-03-17 02:00:00,16.3
7189,2023-03-17 02:15:00,15.9
7190,2023-03-17 02:30:00,16.0
7191,2023-03-17 02:45:00,16.4
7192,2023-03-17 03:00:00,16.2
7193,2023-03-17 03:15:00,4.1
7194,2023-03-17 03:30:00,4.5
7195,2023-03-17 03:45:00,4.4
7196,2023-03-17 04:00:00,4.4
7197,2023-03-17 04:15:00,4.1
7198,2023-03-17 04:30:00,4.1
7199,2023-03-17 04:45:00,4.4
7200,2023-03-17 05:00:00,4.1
7201,2023-03-17 05:15:00,4.3
7202,2023-03-17 05:30:00,4.0
7203,2023-03-17 05:45:00,4.3
7204,2023-03-17 06:00:00,4.1
7205,2023-03-17 06:15:00,4.2
7206,2023-03-17 06:30:00,4.0
7207,2023-03-17 06:45:00,4.4
7208,2023-03-17 07:00:00,4.2
7209,2023-03-17 07:15:00,4.0
7210,2023-03-17 07:30:00,4.0
7211,2023-03-17 07:45:00,4.4
7212,2023-03-17 08:00:00,4.6
7213,2023-03-17 08:15:00,4.1
7214,2023-03-17 08:30:00,4.0
7215,2023-03-17 08:45:00,4.5
7216,2023-03-17 09:00:00,4.1
7217,2023-03-17 09:15:00,3.9
7218,2023-03-17 09:30:00,4.3
7219,2023-03-17 09:45:00,4.0
7220,2023-03-17 10:00:00,4.2
7221,2023-03-17 10:15:00,4.5
7222,2023-03-17 10:30:00,3.9
7223,2023-03-17 10:45:00,16.2
7224,2023-03-17 11:00:00,16.9
7225,2023-03-17 11:15:00,16.2
7226,2023-03-17 11:30:00,16.1
7227,2023-03-17 11:45:00,13.8
7228,2023-03-17 12:00:00,13.5
7229,2023-03-17 12:15:00,13.6
7230,2023-03-17 12:30:00,13.7
7231,2023-03-17 12:45:00,13.4
7232,2023-03-17 13:00:00,13.3
7233,2023-03-17 13:15:00,13.7
7234,2023-03-17 13:30:00,13.3
7235,2023-03-17 13:45:00,13.6
7236,2023-03-17 14:00:00,13.8
7237,2023-03-17 14:15:00,13.2
7238,2023-03-17 14:30:00,13.2
7239,2023-03-17 14:45:00,13.8
7240,2023-03-17 15:00:00,13.3
7241,2023-03-17 15:15:00,13.3
7242,2023-03-17 15:30:00,13.6
7243,2023-03-17 15:45:00,13.3
7244,2023-03-17 16:00:00,13.3
7245,2023-03-17 16:15:00,2.8
7246,2023-03-17 16:30:00,13.5
7247,2023-03-17 16:45:00,13.6
7248,2023-03-17 17:00:00,13.8
7249,2023-03-17 17:15:00,13.4
7250,2023-03-17 17:30:00,13.8
7251,2023-03-17 17:45:00,14.1
7252,2023-03-17 18:00:00,13.5
7253,2023-03-17 18:15:00,13.8
7254,2023-03-17 18:30:00,14.0
7255,2023-03-17 18:45:00,13.5
7256,2023-03-17 19:00:00,13.6
7257,2023-03-17 19:15:00,13.3
7258,2023-03-17 19:30:00,13.3
7259,2023-03-17 19:45:00,13.4
7260,2023-03-17 20:00:00,13.5
7261,2023-03-17 20:15:00,13.7
7262,2023-03-17 20:30:00,13.4
7263,2023-03-17 20:45:00,13.4
7264,2023-03-17 21:00:00,13.4
7265,2023-03-17 21:15:00,13.5
7266,2023-03-17 21:30:00,1.8
7267,2023-03-17 21:45:00,1.6
7268,2023-03-17 22:00:00,1.9
7269,2023-03-17 22:15:00,1.5
7270,2023-03-17 22:30:00,1.8
7271,2023-03-17 22:45:00,2.2
7272,2023-03-17 23:00:00,1.7
7273,2023-03-17 23:15:00,4.6
7274,2023-03-17 23:30:00,4.9
7275,2023-03-17 23:45:00,4.3
7276,2023-03-18 00:00:00,4.7
7277,2023-03-18 00:15:00,5.4
7278,2023-03-18 00:30:00,5.1
7279,2023-03-18 00:45:00,4.4
7280,2023-03-18 01:00:00,4.6
7281,2023-03-18 01:15:00,4.6
7282,2023-03-18 01:30:00,4.5
7283,2023-03-18 01:45:00,4.7
7284,2023-03-18 02:00:00,4.2
7285,2023-03-18 02:15:00,4.2
7286,2023-03-18 02:30:00,4.7
7287,2023-03-18 02:45:00,4.4
7288,2023-03-18 03:00:00,4.5
7289,2023-03-18 03:15:00,4.8
7290,2023-03-18 03:30:00,4.4
7291,2023-03-18 03:45:00,4.2
7292,2023-03-18 04:00:00,4.6
7293,2023-03-18 04:15:00,4.3
7294,2023-03-18 04:30:00,4.4
7295,2023-03-18 04:45:00,4.2
7296,2023-03-18 05:00:00,4.5
7297,2023-03-18 05:15:00,4.3
7298,2023-03-18 05:30:00,4.3
7299,2023-03-18 05:45:00,4.3
7300,2023-03-18 06:00:00,4.1
7301,2023-03-18 06:15:00,4.4
7302,2023-03-18 06:30:00,4.1
7303,2023-03-18 06:45:00,4.3
7304,2023-03-18 07:00:00,4.3
7305,2023-03-18 07:15:00,4.4
7306,2023-03-18 07:30:00,4.2
7307,2023-03-18 07:45:00,4.2
7308,2023-03-18 08:00:00,4.1
7309,2023-03-18 08:15:00,4.3
7310,2023-03-18 08:30:00,4.3
7311,2023-03-18 08:45:00,4.3
7312,2023-03-18 09:00:00,4.2
7313,2023-03-18 09:15:00,4.4
7314,2023-03-18 09:30:00,4.1
7315,2023-03-18 09:45:00,4.0
7316,2023-03-18 10:00:00,4.3
7317,2023-03-18 10:15:00,4.2
7318,2023-03-18 10:30:00,4.1
7319,2023-03-18 10:45:00,4.1
7320,2023-03-18 11:00:00,4.2
7321,2023-03-18 11:15:00,4.2
7322,2023-03-18 11:30:00,1.3
7323,2023-03-18 11:45:00,1.3
7324,2023-03-18 12:00:00,1.5
7325,2023-03-18 12:15:00,1.3
7326,2023-03-18 12:30:00,1.4
7327,2023-03-18 12:45:00,1.3
7328,2023-03-18 13:00:00,1.7
7329,2023-03-18 13:15:00,1.6
7330,2023-03-18 13:30:00,1.3
7331,2023-03-18 13:45:00,1.6
7332,2023-03-18 14:00:00,13.9
7333,2023-03-18 14:15:00,13.5
7334,2023-03-18 14:30:00,13.8
7335,2023-03-18 14:45:00,14.3
7336,2023-03-18 15:00:00,14.9
7337,2023-03-18 15:15:00,15.5
7338,2023-03-18 15:30:00,14.6
7339,2023-03-18 15:45:00,15.2
7340,2023-03-18 16:00:00,14.2
7341,2023-03-18 16:15:00,28.6
7342,2023-03-18 16:30:00,26.8
7343,2023-03-18 16:45:00,25.2
7344,2023-03-18 17:00:00,24.9
7345,2023-03-18 17:15:00,23.4
7346,2023-03-18 17:30:00,21.9
7347,2023-03-18 17:45:00,24.5
7348,2023-03-18 18:00:00,23.7
7349,2023-03-18 18:15:00,26.7
7350,2023-03-18 18:30:00,28.6
7351,2023-03-18 18:45:00,14.2
7352,2023-03-18 19:00:00,13.8
7353,2023-03-18 19:15:00,13.4
7354,2023-03-18 19:30:00,1.5
7355,2023-03-18 19:45:00,1.8
7356,2023-03-18 20:00:00,1.2
7357,2023-03-18 20:15:00,1.4
7358,2023-03-18 20:30:00,2.1
7359,2023-03-18 20:45:00,1.7
7360,2023-03-18 21:00:00,1.4
7361,2023-03-18 21:15:00,1.9
7362,2023-03-18 21:30:00,1.6
7363,2023-03-18 21:45:00,1.8
7364,2023-03-18 22:00:00,1.6
7365,2023-03-18 22:15:00,1.3
7366,2023-03-18 22:30:00,2.0
7367,2023-03-18 22:45:00,1.5
7368,2023-03-18 23:00:00,1.5
7369,2023-03-18 23:15:00,1.9
7370,2023-03-18 23:30:00,4.5
7371,2023-03-18 23:45:00,4.5
7372,2023-03-19 00:00:00,4.6
7373,2023-03-19 00:15:00,4.2
7374,2023-03-19 00:30:00,4.2
7375,2023-03-19 00:45:00,4.6
7376,2023-03-19 01:00:00,4.2
7377,2023-03-19 01:15:00,4.6
7378,2023-03-19 01:30:00,4.7
7379,2023-03-19 01:45:00,4.7
7380,2023-03-19 02:00:00,4.4
7381,2023-03-19 02:15:00,4.3
7382,2023-03-19 02:30:00,4.7
7383,2023-03-19 02:45:00,4.7
7384,2023-03-19 03:00:00,4.3
7385,2023-03-19 03:15:00,4.5
7386,2023-03-19 03:30:00,4.9
7387,2023-03-19 03:45:00,4.4
7388,2023-03-19 04:00:00,4.4
7389,2023-03-19 04:15:00,4.7
7390,2023-03-19 04:30:00,4.3
7391,2023-03-19 04:45:00,4.2
7392,2023-03-19 05:00:00,4.7
7393,2023-03-19 05:15:00,4.4
7394,2023-03-19 05:30:00,4.1
7395,2023-03-19 05:45:00,4.6
7396,2023-03-19 06:00:00,4.3
7397,2023-03-19 06:15:00,4.2
7398,2023-03-19 06:30:00,4.4
7399,2023-03-19 06:45:00,4.3
7400,2023-03-19 07:00:00,4.1
7401,2023-03-19 07:15:00,4.3
7402,2023-03-19 07:30:00,4.1
7403,2023-03-19 07:45:00,4.0
7404,2023-03-19 08:00:00,4.4
7405,2023-03-19 08:15:00,4.0
7406,2023-03-19 08:30:00,4.1
7407,2023-03-19 08:45:00,4.4
7408,2023-03-19 09:00:00,4.1
7409,2023-03-19 09:15:00,4.0
7410,2023-03-19 09:30:00,4.5
7411,2023-03-19 09:45:00,4.2
7412,2023-03-19 10:00:00,4.1
7413,2023-03-19 10:15:00,4.7
7414,2023-03-19 10:30:00,4.2
7415,2023-03-19 10:45:00,4.1
7416,2023-03-19 11:00:00,4.2
7417,2023-03-19 11:15:00,4.0
7418,2023-03-19 11:30:00,1.3
7419,2023-03-19 11:45:00,1.4
7420,2023-03-19 12:00:00,1.3
7421,2023-03-19 12:15:00,1.3
7422,2023-03-19 12:30:00,1.3
7423,2023-03-19 12:45:00,1.5
7424,2023-03-19 13:00:00,1.1
7425,2023-03-19 13:15:00,1.2
7426,2023-03-19 13:30:00,1.2
7427,2023-03-19 13:45:00,1.3
7428,2023-03-19 14:00:00,1.5
7429,2023-03-19 14:15:00,1.9
7430,2023-03-19 14:30:00,1.3
7431,2023-03-19 14:45:00,1.3
7432,2023-03-19 15:00:00,1.7
7433,2023-03-19 15:15:00,1.6
7434,2023-03-19 15:30:00,1.2
7435,2023-03-19 15:45:00,1.7
7436,2023-03-19 16:00:00,1.3
7437,2023-03-19 16:15:00,1.3
7438,2023-03-19 16:30:00,1.5
7439,2023-03-19 16:45:00,1.3
7440,2023-03-19 17:00:00,1.3
7441,2023-03-19 17:15:00,1.4
7442,2023-03-19 17:30:00,1.2
7443,2023-03-19 17:45:00,1.2
7444,2023-03-19 18:00:00,1.6
7445,2023-03-19 18:15:00,1.2
7446,2023-03-19 18:30:00,1.2
7447,2023-03-19 18:45:00,1.2
7448,2023-03-19 19:00:00,1.2
7449,2023-03-19 19:15:00,1.2
7450,2023-03-19 19:30:00,1.5
7451,2023-03-19 19:45:00,1.2
7452,2023-03-19 20:00:00,1.2
7453,2023-03-19 20:15:00,1.1
7454,2023-03-19 20:30:00,1.7
7455,2023-03-19 20:45:00,1.4
7456,2023-03-19 21:00:00,1.2
7457,2023-03-19 21:15:00,1.5
7458,2023-03-19 21:30:00,1.2
7459,2023-03-19 21:45:00,1.1
7460,2023-03-19 22:00:00,1.4
7461,2023-03-19 22:15:00,1.3
7462,2023-03-19 22:30:00,1.1
7463,2023-03-19 22:45:00,1.6
7464,2023-03-19 23:00:00,1.3
7465,2023-03-19 23:15:00,1.3
7466,2023-03-19 23:30:00,4.6
7467,2023-03-19 23:45:00,4.1
7468,2023-03-20 00:00:00,4.0
7469,2023-03-20 00:15:00,4.0
7470,2023-03-20 00:30:00,4.4
7471,2023-03-20 00:45:00,4.2
7472,2023-03-20 01:00:00,4.0
7473,2023-03-20 01:15:00,4.1
7474,2023-03-20 01:30:00,4.2
7475,2023-03-20 01:45:00,4.6
7476,2023-03-20 02:00:00,4.1
7477,2023-03-20 02:15:00,4.1
7478,2023-03-20 02:30:00,4.0
7479,2023-03-20 02:45:00,4.0
7480,2023-03-20 03:00:00,4.1
7481,2023-03-20 03:15:00,4.1
7482,2023-03-20 03:30:00,4.2
7483,2023-03-20 03:45:00,4.0
7484,2023-03-20 04:00:00,4.2
7485,2023-03-20 04:15:00,4.2
7486,2023-03-20 04:30:00,4.4
7487,2023-03-20 04:45:00,4.0
7488,2023-03-20 05:00:00,4.4
7489,2023-03-20 05:15:00,4.0
7490,2023-03-20 05:30:00,4.0
7491,2023-03-20 05:45:00,4.3
7492,2023-03-20 06:00:00,4.0
7493,2023-03-20 06:15:00,4.2
7494,2023-03-20 06:30:00,4.7
7495,2023-03-20 06:45:00,4.0
7496,2023-03-20 07:00:00,4.3
7497,2023-03-20 07:15:00,4.3
7498,2023-03-20 07:30:00,3.9
7499,2023-03-20 07:45:00,3.8
7500,2023-03-20 08:00:00,3.9
7501,2023-03-20 08:15:00,4.3
7502,2023-03-20 08:30:00,4.0
7503,2023-03-20 08:45:00,3.9
7504,2023-03-20 09:00:00,4.0
7505,2023-03-20 09:15:00,4.1
7506,2023-03-20 09:30:00,4.0
7507,2023-03-20 09:45:00,4.1
7508,2023-03-20 10:00:00,4.0
7509,2023-03-20 10:15:00,3.9
7510,2023-03-20 10:30:00,4.3
7511,2023-03-20 10:45:00,4.0
7512,2023-03-20 11:00:00,4.0
7513,2023-03-20 11:15:00,1.6
7514,2023-03-20 11:30:00,1.6
7515,2023-03-20 11:45:00,1.2
7516,2023-03-20 12:00:00,1.6
7517,2023-03-20 12:15:00,1.2
7518,2023-03-20 12:30:00,1.5
7519,2023-03-20 12:45:00,1.5
7520,2023-03-20 13:00:00,1.2
7521,2023-03-20 13:15:00,1.5
7522,2023-03-20 13:30:00,1.2
7523,2023-03-20 13:45:00,1.3
7524,2023-03-20 14:00:00,1.5
7525,2023-03-20 14:15:00,1.2
7526,2023-03-20 14:30:00,1.2
7527,2023-03-20 14:45:00,1.1
7528,2023-03-20 15:00:00,1.4
7529,2023-03-20 15:15:00,1.1
7530,2023-03-20 15:30:00,1.1
7531,2023-03-20 15:45:00,1.0
7532,2023-03-20 16:00:00,1.1
7533,2023-03-20 16:15:00,1.1
7534,2023-03-20 16:30:00,1.1
7535,2023-03-20 16:45:00,1.2
7536,2023-03-20 17:00:00,1.3
7537,2023-03-20 17:15:00,1.2
7538,2023-03-20 17:30:00,1.5
7539,2023-03-20 17:45:00,1.2
7540,2023-03-20 18:00:00,1.5
7541,2023-03-20 18:15:00,1.8
7542,2023-03-20 18:30:00,1.1
7543,2023-03-20 18:45:00,1.3
7544,2023-03-20 19:00:00,1.5
7545,2023-03-20 19:15:00,1.6
7546,2023-03-20 19:30:00,1.4
7547,2023-03-20 19:45:00,1.5
7548,2023-03-20 20:00:00,1.1
7549,2023-03-20 20:15:00,1.3
7550,2023-03-20 20:30:00,2.0
7551,2023-03-20 20:45:00,1.2
7552,2023-03-20 21:00:00,1.2
7553,2023-03-20 21:15:00,13.6
7554,2023-03-20 21:30:00,13.5
7555,2023-03-20 21:45:00,13.4
7556,2023-03-20 22:00:00,13.5
7557,2023-03-20 22:15:00,13.3
7558,2023-03-20 22:30:00,13.3
7559,2023-03-20 22:45:00,14.0
7560,2023-03-20 23:00:00,13.4
7561,2023-03-20 23:15:00,13.3
7562,2023-03-20 23:30:00,4.3
7563,2023-03-20 23:45:00,4.4
7564,2023-03-21 00:00:00,3.9
7565,2023-03-21 00:15:00,16.2
7566,2023-03-21 00:30:00,15.8
7567,2023-03-21 00:45:00,15.7
7568,2023-03-21 01:00:00,16.2
7569,2023-03-21 01:15:00,16.0
7570,2023-03-21 01:30:00,15.9
7571,2023-03-21 01:45:00,16.2
7572,2023-03-21 02:00:00,4.0
7573,2023-03-21 02:15:00,4.2
7574,2023-03-21 02:30:00,4.1
7575,2023-03-21 02:45:00,4.0
7576,2023-03-21 03:00:00,3.8
7577,2023-03-21 03:15:00,4.4
7578,2023-03-21 03:30:00,3.9
7579,2023-03-21 03:45:00,3.9
7580,2023-03-21 04:00:00,4.3
7581,2023-03-21 04:15:00,3.9
7582,2023-03-21 04:30:00,4.0
7583,2023-03-21 04:45:00,3.8
7584,2023-03-21 05:00:00,4.2
7585,2023-03-21 05:15:00,4.0
7586,2023-03-21 05:30:00,3.8
7587,2023-03-21 05:45:00,3.9
7588,2023-03-21 06:00:00,4.2
7589,2023-03-21 06:15:00,4.2
7590,2023-03-21 06:30:00,3.9
7591,2023-03-21 06:45:00,4.1
7592,2023-03-21 07:00:00,4.3
7593,2023-03-21 07:15:00,4.0
7594,2023-03-21 07:30:00,4.0
7595,2023-03-21 07:45:00,4.4
7596,2023-03-21 08:00:00,4.2
7597,2023-03-21 08:15:00,4.4
7598,2023-03-21 08:30:00,4.3
7599,2023-03-21 08:45:00,4.0
7600,2023-03-21 09:00:00,4.4
7601,2023-03-21 09:15:00,4.3
7602,2023-03-21 09:30:00,4.0
7603,2023-03-21 09:45:00,4.4
7604,2023-03-21 10:00:00,4.2
7605,2023-03-21 10:15:00,4.4
7606,2023-03-21 10:30:00,4.3
7607,2023-03-21 10:45:00,4.2
7608,2023-03-21 11:00:00,4.2
7609,2023-03-21 11:15:00,2.0
7610,2023-03-21 11:30:00,1.3
7611,2023-03-21 11:45:00,1.3
7612,2023-03-21 12:00:00,1.2
7613,2023-03-21 12:15:00,1.6
7614,2023-03-21 12:30:00,1.7
7615,2023-03-21 12:45:00,1.2
7616,2023-03-21 13:00:00,1.4
7617,2023-03-21 13:15:00,1.3
7618,2023-03-21 13:30:00,1.1
7619,2023-03-21 13:45:00,1.1
7620,2023-03-21 14:00:00,1.7
7621,2023-03-21 14:15:00,1.2
7622,2023-03-21 14:30:00,1.1
7623,2023-03-21 14:45:00,1.5
7624,2023-03-21 15:00:00,1.3
7625,2023-03-21 15:15:00,1.1
7626,2023-03-21 15:30:00,1.5
7627,2023-03-21 15:45:00,1.1
7628,2023-03-21 16:00:00,1.1
7629,2023-03-21 16:15:00,1.6
7630,2023-03-21 16:30:00,1.2
7631,2023-03-21 16:45:00,1.2
7632,2023-03-21 17:00:00,1.4
7633,2023-03-21 17:15:00,1.2
7634,2023-03-21 17:30:00,1.5
7635,2023-03-21 17:45:00,1.6
7636,2023-03-21 18:00:00,1.3
7637,2023-03-21 18:15:00,1.6
7638,2023-03-21 18:30:00,1.7
7639,2023-03-21 18:45:00,1.2
7640,2023-03-21 19:00:00,1.8
7641,2023-03-21 19:15:00,1.2
7642,2023-03-21 19:30:00,1.6
7643,2023-03-21 19:45:00,1.8
7644,2023-03-21 20:00:00,1.4
7645,2023-03-21 20:15:00,1.2
7646,2023-03-21 20:30:00,2.0
7647,2023-03-21 20:45:00,1.2
7648,2023-03-21 21:00:00,1.8
7649,2023-03-21 21:15:00,1.4
7650,2023-03-21 21:30:00,1.4
7651,2023-03-21 21:45:00,1.2
7652,2023-03-21 22:00:00,1.1
7653,2023-03-21 22:15:00,1.4
7654,2023-03-21 22:30:00,1.9
7655,2023-03-21 22:45:00,1.2
7656,2023-03-21 23:00:00,1.4
7657,2023-03-21 23:15:00,1.6
7658,2023-03-21 23:30:00,16.2
7659,2023-03-21 23:45:00,16.1
7660,2023-03-22 00:00:00,16.2
7661,2023-03-22 00:15:00,4.3
7662,2023-03-22 00:30:00,3.9
7663,2023-03-22 00:45:00,16.2
7664,2023-03-22 01:00:00,16.0
7665,2023-03-22 01:15:00,15.9
7666,2023-03-22 01:30:00,16.2
7667,2023-03-22 01:45:00,15.8
7668,2023-03-22 02:00:00,16.7
7669,2023-03-22 02:15:00,15.8
7670,2023-03-22 02:30:00,15.9
7671,2023-03-22 02:45:00,16.5
7672,2023-03-22 03:00:00,16.3
7673,2023-03-22 03:15:00,16.0
7674,2023-03-22 03:30:00,4.3
7675,2023-03-22 03:45:00,4.0
7676,2023-03-22 04:00:00,4.0
7677,2023-03-22 04:15:00,4.0
7678,2023-03-22 04:30:00,4.1
7679,2023-03-22 04:45:00,4.4
7680,2023-03-22 05:00:00,4.3
7681,2023-03-22 05:15:00,4.1
7682,2023-03-22 05:30:00,4.7
7683,2023-03-22 05:45:00,4.1
7684,2023-03-22 06:00:00,4.0
7685,2023-03-22 06:15:00,4.6
7686,2023-03-22 06:30:00,4.0
7687,2023-03-22 06:45:00,3.9
7688,2023-03-22 07:00:00,4.0
7689,2023-03-22 07:15:00,4.0
7690,2023-03-22 07:30:00,4.0
7691,2023-03-22 07:45:00,4.0
7692,2023-03-22 08:00:00,4.1
7693,2023-03-22 08:15:00,4.5
7694,2023-03-22 08:30:00,4.3
7695,2023-03-22 08:45:00,4.1
7696,2023-03-22 09:00:00,4.4
7697,2023-03-22 09:15:00,4.1
7698,2023-03-22 09:30:00,4.5
7699,2023-03-22 09:45:00,4.3
7700,2023-03-22 10:00:00,4.2
7701,2023-03-22 10:15:00,4.0
7702,2023-03-22 10:30:00,4.5
7703,2023-03-22 10:45:00,4.3
7704,2023-03-22 11:00:00,4.1
7705,2023-03-22 11:15:00,4.0
7706,2023-03-22 11:30:00,1.3
7707,2023-03-22 11:45:00,1.5
7708,2023-03-22 12:00:00,1.3
7709,2023-03-22 12:15:00,1.1
7710,2023-03-22 12:30:00,1.7
7711,2023-03-22 12:45:00,1.2
7712,2023-03-22 13:00:00,1.1
7713,2023-03-22 13:15:00,1.5
7714,2023-03-22 13:30:00,1.1
7715,2023-03-22 13:45:00,1.3
7716,2023-03-22 14:00:00,1.1
7717,2023-03-22 14:15:00,1.3
7718,2023-03-22 14:30:00,1.6
7719,2023-03-22 14:45:00,1.3
7720,2023-03-22 15:00:00,1.4
7721,2023-03-22 15:15:00,1.6
7722,2023-03-22 15:30:00,1.3
7723,2023-03-22 15:45:00,1.7
7724,2023-03-22 16:00:00,1.8
7725,2023-03-22 16:15:00,1.6
7726,2023-03-22 16:30:00,1.5
7727,2023-03-22 16:45:00,1.8
7728,2023-03-22 17:00:00,1.5
7729,2023-03-22 17:15:00,1.3
7730,2023-03-22 17:30:00,1.7
7731,2023-03-22 17:45:00,1.3
7732,2023-03-22 18:00:00,1.3
7733,2023-03-22 18:15:00,1.7
7734,2023-03-22 18:30:00,1.3
7735,2023-03-22 18:45:00,1.5
7736,2023-03-22 19:00:00,2.1
7737,2023-03-22 19:15:00,1.4
7738,2023-03-22 19:30:00,1.4
7739,2023-03-22 19:45:00,1.5
7740,2023-03-22 20:00:00,1.6
7741,2023-03-22 20:15:00,1.7
7742,2023-03-22 20:30:00,1.3
7743,2023-03-22 20:45:00,2.2
7744,2023-03-22 21:00:00,2.0
7745,2023-03-22 21:15:00,1.2
7746,2023-03-22 21:30:00,13.7
7747,2023-03-22 21:45:00,13.9
7748,2023-03-22 22:00:00,13.5
7749,2023-03-22 22:15:00,13.2
7750,2023-03-22 22:30:00,14.1
7751,2023-03-22 22:45:00,13.0
7752,2023-03-22 23:00:00,13.4
7753,2023-03-22 23:15:00,16.4
7754,2023-03-22 23:30:00,9.4
7755,2023-03-22 23:45:00,15.8
7756,2023-03-23 00:00:00,4.0
7757,2023-03-23 00:15:00,4.4
7758,2023-03-23 00:30:00,4.4
7759,2023-03-23 00:45:00,4.0
7760,2023-03-23 01:00:00,4.0
7761,2023-03-23 01:15:00,4.5
7762,2023-03-23 01:30:00,3.9
7763,2023-03-23 01:45:00,4.0
7764,2023-03-23 02:00:00,4.2
7765,2023-03-23 02:15:00,3.8
7766,2023-03-23 02:30:00,4.3
7767,2023-03-23 02:45:00,4.4
7768,2023-03-23 03:00:00,3.9
7769,2023-03-23 03:15:00,4.3
7770,2023-03-23 03:30:00,4.2
7771,2023-03-23 03:45:00,3.9
7772,2023-03-23 04:00:00,4.3
7773,2023-03-23 04:15:00,4.2
7774,2023-03-23 04:30:00,4.0
7775,2023-03-23 04:45:00,4.6
7776,2023-03-23 05:00:00,4.3
7777,2023-03-23 05:15:00,4.4
7778,2023-03-23 05:30:00,4.1
7779,2023-03-23 05:45:00,3.9
7780,2023-03-23 06:00:00,4.4
7781,2023-03-23 06:15:00,3.9
7782,2023-03-23 06:30:00,4.2
7783,2023-03-23 06:45:00,4.5
7784,2023-03-23 07:00:00,4.3
7785,2023-03-23 07:15:00,4.1
7786,2023-03-23 07:30:00,4.4
7787,2023-03-23 07:45:00,4.2
7788,2023-03-23 08:00:00,4.1
7789,2023-03-23 08:15:00,4.2
7790,2023-03-23 08:30:00,4.2
7791,2023-03-23 08:45:00,3.8
7792,2023-03-23 09:00:00,4.8
7793,2023-03-23 09:15:00,3.9
7794,2023-03-23 09:30:00,4.5
7795,2023-03-23 09:45:00,4.2
7796,2023-03-23 10:00:00,4.0
7797,2023-03-23 10:15:00,17.1
7798,2023-03-23 10:30:00,16.6
7799,2023-03-23 10:45:00,16.2
7800,2023-03-23 11:00:00,17.1
7801,2023-03-23 11:15:00,16.6
7802,2023-03-23 11:30:00,13.4
7803,2023-03-23 11:45:00,13.8
7804,2023-03-23 12:00:00,13.7
7805,2023-03-23 12:15:00,13.2
7806,2023-03-23 12:30:00,13.2
7807,2023-03-23 12:45:00,1.6
7808,2023-03-23 13:00:00,1.7
7809,2023-03-23 13:15:00,1.1
7810,2023-03-23 13:30:00,1.6
7811,2023-03-23 13:45:00,1.5
7812,2023-03-23 14:00:00,1.5
7813,2023-03-23 14:15:00,1.7
7814,2023-03-23 14:30:00,4.6
7815,2023-03-23 14:45:00,2.3
7816,2023-03-23 15:00:00,2.0
7817,2023-03-23 15:15:00,4.2
7818,2023-03-23 15:30:00,1.8
7819,2023-03-23 15:45:00,2.2
7820,2023-03-23 16:00:00,1.6
7821,2023-03-23 16:15:00,1.1
7822,2023-03-23 16:30:00,1.6
7823,2023-03-23 16:45:00,1.3
7824,2023-03-23 17:00:00,2.2
7825,2023-03-23 17:15:00,1.8
7826,2023-03-23 17:30:00,1.8
7827,2023-03-23 17:45:00,1.1
7828,2023-03-23 18:00:00,1.7
7829,2023-03-23 18:15:00,1.5
7830,2023-03-23 18:30:00,2.0
7831,2023-03-23 18:45:00,1.4
7832,2023-03-23 19:00:00,1.4
7833,2023-03-23 19:15:00,13.7
7834,2023-03-23 19:30:00,13.6
7835,2023-03-23 19:45:00,13.3
7836,2023-03-23 20:00:00,13.8
7837,2023-03-23 20:15:00,13.5
7838,2023-03-23 20:30:00,13.5
7839,2023-03-23 20:45:00,13.2
7840,2023-03-23 21:00:00,13.8
7841,2023-03-23 21:15:00,13.5
7842,2023-03-23 21:30:00,13.4
7843,2023-03-23 21:45:00,13.7
7844,2023-03-23 22:00:00,13.6
7845,2023-03-23 22:15:00,13.4
7846,2023-03-23 22:30:00,13.2
7847,2023-03-23 22:45:00,14.2
7848,2023-03-23 23:00:00,14.9
7849,2023-03-23 23:15:00,16.1
7850,2023-03-23 23:30:00,16.2
7851,2023-03-23 23:45:00,15.8
7852,2023-03-24 00:00:00,16.4
7853,2023-03-24 00:15:00,15.9
7854,2023-03-24 00:30:00,15.8
7855,2023-03-24 00:45:00,16.3
7856,2023-03-24 01:00:00,16.2
7857,2023-03-24 01:15:00,16.4
7858,2023-03-24 01:30:00,16.6
7859,2023-03-24 01:45:00,16.0
7860,2023-03-24 02:00:00,16.2
7861,2023-03-24 02:15:00,16.1
7862,2023-03-24 02:30:00,16.0
7863,2023-03-24 02:45:00,16.3
7864,2023-03-24 03:00:00,16.7
7865,2023-03-24 03:15:00,4.2
7866,2023-03-24 03:30:00,4.6
7867,2023-03-24 03:45:00,4.4
7868,2023-03-24 04:00:00,4.2
7869,2023-03-24 04:15:00,4.5
7870,2023-03-24 04:30:00,4.0
7871,2023-03-24 04:45:00,3.9
7872,2023-03-24 05:00:00,3.9
7873,2023-03-24 05:15:00,3.8
7874,2023-03-24 05:30:00,4.1
7875,2023-03-24 05:45:00,3.8
7876,2023-03-24 06:00:00,4.3
7877,2023-03-24 06:15:00,4.5
7878,2023-03-24 06:30:00,4.2
7879,2023-03-24 06:45:00,4.6
7880,2023-03-24 07:00:00,4.3
7881,2023-03-24 07:15:00,4.2
7882,2023-03-24 07:30:00,3.9
7883,2023-03-24 07:45:00,4.6
7884,2023-03-24 08:00:00,3.8
7885,2023-03-24 08:15:00,4.0
7886,2023-03-24 08:30:00,4.0
7887,2023-03-24 08:45:00,4.0
7888,2023-03-24 09:00:00,4.6
7889,2023-03-24 09:15:00,3.7
7890,2023-03-24 09:30:00,4.1
7891,2023-03-24 09:45:00,4.2
7892,2023-03-24 10:00:00,3.9
7893,2023-03-24 10:15:00,3.9
7894,2023-03-24 10:30:00,4.5
7895,2023-03-24 10:45:00,3.8
7896,2023-03-24 11:00:00,3.7
7897,2023-03-24 11:15:00,1.4
7898,2023-03-24 11:30:00,1.3
7899,2023-03-24 11:45:00,1.1
7900,2023-03-24 12:00:00,1.1
7901,2023-03-24 12:15:00,1.0
7902,2023-03-24 12:30:00,1.3
7903,2023-03-24 12:45:00,1.7
7904,2023-03-24 13:00:00,1.1
7905,2023-03-24 13:15:00,1.7
7906,2023-03-24 13:30:00,1.1
7907,2023-03-24 13:45:00,1.1
7908,2023-03-24 14:00:00,1.5
7909,2023-03-24 14:15:00,1.1
7910,2023-03-24 14:30:00,1.1
7911,2023-03-24 14:45:00,1.6
7912,2023-03-24 15:00:00,1.0
7913,2023-03-24 15:15:00,1.1
7914,2023-03-24 15:30:00,1.6
7915,2023-03-24 15:45:00,1.2
7916,2023-03-24 16:00:00,1.3
7917,2023-03-24 16:15:00,1.2
7918,2023-03-24 16:30:00,1.2
7919,2023-03-24 16:45:00,1.3
7920,2023-03-24 17:00:00,1.2
7921,2023-03-24 17:15:00,1.5
7922,2023-03-24 17:30:00,1.6
7923,2023-03-24 17:45:00,1.2
7924,2023-03-24 18:00:00,1.2
7925,2023-03-24 18:15:00,1.7
7926,2023-03-24 18:30:00,1.6
7927,2023-03-24 18:45:00,1.6
7928,2023-03-24 19:00:00,1.7
7929,2023-03-24 19:15:00,1.9
7930,2023-03-24 19:30:00,1.9
7931,2023-03-24 19:45:00,1.5
7932,2023-03-24 20:00:00,1.7
7933,2023-03-24 20:15:00,1.4
7934,2023-03-24 20:30:00,1.6
7935,2023-03-24 20:45:00,1.6
7936,2023-03-24 21:00:00,1.8
7937,2023-03-24 21:15:00,1.6
7938,2023-03-24 21:30:00,1.7
7939,2023-03-24 21:45:00,1.8
7940,2023-03-24 22:00:00,1.4
7941,2023-03-24 22:15:00,14.1
7942,2023-03-24 22:30:00,13.9
7943,2023-03-24 22:45:00,13.6
7944,2023-03-24 23:00:00,13.8
7945,2023-03-24 23:15:00,14.0
7946,2023-03-24 23:30:00,16.4
7947,2023-03-24 23:45:00,16.1
7948,2023-03-25 00:00:00,16.2
7949,2023-03-25 00:15:00,16.4
7950,2023-03-25 00:30:00,16.4
7951,2023-03-25 00:45:00,16.1
7952,2023-03-25 01:00:00,16.5
7953,2023-03-25 01:15:00,16.3
7954,2023-03-25 01:30:00,16.3
7955,2023-03-25 01:45:00,4.3
7956,2023-03-25 02:00:00,4.6
7957,2023-03-25 02:15:00,4.0
7958,2023-03-25 02:30:00,4.0
7959,2023-03-25 02:45:00,4.5
7960,2023-03-25 03:00:00,4.1
7961,2023-03-25 03:15:00,4.6
7962,2023-03-25 03:30:00,4.2
7963,2023-03-25 03:45:00,4.7
7964,2023-03-25 04:00:00,4.7
7965,2023-03-25 04:15:00,4.2
7966,2023-03-25 04:30:00,4.1
7967,2023-03-25 04:45:00,4.6
7968,2023-03-25 05:00:00,4.2
7969,2023-03-25 05:15:00,4.2
7970,2023-03-25 05:30:00,4.9
7971,2023-03-25 05:45:00,4.1
7972,2023-03-25 06:00:00,4.3
7973,2023-03-25 06:15:00,4.5
7974,2023-03-25 06:30:00,4.6
7975,2023-03-25 06:45:00,4.6
7976,2023-03-25 07:00:00,4.3
7977,2023-03-25 07:15:00,4.1
7978,2023-03-25 07:30:00,5.0
7979,2023-03-25 07:45:00,4.4
7980,2023-03-25 08:00:00,4.1
7981,2023-03-25 08:15:00,4.1
7982,2023-03-25 08:30:00,4.1
7983,2023-03-25 08:45:00,4.2
7984,2023-03-25 09:00:00,4.7
7985,2023-03-25 09:15:00,4.0
7986,2023-03-25 09:30:00,4.0
7987,2023-03-25 09:45:00,4.0
7988,2023-03-25 10:00:00,4.1
7989,2023-03-25 10:15:00,4.7
7990,2023-03-25 10:30:00,4.0
7991,2023-03-25 10:45:00,3.9
7992,2023-03-25 11:00:00,4.3
7993,2023-03-25 11:15:00,4.4
7994,2023-03-25 11:30:00,4.1
7995,2023-03-25 11:45:00,1.6
7996,2023-03-25 12:00:00,1.6
7997,2023-03-25 12:15:00,1.7
7998,2023-03-25 12:30:00,1.8
7999,2023-03-25 12:45:00,1.4
8000,2023-03-25 13:00:00,1.4
8001,2023-03-25 13:15:00,1.9
8002,2023-03-25 13:30:00,13.5
8003,2023-03-25 13:45:00,13.9
8004,2023-03-25 14:00:00,13.9
8005,2023-03-25 14:15:00,26.9
8006,2023-03-25 14:30:00,29.1
8007,2023-03-25 14:45:00,29.1
8008,2023-03-25 15:00:00,18.1
8009,2023-03-25 15:15:00,15.6
8010,2023-03-25 15:30:00,16.9
8011,2023-03-25 15:45:00,16.7
8012,2023-03-25 16:00:00,20.7
8013,2023-03-25 16:15:00,32.0
8014,2023-03-25 16:30:00,28.8
8015,2023-03-25 16:45:00,29.5
8016,2023-03-25 17:00:00,26.8
8017,2023-03-25 17:15:00,29.7
8018,2023-03-25 17:30:00,26.6
8019,2023-03-25 17:45:00,28.2
8020,2023-03-25 18:00:00,26.9
8021,2023-03-25 18:15:00,27.8
8022,2023-03-25 18:30:00,27.1
8023,2023-03-25 18:45:00,26.3
8024,2023-03-25 19:00:00,16.2
8025,2023-03-25 19:15:00,15.5
8026,2023-03-25 19:30:00,3.4
8027,2023-03-25 19:45:00,15.8
8028,2023-03-25 20:00:00,15.1
8029,2023-03-25 20:15:00,15.1
8030,2023-03-25 20:30:00,15.6
8031,2023-03-25 20:45:00,15.5
8032,2023-03-25 21:00:00,15.7
8033,2023-03-25 21:15:00,15.8
8034,2023-03-25 21:30:00,15.3
8035,2023-03-25 21:45:00,15.6
8036,2023-03-25 22:00:00,15.3
8037,2023-03-25 22:15:00,15.7
8038,2023-03-25 22:30:00,15.5
8039,2023-03-25 22:45:00,15.3
8040,2023-03-25 23:00:00,15.1
8041,2023-03-25 23:15:00,17.7
8042,2023-03-25 23:30:00,17.9
8043,2023-03-25 23:45:00,6.3
8044,2023-03-26 00:00:00,6.2
8045,2023-03-26 00:15:00,5.9
8046,2023-03-26 00:30:00,5.9
8047,2023-03-26 00:45:00,6.0
8048,2023-03-26 01:00:00,6.0
8049,2023-03-26 01:15:00,6.2
8050,2023-03-26 01:30:00,5.8
8051,2023-03-26 01:45:00,6.2
8052,2023-03-26 02:00:00,5.8
8053,2023-03-26 02:15:00,5.7
8054,2023-03-26 02:30:00,5.7
8055,2023-03-26 02:45:00,6.5
8056,2023-03-26 03:00:00,5.7
8057,2023-03-26 03:15:00,5.7
8058,2023-03-26 03:30:00,5.7
8059,2023-03-26 03:45:00,6.2
8060,2023-03-26 04:00:00,5.9
8061,2023-03-26 04:15:00,5.8
8062,2023-03-26 04:30:00,5.8
8063,2023-03-26 04:45:00,6.5
8064,2023-03-26 05:00:00,5.6
8065,2023-03-26 05:15:00,5.8
8066,2023-03-26 05:30:00,6.7
8067,2023-03-26 05:45:00,6.0
8068,2023-03-26 06:00:00,5.6
8069,2023-03-26 06:15:00,5.8
8070,2023-03-26 06:30:00,6.7
8071,2023-03-26 06:45:00,5.8
8072,2023-03-26 07:00:00,6.0
8073,2023-03-26 07:15:00,5.6
8074,2023-03-26 07:30:00,6.6
8075,2023-03-26 07:45:00,5.8
8076,2023-03-26 08:00:00,6.4
8077,2023-03-26 08:15:00,6.0
8078,2023-03-26 08:30:00,6.5
8079,2023-03-26 08:45:00,5.8
8080,2023-03-26 09:00:00,6.1
8081,2023-03-26 09:15:00,5.8
8082,2023-03-26 09:30:00,6.2
8083,2023-03-26 09:45:00,5.9
8084,2023-03-26 10:00:00,5.9
8085,2023-03-26 10:15:00,18.3
8086,2023-03-26 10:30:00,18.7
8087,2023-03-26 10:45:00,17.8
8088,2023-03-26 11:00:00,18.3
8089,2023-03-26 11:15:00,15.7
8090,2023-03-26 11:30:00,15.8
8091,2023-03-26 11:45:00,15.7
8092,2023-03-26 12:00:00,15.3
8093,2023-03-26 12:15:00,15.2
8094,2023-03-26 12:30:00,16.2
8095,2023-03-26 12:45:00,15.1
8096,2023-03-26 13:00:00,15.4
8097,2023-03-26 13:15:00,15.2
8098,2023-03-26 13:30:00,15.7
8099,2023-03-26 13:45:00,15.3
8100,2023-03-26 14:00:00,24.8
8101,2023-03-26 14:15:00,29.0
8102,2023-03-26 14:30:00,31.1
8103,2023-03-26 14:45:00,31.9
8104,2023-03-26 15:00:00,32.7
8105,2023-03-26 15:15:00,27.4
8106,2023-03-26 15:30:00,28.3
8107,2023-03-26 15:45:00,27.3
8108,2023-03-26 16:00:00,25.8
8109,2023-03-26 16:15:00,26.8
8110,2023-03-26 16:30:00,24.9
8111,2023-03-26 16:45:00,27.2
8112,2023-03-26 17:00:00,27.5
8113,2023-03-26 17:15:00,26.2
8114,2023-03-26 17:30:00,24.2
8115,2023-03-26 17:45:00,16.8
8116,2023-03-26 18:00:00,13.6
8117,2023-03-26 18:15:00,12.3
8118,2023-03-26 18:30:00,12.4
8119,2023-03-26 18:45:00,12.3
8120,2023-03-26 19:00:00,12.4
8121,2023-03-26 19:15:00,12.4
8122,2023-03-26 19:30:00,12.1
8123,2023-03-26 19:45:00,12.2
8124,2023-03-26 20:00:00,12.4
8125,2023-03-26 20:15:00,12.0
8126,2023-03-26 20:30:00,2.2
8127,2023-03-26 20:45:00,1.8
8128,2023-03-26 21:00:00,2.0
8129,2023-03-26 21:15:00,2.0
8130,2023-03-26 21:30:00,1.9
8131,2023-03-26 21:45:00,1.4
8132,2023-03-26 22:00:00,1.6
8133,2023-03-26 22:15:00,1.7
8134,2023-03-26 22:30:00,1.7
8135,2023-03-26 22:45:00,1.5
8136,2023-03-26 23:00:00,1.3
8137,2023-03-26 23:15:00,1.4
8138,2023-03-26 23:30:00,2.0
8139,2023-03-26 23:45:00,5.1
8140,2023-03-27 00:00:00,4.3
8141,2023-03-27 00:15:00,4.2
8142,2023-03-27 00:30:00,4.4
8143,2023-03-27 00:45:00,4.7
8144,2023-03-27 01:00:00,4.5
8145,2023-03-27 01:15:00,4.4
8146,2023-03-27 01:30:00,4.3
8147,2023-03-27 01:45:00,4.4
8148,2023-03-27 02:00:00,4.6
8149,2023-03-27 02:15:00,4.6
8150,2023-03-27 02:30:00,4.4
8151,2023-03-27 02:45:00,4.4
8152,2023-03-27 03:00:00,4.4
8153,2023-03-27 03:15:00,4.4
8154,2023-03-27 03:30:00,4.4
8155,2023-03-27 03:45:00,4.5
8156,2023-03-27 04:00:00,4.5
8157,2023-03-27 04:15:00,4.5
8158,2023-03-27 04:30:00,4.1
8159,2023-03-27 04:45:00,4.1
8160,2023-03-27 05:00:00,4.6
8161,2023-03-27 05:15:00,4.2
8162,2023-03-27 05:30:00,4.7
8163,2023-03-27 05:45:00,4.2
8164,2023-03-27 06:00:00,4.8
8165,2023-03-27 06:15:00,4.4
8166,2023-03-27 06:30:00,4.5
8167,2023-03-27 06:45:00,4.6
8168,2023-03-27 07:00:00,4.1
8169,2023-03-27 07:15:00,4.6
8170,2023-03-27 07:30:00,4.1
8171,2023-03-27 07:45:00,4.2
8172,2023-03-27 08:00:00,5.0
8173,2023-03-27 08:15:00,4.6
8174,2023-03-27 08:30:00,4.3
8175,2023-03-27 08:45:00,4.8
8176,2023-03-27 09:00:00,4.1
8177,2023-03-27 09:15:00,4.2
8178,2023-03-27 09:30:00,4.0
8179,2023-03-27 09:45:00,3.9
8180,2023-03-27 10:00:00,4.5
8181,2023-03-27 10:15:00,4.2
8182,2023-03-27 10:30:00,4.0
8183,2023-03-27 10:45:00,4.2
8184,2023-03-27 11:00:00,1.5
8185,2023-03-27 11:15:00,2.2
8186,2023-03-27 11:30:00,1.3
8187,2023-03-27 11:45:00,1.5
8188,2023-03-27 12:00:00,1.4
8189,2023-03-27 12:15:00,2.0
8190,2023-03-27 12:30:00,1.5
8191,2023-03-27 12:45:00,1.3
8192,2023-03-27 13:00:00,2.1
8193,2023-03-27 13:15:00,2.2
8194,2023-03-27 13:30:00,1.3
8195,2023-03-27 13:45:00,1.8
8196,2023-03-27 14:00:00,1.4
8197,2023-03-27 14:15:00,1.7
8198,2023-03-27 14:30:00,1.7
8199,2023-03-27 14:45:00,1.3
8200,2023-03-27 15:00:00,1.3
8201,2023-03-27 15:15:00,1.4
8202,2023-03-27 15:30:00,1.7
8203,2023-03-27 15:45:00,1.8
8204,2023-03-27 16:00:00,1.3
8205,2023-03-27 16:15:00,1.5
8206,2023-03-27 16:30:00,1.6
8207,2023-03-27 16:45:00,1.5
8208,2023-03-27 17:00:00,1.5
8209,2023-03-27 17:15:00,1.9
8210,2023-03-27 17:30:00,1.6
8211,2023-03-27 17:45:00,2.0
8212,2023-03-27 18:00:00,1.3
8213,2023-03-27 18:15:00,0.7
8214,2023-03-27 18:30:00,0.7
8215,2023-03-27 18:45:00,0.9
8216,2023-03-27 19:00:00,1.4
8217,2023-03-27 19:15:00,1.3
8218,2023-03-27 19:30:00,0.7
8219,2023-03-27 19:45:00,1.5
8220,2023-03-27 20:00:00,1.2
8221,2023-03-27 20:15:00,1.4
8222,2023-03-27 20:30:00,11.7
8223,2023-03-27 20:45:00,11.6
8224,2023-03-27 21:00:00,12.1
8225,2023-03-27 21:15:00,11.6
8226,2023-03-27 21:30:00,11.3
8227,2023-03-27 21:45:00,11.5
8228,2023-03-27 22:00:00,11.8
8229,2023-03-27 22:15:00,11.8
8230,2023-03-27 22:30:00,0.9
8231,2023-03-27 22:45:00,1.0
8232,2023-03-27 23:00:00,1.0
8233,2023-03-27 23:15:00,1.1
8234,2023-03-27 23:30:00,4.3
8235,2023-03-27 23:45:00,3.6
8236,2023-03-28 00:00:00,3.8
8237,2023-03-28 00:15:00,11.1
8238,2023-03-28 00:30:00,14.1
8239,2023-03-28 00:45:00,14.6
8240,2023-03-28 01:00:00,14.0
8241,2023-03-28 01:15:00,14.4
8242,2023-03-28 01:30:00,14.9
8243,2023-03-28 01:45:00,4.3
8244,2023-03-28 02:00:00,14.2
8245,2023-03-28 02:15:00,14.2
8246,2023-03-28 02:30:00,14.3
8247,2023-03-28 02:45:00,14.9
8248,2023-03-28 03:00:00,14.2
8249,2023-03-28 03:15:00,14.1
8250,2023-03-28 03:30:00,15.0
8251,2023-03-28 03:45:00,14.0
8252,2023-03-28 04:00:00,14.4
8253,2023-03-28 04:15:00,13.9
8254,2023-03-28 04:30:00,14.1
8255,2023-03-28 04:45:00,14.2
8256,2023-03-28 05:00:00,13.9
8257,2023-03-28 05:15:00,14.0
8258,2023-03-28 05:30:00,14.2
8259,2023-03-28 05:45:00,14.2
8260,2023-03-28 06:00:00,14.1
8261,2023-03-28 06:15:00,14.8
8262,2023-03-28 06:30:00,13.9
8263,2023-03-28 06:45:00,14.6
8264,2023-03-28 07:00:00,14.2
8265,2023-03-28 07:15:00,14.0
8266,2023-03-28 07:30:00,13.9
8267,2023-03-28 07:45:00,14.1
8268,2023-03-28 08:00:00,14.5
8269,2023-03-28 08:15:00,13.9
8270,2023-03-28 08:30:00,14.0
8271,2023-03-28 08:45:00,14.2
8272,2023-03-28 09:00:00,14.3
8273,2023-03-28 09:15:00,14.0
8274,2023-03-28 09:30:00,14.2
8275,2023-03-28 09:45:00,14.3
8276,2023-03-28 10:00:00,14.5
8277,2023-03-28 10:15:00,14.3
8278,2023-03-28 10:30:00,14.2
8279,2023-03-28 10:45:00,14.1
8280,2023-03-28 11:00:00,14.4
8281,2023-03-28 11:15:00,11.3
8282,2023-03-28 11:30:00,11.4
8283,2023-03-28 11:45:00,11.6
8284,2023-03-28 12:00:00,12.0
8285,2023-03-28 12:15:00,11.4
8286,2023-03-28 12:30:00,11.3
8287,2023-03-28 12:45:00,1.3
8288,2023-03-28 13:00:00,0.8
8289,2023-03-28 13:15:00,1.4
8290,2023-03-28 13:30:00,0.8
8291,2023-03-28 13:45:00,1.1
8292,2023-03-28 14:00:00,1.3
8293,2023-03-28 14:15:00,1.0
8294,2023-03-28 14:30:00,1.1
8295,2023-03-28 14:45:00,0.8
8296,2023-03-28 15:00:00,0.8
8297,2023-03-28 15:15:00,1.4
8298,2023-03-28 15:30:00,0.8
8299,2023-03-28 15:45:00,1.1
8300,2023-03-28 16:00:00,1.3
8301,2023-03-28 16:15:00,0.8
8302,2023-03-28 16:30:00,0.9
8303,2023-03-28 16:45:00,0.9
8304,2023-03-28 17:00:00,0.7
8305,2023-03-28 17:15:00,1.3
8306,2023-03-28 17:30:00,0.8
8307,2023-03-28 17:45:00,1.1
8308,2023-03-28 18:00:00,1.2
8309,2023-03-28 18:15:00,1.0
8310,2023-03-28 18:30:00,1.3
8311,2023-03-28 18:45:00,0.9
8312,2023-03-28 19:00:00,1.0
8313,2023-03-28 19:15:00,1.5
8314,2023-03-28 19:30:00,0.9
8315,2023-03-28 19:45:00,1.0
8316,2023-03-28 20:00:00,0.9
8317,2023-03-28 20:15:00,1.0
8318,2023-03-28 20:30:00,0.9
8319,2023-03-28 20:45:00,0.9
8320,2023-03-28 21:00:00,0.8
8321,2023-03-28 21:15:00,1.2
8322,2023-03-28 21:30:00,0.8
8323,2023-03-28 21:45:00,11.8
8324,2023-03-28 22:00:00,11.5
8325,2023-03-28 22:15:00,11.4
8326,2023-03-28 22:30:00,11.4
8327,2023-03-28 22:45:00,11.7
8328,2023-03-28 23:00:00,11.3
8329,2023-03-28 23:15:00,11.6
8330,2023-03-28 23:30:00,12.0
8331,2023-03-28 23:45:00,14.5
8332,2023-03-29 00:00:00,14.2
8333,2023-03-29 00:15:00,14.3
8334,2023-03-29 00:30:00,14.0
8335,2023-03-29 00:45:00,14.2
8336,2023-03-29 01:00:00,7.3
8337,2023-03-29 01:15:00,14.5
8338,2023-03-29 01:30:00,14.7
8339,2023-03-29 01:45:00,13.9
8340,2023-03-29 02:00:00,14.1
8341,2023-03-29 02:15:00,13.9
8342,2023-03-29 02:30:00,3.8
8343,2023-03-29 02:45:00,3.5
8344,2023-03-29 03:00:00,4.0
8345,2023-03-29 03:15:00,3.8
8346,2023-03-29 03:30:00,3.6
8347,2023-03-29 03:45:00,3.6
8348,2023-03-29 04:00:00,3.8
8349,2023-03-29 04:15:00,4.0
8350,2023-03-29 04:30:00,4.0
8351,2023-03-29 04:45:00,3.4
8352,2023-03-29 05:00:00,3.9
8353,2023-03-29 05:15:00,4.1
8354,2023-03-29 05:30:00,3.7
8355,2023-03-29 05:45:00,3.5
8356,2023-03-29 06:00:00,3.7
8357,2023-03-29 06:15:00,3.9
8358,2023-03-29 06:30:00,4.0
8359,2023-03-29 06:45:00,3.7
8360,2023-03-29 07:00:00,3.6
8361,2023-03-29 07:15:00,3.5
8362,2023-03-29 07:30:00,4.1
8363,2023-03-29 07:45:00,4.0
8364,2023-03-29 08:00:00,3.5
8365,2023-03-29 08:15:00,3.5
8366,2023-03-29 08:30:00,3.9
8367,2023-03-29 08:45:00,3.8
8368,2023-03-29 09:00:00,3.8
8369,2023-03-29 09:15:00,3.6
8370,2023-03-29 09:30:00,3.6
8371,2023-03-29 09:45:00,3.9
8372,2023-03-29 10:00:00,3.4
8373,2023-03-29 10:15:00,3.7
8374,2023-03-29 10:30:00,3.8
8375,2023-03-29 10:45:00,3.8
8376,2023-03-29 11:00:00,1.0
8377,2023-03-29 11:15:00,0.9
8378,2023-03-29 11:30:00,1.1
8379,2023-03-29 11:45:00,1.1
8380,2023-03-29 12:00:00,0.8
8381,2023-03-29 12:15:00,0.7
8382,2023-03-29 12:30:00,1.1
8383,2023-03-29 12:45:00,1.2
8384,2023-03-29 13:00:00,1.1
8385,2023-03-29 13:15:00,1.4
8386,2023-03-29 13:30:00,1.1
8387,2023-03-29 13:45:00,0.8
8388,2023-03-29 14:00:00,0.9
8389,2023-03-29 14:15:00,1.3
8390,2023-03-29 14:30:00,1.7
8391,2023-03-29 14:45:00,1.0
8392,2023-03-29 15:00:00,0.8
8393,2023-03-29 15:15:00,1.6
8394,2023-03-29 15:30:00,0.8
8395,2023-03-29 15:45:00,0.9
8396,2023-03-29 16:00:00,1.1
8397,2023-03-29 16:15:00,1.1
8398,2023-03-29 16:30:00,1.3
8399,2023-03-29 16:45:00,0.8
8400,2023-03-29 17:00:00,1.0
8401,2023-03-29 17:15:00,1.5
8402,2023-03-29 17:30:00,1.2
8403,2023-03-29 17:45:00,1.2
8404,2023-03-29 18:00:00,1.1
8405,2023-03-29 18:15:00,0.9
8406,2023-03-29 18:30:00,1.4
8407,2023-03-29 18:45:00,0.9
8408,2023-03-29 19:00:00,0.9
8409,2023-03-29 19:15:00,1.2
8410,2023-03-29 19:30:00,11.7
8411,2023-03-29 19:45:00,11.7
8412,2023-03-29 20:00:00,11.6
8413,2023-03-29 20:15:00,11.4
8414,2023-03-29 20:30:00,12.1
8415,2023-03-29 20:45:00,11.6
8416,2023-03-29 21:00:00,11.9
8417,2023-03-29 21:15:00,0.9
8418,2023-03-29 21:30:00,1.2
8419,2023-03-29 21:45:00,1.1
8420,2023-03-29 22:00:00,1.1
8421,2023-03-29 22:15:00,1.3
8422,2023-03-29 22:30:00,1.4
8423,2023-03-29 22:45:00,1.0
8424,2023-03-29 23:00:00,1.5
8425,2023-03-29 23:15:00,3.8
8426,2023-03-29 23:30:00,3.6
8427,2023-03-29 23:45:00,4.6
8428,2023-03-30 00:00:00,4.0
8429,2023-03-30 00:15:00,3.8
8430,2023-03-30 00:30:00,4.0
8431,2023-03-30 00:45:00,3.7
8432,2023-03-30 01:00:00,4.2
8433,2023-03-30 01:15:00,3.9
8434,2023-03-30 01:30:00,3.7
8435,2023-03-30 01:45:00,3.5
8436,2023-03-30 02:00:00,4.1
8437,2023-03-30 02:15:00,4.0
8438,2023-03-30 02:30:00,3.9
8439,2023-03-30 02:45:00,4.0
8440,2023-03-30 03:00:00,3.4
8441,2023-03-30 03:15:00,3.5
8442,2023-03-30 03:30:00,3.9
8443,2023-03-30 03:45:00,3.5
8444,2023-03-30 04:00:00,3.9
8445,2023-03-30 04:15:00,4.7
8446,2023-03-30 04:30:00,4.1
8447,2023-03-30 04:45:00,3.5
8448,2023-03-30 05:00:00,4.0
8449,2023-03-30 05:15:00,3.8
8450,2023-03-30 05:30:00,3.5
8451,2023-03-30 05:45:00,4.1
8452,2023-03-30 06:00:00,3.9
8453,2023-03-30 06:15:00,3.9
8454,2023-03-30 06:30:00,3.9
8455,2023-03-30 06:45:00,3.8
8456,2023-03-30 07:00:00,4.1
8457,2023-03-30 07:15:00,3.9
8458,2023-03-30 07:30:00,3.6
8459,2023-03-30 07:45:00,3.9
8460,2023-03-30 08:00:00,4.0
8461,2023-03-30 08:15:00,3.4
8462,2023-03-30 08:30:00,3.6
8463,2023-03-30 08:45:00,3.5
8464,2023-03-30 09:00:00,3.4
8465,2023-03-30 09:15:00,3.6
8466,2023-03-30 09:30:00,3.7
8467,2023-03-30 09:45:00,3.6
8468,2023-03-30 10:00:00,3.4
8469,2023-03-30 10:15:00,3.4
8470,2023-03-30 10:30:00,3.6
8471,2023-03-30 10:45:00,3.5
8472,2023-03-30 11:00:00,1.1
8473,2023-03-30 11:15:00,1.1
8474,2023-03-30 11:30:00,0.8
8475,2023-03-30 11:45:00,2.1
8476,2023-03-30 12:00:00,3.4
8477,2023-03-30 12:15:00,2.6
8478,2023-03-30 12:30:00,3.7
8479,2023-03-30 12:45:00,3.5
8480,2023-03-30 13:00:00,2.2
8481,2023-03-30 13:15:00,1.6
8482,2023-03-30 13:30:00,2.1
8483,2023-03-30 13:45:00,6.8
8484,2023-03-30 14:00:00,3.0
8485,2023-03-30 14:15:00,1.3
8486,2023-03-30 14:30:00,1.8
8487,2023-03-30 14:45:00,1.5
8488,2023-03-30 15:00:00,0.8
8489,2023-03-30 15:15:00,1.1
8490,2023-03-30 15:30:00,1.0
8491,2023-03-30 15:45:00,0.8
8492,2023-03-30 16:00:00,1.1
8493,2023-03-30 16:15:00,1.1
8494,2023-03-30 16:30:00,0.8
8495,2023-03-30 16:45:00,1.1
8496,2023-03-30 17:00:00,0.8
8497,2023-03-30 17:15:00,0.8
8498,2023-03-30 17:30:00,1.3
8499,2023-03-30 17:45:00,0.8
8500,2023-03-30 18:00:00,1.0
8501,2023-03-30 18:15:00,1.3
8502,2023-03-30 18:30:00,0.8
8503,2023-03-30 18:45:00,1.1
8504,2023-03-30 19:00:00,1.4
8505,2023-03-30 19:15:00,0.9
8506,2023-03-30 19:30:00,1.2
8507,2023-03-30 19:45:00,0.9
8508,2023-03-30 20:00:00,1.4
8509,2023-03-30 20:15:00,0.9
8510,2023-03-30 20:30:00,0.9
8511,2023-03-30 20:45:00,0.9
8512,2023-03-30 21:00:00,0.8
8513,2023-03-30 21:15:00,1.1
8514,2023-03-30 21:30:00,11.7
8515,2023-03-30 21:45:00,11.7
8516,2023-03-30 22:00:00,11.6
8517,2023-03-30 22:15:00,10.0
8518,2023-03-30 22:30:00,11.5
8519,2023-03-30 22:45:00,11.5
8520,2023-03-30 23:00:00,11.3
8521,2023-03-30 23:15:00,11.4
8522,2023-03-30 23:30:00,11.8
8523,2023-03-30 23:45:00,14.2
8524,2023-03-31 00:00:00,14.2
8525,2023-03-31 00:15:00,14.4
8526,2023-03-31 00:30:00,14.1
8527,2023-03-31 00:45:00,14.0
8528,2023-03-31 01:00:00,14.4
8529,2023-03-31 01:15:00,14.0
8530,2023-03-31 01:30:00,14.1
8531,2023-03-31 01:45:00,14.2
8532,2023-03-31 02:00:00,14.1
8533,2023-03-31 02:15:00,14.0
8534,2023-03-31 02:30:00,14.4
8535,2023-03-31 02:45:00,14.0
8536,2023-03-31 03:00:00,14.1
8537,2023-03-31 03:15:00,3.8
8538,2023-03-31 03:30:00,3.5
8539,2023-03-31 03:45:00,3.8
8540,2023-03-31 04:00:00,6.0
8541,2023-03-31 04:15:00,3.5
8542,2023-03-31 04:30:00,3.9
8543,2023-03-31 04:45:00,3.8
8544,2023-03-31 05:00:00,3.8
8545,2023-03-31 05:15:00,3.5
8546,2023-03-31 05:30:00,3.8
8547,2023-03-31 05:45:00,3.6
8548,2023-03-31 06:00:00,3.4
8549,2023-03-31 06:15:00,3.6
8550,2023-03-31 06:30:00,3.5
8551,2023-03-31 06:45:00,3.4
8552,2023-03-31 07:00:00,3.6
8553,2023-03-31 07:15:00,3.4
8554,2023-03-31 07:30:00,3.4
8555,2023-03-31 07:45:00,3.4
8556,2023-03-31 08:00:00,3.4
8557,2023-03-31 08:15:00,3.4
8558,2023-03-31 08:30:00,3.4
8559,2023-03-31 08:45:00,3.5
8560,2023-03-31 09:00:00,3.4
8561,2023-03-31 09:15:00,3.4
8562,2023-03-31 09:30:00,3.7
8563,2023-03-31 09:45:00,3.4
8564,2023-03-31 10:00:00,3.4
8565,2023-03-31 10:15:00,3.7
8566,2023-03-31 10:30:00,3.4
8567,2023-03-31 10:45:00,3.4
8568,2023-03-31 11:00:00,1.0
8569,2023-03-31 11:15:00,0.7
8570,2023-03-31 11:30:00,0.9
8571,2023-03-31 11:45:00,1.0
8572,2023-03-31 12:00:00,0.7
8573,2023-03-31 12:15:00,1.2
8574,2023-03-31 12:30:00,1.0
8575,2023-03-31 12:45:00,0.8
8576,2023-03-31 13:00:00,1.0
8577,2023-03-31 13:15:00,1.2
8578,2023-03-31 13:30:00,0.6
8579,2023-03-31 13:45:00,1.3
8580,2023-03-31 14:00:00,0.8
8581,2023-03-31 14:15:00,0.8
8582,2023-03-31 14:30:00,1.0
8583,2023-03-31 14:45:00,0.7
8584,2023-03-31 15:00:00,0.6
8585,2023-03-31 15:15:00,1.4
8586,2023-03-31 15:30:00,1.1
8587,2023-03-31 15:45:00,0.7
8588,2023-03-31 16:00:00,1.2
8589,2023-03-31 16:15:00,0.9
8590,2023-03-31 16:30:00,0.7
8591,2023-03-31 16:45:00,1.2
8592,2023-03-31 17:00:00,1.1
8593,2023-03-31 17:15:00,0.9
8594,2023-03-31 17:30:00,1.2
8595,2023-03-31 17:45:00,0.9
8596,2023-03-31 18:00:00,0.9
8597,2023-03-31 18:15:00,3.8
8598,2023-03-31 18:30:00,12.0
8599,2023-03-31 18:45:00,11.6
8600,2023-03-31 19:00:00,11.5
8601,2023-03-31 19:15:00,11.7
8602,2023-03-31 19:30:00,11.9
8603,2023-03-31 19:45:00,11.4
8604,2023-03-31 20:00:00,11.3
8605,2023-03-31 20:15:00,11.8
8606,2023-03-31 20:30:00,11.3
8607,2023-03-31 20:45:00,11.3
8608,2023-03-31 21:00:00,11.2
8609,2023-03-31 21:15:00,11.1
8610,2023-03-31 21:30:00,11.2
8611,2023-03-31 21:45:00,11.3
8612,2023-03-31 22:00:00,11.3
8613,2023-03-31 22:15:00,1.0
8614,2023-03-31 22:30:00,1.0
8615,2023-03-31 22:45:00,1.7
8616,2023-03-31 23:00:00,1.7
8617,2023-03-31 23:15:00,4.2
8618,2023-03-31 23:30:00,4.2
8619,2023-03-31 23:45:00,4.1
8620,2023-04-01 00:00:00,4.1
8621,2023-04-01 00:15:00,3.9
8622,2023-04-01 00:30:00,3.9
8623,2023-04-01 00:45:00,4.0
8624,2023-04-01 01:00:00,3.7
8625,2023-04-01 01:15:00,3.8
8626,2023-04-01 01:30:00,4.0
8627,2023-04-01 01:45:00,3.7
8628,2023-04-01 02:00:00,3.8
8629,2023-04-01 02:15:00,3.8
8630,2023-04-01 02:30:00,4.2
8631,2023-04-01 02:45:00,4.4
8632,2023-04-01 03:00:00,3.9
8633,2023-04-01 03:15:00,3.9
8634,2023-04-01 03:30:00,4.1
8635,2023-04-01 03:45:00,3.8
8636,2023-04-01 04:00:00,4.6
8637,2023-04-01 04:15:00,4.7
8638,2023-04-01 04:30:00,3.8
8639,2023-04-01 04:45:00,3.8
8640,2023-04-01 05:00:00,4.3
8641,2023-04-01 05:15:00,4.1
8642,2023-04-01 05:30:00,3.9
8643,2023-04-01 05:45:00,4.4
8644,2023-04-01 06:00:00,3.7
8645,2023-04-01 06:15:00,4.1
8646,2023-04-01 06:30:00,3.9
8647,2023-04-01 06:45:00,3.8
8648,2023-04-01 07:00:00,3.9
8649,2023-04-01 07:15:00,3.9
8650,2023-04-01 07:30:00,3.8
8651,2023-04-01 07:45:00,4.4
8652,2023-04-01 08:00:00,3.7
8653,2023-04-01 08:15:00,4.4
8654,2023-04-01 08:30:00,4.1
8655,2023-04-01 08:45:00,4.2
8656,2023-04-01 09:00:00,3.5
8657,2023-04-01 09:15:00,3.9
8658,2023-04-01 09:30:00,3.9
8659,2023-04-01 09:45:00,3.9
8660,2023-04-01 10:00:00,3.9
8661,2023-04-01 10:15:00,3.7
8662,2023-04-01 10:30:00,3.5
8663,2023-04-01 10:45:00,3.9
8664,2023-04-01 11:00:00,3.5
8665,2023-04-01 11:15:00,1.2
8666,2023-04-01 11:30:00,1.0
8667,2023-04-01 11:45:00,1.1
8668,2023-04-01 12:00:00,0.8
8669,2023-04-01 12:15:00,0.9
8670,2023-04-01 12:30:00,1.1
8671,2023-04-01 12:45:00,1.4
8672,2023-04-01 13:00:00,11.6
8673,2023-04-01 13:15:00,11.8
8674,2023-04-01 13:30:00,11.9
8675,2023-04-01 13:45:00,25.3
8676,2023-04-01 14:00:00,23.2
8677,2023-04-01 14:15:00,24.8
8678,2023-04-01 14:30:00,24.2
8679,2023-04-01 14:45:00,26.1
8680,2023-04-01 15:00:00,26.9
8681,2023-04-01 15:15:00,24.7
8682,2023-04-01 15:30:00,23.6
8683,2023-04-01 15:45:00,24.6
8684,2023-04-01 16:00:00,23.8
8685,2023-04-01 16:15:00,24.2
8686,2023-04-01 16:30:00,23.3
8687,2023-04-01 16:45:00,24.7
8688,2023-04-01 17:00:00,23.4
8689,2023-04-01 17:15:00,25.0
8690,2023-04-01 17:30:00,23.3
8691,2023-04-01 17:45:00,13.9
8692,2023-04-01 18:00:00,13.3
8693,2023-04-01 18:15:00,12.0
8694,2023-04-01 18:30:00,2.3
8695,2023-04-01 18:45:00,1.1
8696,2023-04-01 19:00:00,1.5
8697,2023-04-01 19:15:00,1.2
8698,2023-04-01 19:30:00,1.3
8699,2023-04-01 19:45:00,1.2
8700,2023-04-01 20:00:00,1.3
8701,2023-04-01 20:15:00,1.4
8702,2023-04-01 20:30:00,1.2
8703,2023-04-01 20:45:00,0.9
8704,2023-04-01 21:00:00,1.3
8705,2023-04-01 21:15:00,1.1
8706,2023-04-01 21:30:00,1.3
8707,2023-04-01 21:45:00,1.3
8708,2023-04-01 22:00:00,0.7
8709,2023-04-01 22:15:00,1.4
8710,2023-04-01 22:30:00,1.0
8711,2023-04-01 22:45:00,1.6
8712,2023-04-01 23:00:00,0.6
8713,2023-04-01 23:15:00,2.3
8714,2023-04-01 23:30:00,3.8
8715,2023-04-01 23:45:00,4.3
8716,2023-04-02 00:00:00,4.5
8717,2023-04-02 00:15:00,3.9
8718,2023-04-02 00:30:00,3.8
8719,2023-04-02 00:45:00,4.2
8720,2023-04-02 01:00:00,3.7
8721,2023-04-02 01:15:00,4.0
8722,2023-04-02 01:30:00,3.7
8723,2023-04-02 01:45:00,4.1
8724,2023-04-02 02:00:00,4.2
8725,2023-04-02 02:15:00,3.6
8726,2023-04-02 02:30:00,3.6
8727,2023-04-02 02:45:00,3.5
8728,2023-04-02 03:00:00,4.1
8729,2023-04-02 03:15:00,4.5
8730,2023-04-02 03:30:00,3.5
8731,2023-04-02 03:45:00,3.8
8732,2023-04-02 04:00:00,3.9
8733,2023-04-02 04:15:00,4.0
8734,2023-04-02 04:30:00,3.7
8735,2023-04-02 04:45:00,3.7
8736,2023-04-02 05:00:00,3.6
8737,2023-04-02 05:15:00,4.1
8738,2023-04-02 05:30:00,4.3
8739,2023-04-02 05:45:00,3.8
8740,2023-04-02 06:00:00,3.9
8741,2023-04-02 06:15:00,3.7
8742,2023-04-02 06:30:00,3.5
8743,2023-04-02 06:45:00,4.2
8744,2023-04-02 07:00:00,3.7
8745,2023-04-02 07:15:00,3.5
8746,2023-04-02 07:30:00,4.5
8747,2023-04-02 07:45:00,3.5
8748,2023-04-02 08:00:00,3.5
8749,2023-04-02 08:15:00,4.0
8750,2023-04-02 08:30:00,3.6
8751,2023-04-02 08:45:00,4.0
8752,2023-04-02 09:00:00,3.7
8753,2023-04-02 09:15:00,3.7
8754,2023-04-02 09:30:00,4.2
8755,2023-04-02 09:45:00,3.5
8756,2023-04-02 10:00:00,3.5
8757,2023-04-02 10:15:00,4.3
8758,2023-04-02 10:30:00,3.8
8759,2023-04-02 10:45:00,0.8
8760,2023-04-02 11:00:00,0.8
8761,2023-04-02 11:15:00,0.7
8762,2023-04-02 11:30:00,1.1
8763,2023-04-02 11:45:00,0.9
8764,2023-04-02 12:00:00,1.0
8765,2023-04-02 12:15:00,1.1
8766,2023-04-02 12:30:00,1.0
8767,2023-04-02 12:45:00,0.8
8768,2023-04-02 13:00:00,0.7
8769,2023-04-02 13:15:00,1.0
8770,2023-04-02 13:30:00,1.0
8771,2023-04-02 13:45:00,0.7
8772,2023-04-02 14:00:00,1.0
8773,2023-04-02 14:15:00,1.3
8774,2023-04-02 14:30:00,0.8
8775,2023-04-02 14:45:00,0.8
8776,2023-04-02 15:00:00,1.1
8777,2023-04-02 15:15:00,0.7
8778,2023-04-02 15:30:00,1.1
8779,2023-04-02 15:45:00,0.6
8780,2023-04-02 16:00:00,0.7
8781,2023-04-02 16:15:00,0.9
8782,2023-04-02 16:30:00,0.8
8783,2023-04-02 16:45:00,1.0
8784,2023-04-02 17:00:00,3.7
8785,2023-04-02 17:15:00,1.1
8786,2023-04-02 17:30:00,0.8
8787,2023-04-02 17:45:00,1.1
8788,2023-04-02 18:00:00,0.6
8789,2023-04-02 18:15:00,1.0
8790,2023-04-02 18:30:00,1.4
8791,2023-04-02 18:45:00,0.9
8792,2023-04-02 19:00:00,0.8
8793,2023-04-02 19:15:00,0.6
8794,2023-04-02 19:30:00,0.6
8795,2023-04-02 19:45:00,0.6
8796,2023-04-02 20:00:00,1.2
8797,2023-04-02 20:15:00,0.8
8798,2023-04-02 20:30:00,1.1
8799,2023-04-02 20:45:00,0.5
8800,2023-04-02 21:00:00,0.5
8801,2023-04-02 21:15:00,0.9
8802,2023-04-02 21:30:00,1.0
8803,2023-04-02 21:45:00,0.5
8804,2023-04-02 22:00:00,0.5
8805,2023-04-02 22:15:00,0.7
8806,2023-04-02 22:30:00,0.6
8807,2023-04-02 22:45:00,0.5
8808,2023-04-02 23:00:00,0.5
8809,2023-04-02 23:15:00,1.2
8810,2023-04-02 23:30:00,0.5
8811,2023-04-02 23:45:00,3.3
8812,2023-04-03 00:00:00,3.8
8813,2023-04-03 00:15:00,3.5
8814,2023-04-03 00:30:00,3.6
8815,2023-04-03 00:45:00,3.4
8816,2023-04-03 01:00:00,3.4
8817,2023-04-03 01:15:00,3.8
8818,2023-04-03 01:30:00,3.3
8819,2023-04-03 01:45:00,3.4
8820,2023-04-03 02:00:00,3.5
8821,2023-04-03 02:15:00,3.3
8822,2023-04-03 02:30:00,3.6
8823,2023-04-03 02:45:00,3.5
8824,2023-04-03 03:00:00,3.6
8825,2023-04-03 03:15:00,4.1
8826,2023-04-03 03:30:00,3.4
8827,2023-04-03 03:45:00,3.6
8828,2023-04-03 04:00:00,3.5
8829,2023-04-03 04:15:00,3.7
8830,2023-04-03 04:30:00,3.3
8831,2023-04-03 04:45:00,3.4
8832,2023-04-03 05:00:00,3.2
8833,2023-04-03 05:15:00,3.7
8834,2023-04-03 05:30:00,3.4
8835,2023-04-03 05:45:00,3.3
8836,2023-04-03 06:00:00,3.7
8837,2023-04-03 06:15:00,3.3
8838,2023-04-03 06:30:00,3.3
8839,2023-04-03 06:45:00,3.3
8840,2023-04-03 07:00:00,3.5
8841,2023-04-03 07:15:00,4.1
8842,2023-04-03 07:30:00,3.6
8843,2023-04-03 07:45:00,3.2
8844,2023-04-03 08:00:00,3.5
8845,2023-04-03 08:15:00,3.1
8846,2023-04-03 08:30:00,3.4
8847,2023-04-03 08:45:00,3.7
8848,2023-04-03 09:00:00,3.3
8849,2023-04-03 09:15:00,3.4
8850,2023-04-03 09:30:00,3.2
8851,2023-04-03 09:45:00,3.4
8852,2023-04-03 10:00:00,3.2
8853,2023-04-03 10:15:00,3.4
8854,2023-04-03 10:30:00,3.3
8855,2023-04-03 10:45:00,3.9
8856,2023-04-03 11:00:00,0.6
8857,2023-04-03 11:15:00,0.6
8858,2023-04-03 11:30:00,1.0
8859,2023-04-03 11:45:00,0.7
8860,2023-04-03 12:00:00,0.9
8861,2023-04-03 12:15:00,0.7
8862,2023-04-03 12:30:00,0.6
8863,2023-04-03 12:45:00,0.9
8864,2023-04-03 13:00:00,0.7
8865,2023-04-03 13:15:00,0.6
8866,2023-04-03 13:30:00,1.0
8867,2023-04-03 13:45:00,0.9
8868,2023-04-03 14:00:00,0.7
8869,2023-04-03 14:15:00,0.6
8870,2023-04-03 14:30:00,1.0
8871,2023-04-03 14:45:00,1.0
8872,2023-04-03 15:00:00,0.7
8873,2023-04-03 15:15:00,0.9
8874,2023-04-03 15:30:00,1.3
8875,2023-04-03 15:45:00,0.7
8876,2023-04-03 16:00:00,0.6
8877,2023-04-03 16:15:00,1.4
8878,2023-04-03 16:30:00,0.7
8879,2023-04-03 16:45:00,0.7
8880,2023-04-03 17:00:00,0.7
8881,2023-04-03 17:15:00,0.7
8882,2023-04-03 17:30:00,2.2
8883,2023-04-03 17:45:00,4.1
8884,2023-04-03 18:00:00,5.7
8885,2023-04-03 18:15:00,5.1
8886,2023-04-03 18:30:00,12.2
8887,2023-04-03 18:45:00,9.6
8888,2023-04-03 19:00:00,8.6
8889,2023-04-03 19:15:00,8.7
8890,2023-04-03 19:30:00,8.6
8891,2023-04-03 19:45:00,8.2
8892,2023-04-03 20:00:00,8.3
8893,2023-04-03 20:15:00,8.6
8894,2023-04-03 20:30:00,8.1
8895,2023-04-03 20:45:00,8.4
8896,2023-04-03 21:00:00,8.2
8897,2023-04-03 21:15:00,8.2
8898,2023-04-03 21:30:00,8.1
8899,2023-04-03 21:45:00,7.9
8900,2023-04-03 22:00:00,8.1
8901,2023-04-03 22:15:00,4.8
8902,2023-04-03 22:30:00,4.8
8903,2023-04-03 22:45:00,1.8
8904,2023-04-03 23:00:00,1.5
8905,2023-04-03 23:15:00,1.2
8906,2023-04-03 23:30:00,4.8
8907,2023-04-03 23:45:00,4.5
8908,2023-04-04 00:00:00,4.5
8909,2023-04-04 00:15:00,4.1
8910,2023-04-04 00:30:00,4.2
8911,2023-04-04 00:45:00,4.1
8912,2023-04-04 01:00:00,4.4
8913,2023-04-04 01:15:00,3.8
8914,2023-04-04 01:30:00,4.0
8915,2023-04-04 01:45:00,3.8
8916,2023-04-04 02:00:00,11.3
8917,2023-04-04 02:15:00,3.8
8918,2023-04-04 02:30:00,4.9
8919,2023-04-04 02:45:00,4.0
8920,2023-04-04 03:00:00,4.1
8921,2023-04-04 03:15:00,4.7
8922,2023-04-04 03:30:00,3.8
8923,2023-04-04 03:45:00,3.8
8924,2023-04-04 04:00:00,3.9
8925,2023-04-04 04:15:00,4.3
8926,2023-04-04 04:30:00,4.3
8927,2023-04-04 04:45:00,3.8
8928,2023-04-04 05:00:00,3.8
8929,2023-04-04 05:15:00,4.4
8930,2023-04-04 05:30:00,4.1
8931,2023-04-04 05:45:00,4.2
8932,2023-04-04 06:00:00,4.1
8933,2023-04-04 06:15:00,4.1
8934,2023-04-04 06:30:00,4.4
8935,2023-04-04 06:45:00,4.2
8936,2023-04-04 07:00:00,4.0
8937,2023-04-04 07:15:00,3.9
8938,2023-04-04 07:30:00,3.9
8939,2023-04-04 07:45:00,4.2
8940,2023-04-04 08:00:00,4.0
8941,2023-04-04 08:15:00,11.0
8942,2023-04-04 08:30:00,4.3
8943,2023-04-04 08:45:00,4.1
8944,2023-04-04 09:00:00,4.3
8945,2023-04-04 09:15:00,3.9
8946,2023-04-04 09:30:00,3.9
8947,2023-04-04 09:45:00,4.8
8948,2023-04-04 10:00:00,3.9
8949,2023-04-04 10:15:00,4.6
8950,2023-04-04 10:30:00,4.0
8951,2023-04-04 10:45:00,2.1
8952,2023-04-04 11:00:00,4.8
8953,2023-04-04 11:15:00,4.8
8954,2023-04-04 11:30:00,1.3
8955,2023-04-04 11:45:00,1.8
8956,2023-04-04 12:00:00,3.4
8957,2023-04-04 12:15:00,5.8
8958,2023-04-04 12:30:00,1.9
8959,2023-04-04 12:45:00,2.4
8960,2023-04-04 13:00:00,1.8
8961,2023-04-04 13:15:00,1.9
8962,2023-04-04 13:30:00,1.8
8963,2023-04-04 13:45:00,1.2
8964,2023-04-04 14:00:00,1.4
8965,2023-04-04 14:15:00,1.0
8966,2023-04-04 14:30:00,1.3
8967,2023-04-04 14:45:00,1.4
8968,2023-04-04 15:00:00,1.1
8969,2023-04-04 15:15:00,1.5
8970,2023-04-04 15:30:00,6.8
8971,2023-04-04 15:45:00,5.4
8972,2023-04-04 16:00:00,1.5
8973,2023-04-04 16:15:00,1.5
8974,2023-04-04 16:30:00,1.0
8975,2023-04-04 16:45:00,6.4
8976,2023-04-04 17:00:00,6.4
8977,2023-04-04 17:15:00,6.1
8978,2023-04-04 17:30:00,2.5
8979,2023-04-04 17:45:00,2.2
8980,2023-04-04 18:00:00,4.2
8981,2023-04-04 18:15:00,4.0
8982,2023-04-04 18:30:00,4.3
8983,2023-04-04 18:45:00,1.2
8984,2023-04-04 19:00:00,11.6
8985,2023-04-04 19:15:00,13.0
8986,2023-04-04 19:30:00,12.0
8987,2023-04-04 19:45:00,11.8
8988,2023-04-04 20:00:00,12.3
8989,2023-04-04 20:15:00,12.1
8990,2023-04-04 20:30:00,11.5
8991,2023-04-04 20:45:00,1.0
8992,2023-04-04 21:00:00,1.1
8993,2023-04-04 21:15:00,1.6
8994,2023-04-04 21:30:00,1.2
8995,2023-04-04 21:45:00,1.8
8996,2023-04-04 22:00:00,1.7
8997,2023-04-04 22:15:00,1.4
8998,2023-04-04 22:30:00,1.4
8999,2023-04-04 22:45:00,1.4
9000,2023-04-04 23:00:00,1.1
9001,2023-04-04 23:15:00,1.6
9002,2023-04-04 23:30:00,1.7
9003,2023-04-04 23:45:00,4.0
9004,2023-04-05 00:00:00,4.1
9005,2023-04-05 00:15:00,3.9
9006,2023-04-05 00:30:00,4.6
9007,2023-04-05 00:45:00,3.9
9008,2023-04-05 01:00:00,4.6
9009,2023-04-05 01:15:00,3.9
9010,2023-04-05 01:30:00,7.8
9011,2023-04-05 01:45:00,4.4
9012,2023-04-05 02:00:00,4.5
9013,2023-04-05 02:15:00,3.9
9014,2023-04-05 02:30:00,4.6
9015,2023-04-05 02:45:00,4.3
9016,2023-04-05 03:00:00,3.8
9017,2023-04-05 03:15:00,3.9
9018,2023-04-05 03:30:00,4.1
9019,2023-04-05 03:45:00,4.5
9020,2023-04-05 04:00:00,4.2
9021,2023-04-05 04:15:00,3.9
9022,2023-04-05 04:30:00,4.3
9023,2023-04-05 04:45:00,4.3
9024,2023-04-05 05:00:00,3.9
9025,2023-04-05 05:15:00,3.9
9026,2023-04-05 05:30:00,4.3
9027,2023-04-05 05:45:00,4.4
9028,2023-04-05 06:00:00,3.9
9029,2023-04-05 06:15:00,3.7
9030,2023-04-05 06:30:00,4.6
9031,2023-04-05 06:45:00,3.7
9032,2023-04-05 07:00:00,3.8
9033,2023-04-05 07:15:00,4.3
9034,2023-04-05 07:30:00,3.8
9035,2023-04-05 07:45:00,4.1
9036,2023-04-05 08:00:00,4.0
9037,2023-04-05 08:15:00,7.3
9038,2023-04-05 08:30:00,7.8
9039,2023-04-05 08:45:00,4.1
9040,2023-04-05 09:00:00,4.1
9041,2023-04-05 09:15:00,4.0
9042,2023-04-05 09:30:00,4.0
9043,2023-04-05 09:45:00,4.1
9044,2023-04-05 10:00:00,7.1
9045,2023-04-05 10:15:00,4.0
9046,2023-04-05 10:30:00,4.4
9047,2023-04-05 10:45:00,1.1
9048,2023-04-05 11:00:00,1.2
9049,2023-04-05 11:15:00,1.1
9050,2023-04-05 11:30:00,1.7
9051,2023-04-05 11:45:00,4.9
9052,2023-04-05 12:00:00,1.8
9053,2023-04-05 12:15:00,1.6
9054,2023-04-05 12:30:00,1.6
9055,2023-04-05 12:45:00,1.3
9056,2023-04-05 13:00:00,1.3
9057,2023-04-05 13:15:00,3.9
9058,2023-04-05 13:30:00,1.6
9059,2023-04-05 13:45:00,2.2
9060,2023-04-05 14:00:00,1.4
9061,2023-04-05 14:15:00,1.4
9062,2023-04-05 14:30:00,1.9
9063,2023-04-05 14:45:00,1.6
9064,2023-04-05 15:00:00,1.6
9065,2023-04-05 15:15:00,4.3
9066,2023-04-05 15:30:00,4.8
9067,2023-04-05 15:45:00,4.7
9068,2023-04-05 16:00:00,1.5
9069,2023-04-05 16:15:00,1.4
9070,2023-04-05 16:30:00,2.2
9071,2023-04-05 16:45:00,2.6
9072,2023-04-05 17:00:00,7.1
9073,2023-04-05 17:15:00,2.2
9074,2023-04-05 17:30:00,1.3
9075,2023-04-05 17:45:00,1.9
9076,2023-04-05 18:00:00,1.3
9077,2023-04-05 18:15:00,1.7
9078,2023-04-05 18:30:00,2.8
9079,2023-04-05 18:45:00,1.7
9080,2023-04-05 19:00:00,12.3
9081,2023-04-05 19:15:00,15.8
9082,2023-04-05 19:30:00,12.2
9083,2023-04-05 19:45:00,12.8
9084,2023-04-05 20:00:00,12.5
9085,2023-04-05 20:15:00,11.8
9086,2023-04-05 20:30:00,12.1
9087,2023-04-05 20:45:00,14.3
9088,2023-04-05 21:00:00,12.3
9089,2023-04-05 21:15:00,12.6
9090,2023-04-05 21:30:00,12.1
9091,2023-04-05 21:45:00,2.1
9092,2023-04-05 22:00:00,1.3
9093,2023-04-05 22:15:00,1.8
9094,2023-04-05 22:30:00,2.0
9095,2023-04-05 22:45:00,1.6
9096,2023-04-05 23:00:00,2.4
9097,2023-04-05 23:15:00,4.6
9098,2023-04-05 23:30:00,4.0
9099,2023-04-05 23:45:00,4.1
9100,2023-04-06 00:00:00,3.8
9101,2023-04-06 00:15:00,6.2
9102,2023-04-06 00:30:00,4.8
9103,2023-04-06 00:45:00,7.7
9104,2023-04-06 01:00:00,4.0
9105,2023-04-06 01:15:00,4.5
9106,2023-04-06 01:30:00,3.7
9107,2023-04-06 01:45:00,3.7
9108,2023-04-06 02:00:00,3.6
9109,2023-04-06 02:15:00,4.5
9110,2023-04-06 02:30:00,4.5
9111,2023-04-06 02:45:00,4.1
9112,2023-04-06 03:00:00,3.8
9113,2023-04-06 03:15:00,4.6
9114,2023-04-06 03:30:00,4.1
9115,2023-04-06 03:45:00,4.4
9116,2023-04-06 04:00:00,4.6
9117,2023-04-06 04:15:00,4.1
9118,2023-04-06 04:30:00,4.5
9119,2023-04-06 04:45:00,4.0
9120,2023-04-06 05:00:00,4.0
9121,2023-04-06 05:15:00,4.4
9122,2023-04-06 05:30:00,4.2
9123,2023-04-06 05:45:00,5.2
9124,2023-04-06 06:00:00,4.5
9125,2023-04-06 06:15:00,4.0
9126,2023-04-06 06:30:00,4.3
9127,2023-04-06 06:45:00,4.5
9128,2023-04-06 07:00:00,3.9
9129,2023-04-06 07:15:00,4.4
9130,2023-04-06 07:30:00,4.1
9131,2023-04-06 07:45:00,4.5
9132,2023-04-06 08:00:00,4.3
9133,2023-04-06 08:15:00,4.4
9134,2023-04-06 08:30:00,3.9
9135,2023-04-06 08:45:00,4.6
9136,2023-04-06 09:00:00,4.0
9137,2023-04-06 09:15:00,3.8
9138,2023-04-06 09:30:00,4.4
9139,2023-04-06 09:45:00,4.2
9140,2023-04-06 10:00:00,4.0
9141,2023-04-06 10:15:00,4.0
9142,2023-04-06 10:30:00,4.1
9143,2023-04-06 10:45:00,2.1
9144,2023-04-06 11:00:00,1.3
9145,2023-04-06 11:15:00,1.5
9146,2023-04-06 11:30:00,1.9
9147,2023-04-06 11:45:00,1.4
9148,2023-04-06 12:00:00,4.7
9149,2023-04-06 12:15:00,1.4
9150,2023-04-06 12:30:00,1.5
9151,2023-04-06 12:45:00,1.3
9152,2023-04-06 13:00:00,1.3
9153,2023-04-06 13:15:00,2.2
9154,2023-04-06 13:30:00,1.8
9155,2023-04-06 13:45:00,1.5
9156,2023-04-06 14:00:00,1.2
9157,2023-04-06 14:15:00,7.6
9158,2023-04-06 14:30:00,1.5
9159,2023-04-06 14:45:00,1.7
9160,2023-04-06 15:00:00,1.5
9161,2023-04-06 15:15:00,1.8
9162,2023-04-06 15:30:00,8.2
9163,2023-04-06 15:45:00,5.9
9164,2023-04-06 16:00:00,1.3
9165,2023-04-06 16:15:00,1.3
9166,2023-04-06 16:30:00,4.5
9167,2023-04-06 16:45:00,12.5
9168,2023-04-06 17:00:00,16.9
9169,2023-04-06 17:15:00,17.4
9170,2023-04-06 17:30:00,16.3
9171,2023-04-06 17:45:00,13.4
9172,2023-04-06 18:00:00,13.8
9173,2023-04-06 18:15:00,15.5
9174,2023-04-06 18:30:00,13.2
9175,2023-04-06 18:45:00,12.9
9176,2023-04-06 19:00:00,15.8
9177,2023-04-06 19:15:00,14.9
9178,2023-04-06 19:30:00,15.0
9179,2023-04-06 19:45:00,13.7
9180,2023-04-06 20:00:00,12.2
9181,2023-04-06 20:15:00,11.8
9182,2023-04-06 20:30:00,12.2
9183,2023-04-06 20:45:00,11.8
9184,2023-04-06 21:00:00,1.6
9185,2023-04-06 21:15:00,1.6
9186,2023-04-06 21:30:00,1.8
9187,2023-04-06 21:45:00,1.5
9188,2023-04-06 22:00:00,2.2
9189,2023-04-06 22:15:00,1.4
9190,2023-04-06 22:30:00,1.4
9191,2023-04-06 22:45:00,1.8
9192,2023-04-06 23:00:00,1.4
9193,2023-04-06 23:15:00,1.5
9194,2023-04-06 23:30:00,1.7
9195,2023-04-06 23:45:00,4.1
9196,2023-04-07 00:00:00,4.9
9197,2023-04-07 00:15:00,4.0
9198,2023-04-07 00:30:00,4.1
9199,2023-04-07 00:45:00,7.7
9200,2023-04-07 01:00:00,4.1
9201,2023-04-07 01:15:00,4.1
9202,2023-04-07 01:30:00,4.8
9203,2023-04-07 01:45:00,3.9
9204,2023-04-07 02:00:00,4.2
9205,2023-04-07 02:15:00,4.6
9206,2023-04-07 02:30:00,3.9
9207,2023-04-07 02:45:00,4.0
9208,2023-04-07 03:00:00,4.3
9209,2023-04-07 03:15:00,3.7
9210,2023-04-07 03:30:00,3.9
9211,2023-04-07 03:45:00,4.4
9212,2023-04-07 04:00:00,4.0
9213,2023-04-07 04:15:00,4.2
9214,2023-04-07 04:30:00,4.6
9215,2023-04-07 04:45:00,3.8
9216,2023-04-07 05:00:00,3.8
9217,2023-04-07 05:15:00,4.0
9218,2023-04-07 05:30:00,4.0
9219,2023-04-07 05:45:00,4.1
9220,2023-04-07 06:00:00,3.7
9221,2023-04-07 06:15:00,4.0
9222,2023-04-07 06:30:00,4.5
9223,2023-04-07 06:45:00,4.1
9224,2023-04-07 07:00:00,3.9
9225,2023-04-07 07:15:00,4.6
9226,2023-04-07 07:30:00,4.0
9227,2023-04-07 07:45:00,4.3
9228,2023-04-07 08:00:00,4.2
9229,2023-04-07 08:15:00,3.9
9230,2023-04-07 08:30:00,4.5
9231,2023-04-07 08:45:00,4.2
9232,2023-04-07 09:00:00,4.0
9233,2023-04-07 09:15:00,4.1
9234,2023-04-07 09:30:00,4.0
9235,2023-04-07 09:45:00,4.1
9236,2023-04-07 10:00:00,4.2
9237,2023-04-07 10:15:00,4.4
9238,2023-04-07 10:30:00,1.8
9239,2023-04-07 10:45:00,1.9
9240,2023-04-07 11:00:00,1.5
9241,2023-04-07 11:15:00,1.7
9242,2023-04-07 11:30:00,4.1
9243,2023-04-07 11:45:00,1.3
9244,2023-04-07 12:00:00,1.4
9245,2023-04-07 12:15:00,1.8
9246,2023-04-07 12:30:00,3.7
9247,2023-04-07 12:45:00,1.6
9248,2023-04-07 13:00:00,1.8
9249,2023-04-07 13:15:00,1.5
9250,2023-04-07 13:30:00,1.7
9251,2023-04-07 13:45:00,5.3
9252,2023-04-07 14:00:00,1.8
9253,2023-04-07 14:15:00,1.8
9254,2023-04-07 14:30:00,1.7
9255,2023-04-07 14:45:00,1.9
9256,2023-04-07 15:00:00,5.4
9257,2023-04-07 15:15:00,4.9
9258,2023-04-07 15:30:00,1.8
9259,2023-04-07 15:45:00,2.5
9260,2023-04-07 16:00:00,2.2
9261,2023-04-07 16:15:00,1.6
9262,2023-04-07 16:30:00,2.0
9263,2023-04-07 16:45:00,1.7
9264,2023-04-07 17:00:00,1.6
9265,2023-04-07 17:15:00,1.8
9266,2023-04-07 17:30:00,1.8
9267,2023-04-07 17:45:00,4.8
9268,2023-04-07 18:00:00,5.3
9269,2023-04-07 18:15:00,1.7
9270,2023-04-07 18:30:00,1.6
9271,2023-04-07 18:45:00,4.9
9272,2023-04-07 19:00:00,1.4
9273,2023-04-07 19:15:00,1.9
9274,2023-04-07 19:30:00,12.5
9275,2023-04-07 19:45:00,12.6
9276,2023-04-07 20:00:00,12.6
9277,2023-04-07 20:15:00,12.6
9278,2023-04-07 20:30:00,12.4
9279,2023-04-07 20:45:00,12.5
9280,2023-04-07 21:00:00,12.2
9281,2023-04-07 21:15:00,12.3
9282,2023-04-07 21:30:00,1.7
9283,2023-04-07 21:45:00,1.3
9284,2023-04-07 22:00:00,1.3
9285,2023-04-07 22:15:00,1.9
9286,2023-04-07 22:30:00,1.9
9287,2023-04-07 22:45:00,1.6
9288,2023-04-07 23:00:00,2.1
9289,2023-04-07 23:15:00,1.3
9290,2023-04-07 23:30:00,1.9
9291,2023-04-07 23:45:00,1.4
9292,2023-04-08 00:00:00,4.3
9293,2023-04-08 00:15:00,4.4
9294,2023-04-08 00:30:00,4.6
9295,2023-04-08 00:45:00,4.3
9296,2023-04-08 01:00:00,4.5
9297,2023-04-08 01:15:00,4.3
9298,2023-04-08 01:30:00,7.6
9299,2023-04-08 01:45:00,4.6
9300,2023-04-08 02:00:00,4.4
9301,2023-04-08 02:15:00,4.4
9302,2023-04-08 02:30:00,8.3
9303,2023-04-08 02:45:00,4.2
9304,2023-04-08 03:00:00,4.5
9305,2023-04-08 03:15:00,5.3
9306,2023-04-08 03:30:00,4.3
9307,2023-04-08 03:45:00,4.3
9308,2023-04-08 04:00:00,8.2
9309,2023-04-08 04:15:00,4.5
9310,2023-04-08 04:30:00,4.4
9311,2023-04-08 04:45:00,4.4
9312,2023-04-08 05:00:00,4.2
9313,2023-04-08 05:15:00,4.5
9314,2023-04-08 05:30:00,4.8
9315,2023-04-08 05:45:00,4.7
9316,2023-04-08 06:00:00,4.8
9317,2023-04-08 06:15:00,4.4
9318,2023-04-08 06:30:00,4.4
9319,2023-04-08 06:45:00,4.9
9320,2023-04-08 07:00:00,4.0
9321,2023-04-08 07:15:00,4.1
9322,2023-04-08 07:30:00,4.8
9323,2023-04-08 07:45:00,3.9
9324,2023-04-08 08:00:00,4.3
9325,2023-04-08 08:15:00,4.8
9326,2023-04-08 08:30:00,4.3
9327,2023-04-08 08:45:00,3.9
9328,2023-04-08 09:00:00,4.5
9329,2023-04-08 09:15:00,4.0
9330,2023-04-08 09:30:00,4.1
9331,2023-04-08 09:45:00,4.5
9332,2023-04-08 10:00:00,4.0
9333,2023-04-08 10:15:00,4.0
9334,2023-04-08 10:30:00,2.5
9335,2023-04-08 10:45:00,1.5
9336,2023-04-08 11:00:00,1.2
9337,2023-04-08 11:15:00,1.6
9338,2023-04-08 11:30:00,1.6
9339,2023-04-08 11:45:00,1.5
9340,2023-04-08 12:00:00,1.7
9341,2023-04-08 12:15:00,1.4
9342,2023-04-08 12:30:00,1.5
9343,2023-04-08 12:45:00,1.5
9344,2023-04-08 13:00:00,1.9
9345,2023-04-08 13:15:00,1.7
9346,2023-04-08 13:30:00,12.1
9347,2023-04-08 13:45:00,12.5
9348,2023-04-08 14:00:00,12.1
9349,2023-04-08 14:15:00,17.1
9350,2023-04-08 14:30:00,13.9
9351,2023-04-08 14:45:00,17.5
9352,2023-04-08 15:00:00,18.0
9353,2023-04-08 15:15:00,18.9
9354,2023-04-08 15:30:00,19.9
9355,2023-04-08 15:45:00,18.4
9356,2023-04-08 16:00:00,19.3
9357,2023-04-08 16:15:00,19.7
9358,2023-04-08 16:30:00,15.3
9359,2023-04-08 16:45:00,12.9
9360,2023-04-08 17:00:00,20.2
9361,2023-04-08 17:15:00,19.0
9362,2023-04-08 17:30:00,16.3
9363,2023-04-08 17:45:00,14.7
9364,2023-04-08 18:00:00,14.4
9365,2023-04-08 18:15:00,19.5
9366,2023-04-08 18:30:00,18.5
9367,2023-04-08 18:45:00,19.8
9368,2023-04-08 19:00:00,11.6
9369,2023-04-08 19:15:00,8.8
9370,2023-04-08 19:30:00,8.4
9371,2023-04-08 19:45:00,4.6
9372,2023-04-08 20:00:00,3.6
9373,2023-04-08 20:15:00,5.0
9374,2023-04-08 20:30:00,1.8
9375,2023-04-08 20:45:00,1.6
9376,2023-04-08 21:00:00,1.6
9377,2023-04-08 21:15:00,4.5
9378,2023-04-08 21:30:00,5.0
9379,2023-04-08 21:45:00,1.8
9380,2023-04-08 22:00:00,1.6
9381,2023-04-08 22:15:00,1.2
9382,2023-04-08 22:30:00,1.4
9383,2023-04-08 22:45:00,1.4
9384,2023-04-08 23:00:00,1.6
9385,2023-04-08 23:15:00,1.1
9386,2023-04-08 23:30:00,1.2
9387,2023-04-08 23:45:00,3.9
9388,2023-04-09 00:00:00,4.3
9389,2023-04-09 00:15:00,7.6
9390,2023-04-09 00:30:00,4.1
9391,2023-04-09 00:45:00,4.4
9392,2023-04-09 01:00:00,4.0
9393,2023-04-09 01:15:00,4.1
9394,2023-04-09 01:30:00,4.3
9395,2023-04-09 01:45:00,4.4
9396,2023-04-09 02:00:00,3.8
9397,2023-04-09 02:15:00,4.0
9398,2023-04-09 02:30:00,4.3
9399,2023-04-09 02:45:00,4.0
9400,2023-04-09 03:00:00,4.3
9401,2023-04-09 03:15:00,4.3
9402,2023-04-09 03:30:00,4.3
9403,2023-04-09 03:45:00,4.1
9404,2023-04-09 04:00:00,3.9
9405,2023-04-09 04:15:00,4.2
9406,2023-04-09 04:30:00,3.9
9407,2023-04-09 04:45:00,3.9
9408,2023-04-09 05:00:00,4.2
9409,2023-04-09 05:15:00,3.8
9410,2023-04-09 05:30:00,4.0
9411,2023-04-09 05:45:00,4.5
9412,2023-04-09 06:00:00,4.2
9413,2023-04-09 06:15:00,7.4
9414,2023-04-09 06:30:00,3.9
9415,2023-04-09 06:45:00,4.5
9416,2023-04-09 07:00:00,4.0
9417,2023-04-09 07:15:00,7.4
9418,2023-04-09 07:30:00,4.6
9419,2023-04-09 07:45:00,4.3
9420,2023-04-09 08:00:00,4.4
9421,2023-04-09 08:15:00,4.0
9422,2023-04-09 08:30:00,4.3
9423,2023-04-09 08:45:00,4.2
9424,2023-04-09 09:00:00,4.4
9425,2023-04-09 09:15:00,4.6
9426,2023-04-09 09:30:00,4.1
9427,2023-04-09 09:45:00,4.1
9428,2023-04-09 10:00:00,4.6
9429,2023-04-09 10:15:00,4.2
9430,2023-04-09 10:30:00,1.2
9431,2023-04-09 10:45:00,1.9
9432,2023-04-09 11:00:00,1.3
9433,2023-04-09 11:15:00,1.2
9434,2023-04-09 11:30:00,1.6
9435,2023-04-09 11:45:00,1.4
9436,2023-04-09 12:00:00,1.5
9437,2023-04-09 12:15:00,5.3
9438,2023-04-09 12:30:00,1.5
9439,2023-04-09 12:45:00,1.5
9440,2023-04-09 13:00:00,1.8
9441,2023-04-09 13:15:00,1.3
9442,2023-04-09 13:30:00,1.3
9443,2023-04-09 13:45:00,2.0
9444,2023-04-09 14:00:00,1.4
9445,2023-04-09 14:15:00,1.6
9446,2023-04-09 14:30:00,1.8
9447,2023-04-09 14:45:00,1.2
9448,2023-04-09 15:00:00,1.4
9449,2023-04-09 15:15:00,2.1
9450,2023-04-09 15:30:00,5.3
9451,2023-04-09 15:45:00,1.3
9452,2023-04-09 16:00:00,1.3
9453,2023-04-09 16:15:00,1.6
9454,2023-04-09 16:30:00,1.3
9455,2023-04-09 16:45:00,1.5
9456,2023-04-09 17:00:00,1.1
9457,2023-04-09 17:15:00,1.3
9458,2023-04-09 17:30:00,1.1
9459,2023-04-09 17:45:00,1.1
9460,2023-04-09 18:00:00,1.3
9461,2023-04-09 18:15:00,3.0
9462,2023-04-09 18:30:00,1.2
9463,2023-04-09 18:45:00,1.0
9464,2023-04-09 19:00:00,1.5
9465,2023-04-09 19:15:00,1.2
9466,2023-04-09 19:30:00,1.5
9467,2023-04-09 19:45:00,1.5
9468,2023-04-09 20:00:00,1.3
9469,2023-04-09 20:15:00,1.5
9470,2023-04-09 20:30:00,1.7
9471,2023-04-09 20:45:00,1.2
9472,2023-04-09 21:00:00,1.6
9473,2023-04-09 21:15:00,1.5
9474,2023-04-09 21:30:00,4.5
9475,2023-04-09 21:45:00,1.5
9476,2023-04-09 22:00:00,1.3
9477,2023-04-09 22:15:00,1.3
9478,2023-04-09 22:30:00,1.6
9479,2023-04-09 22:45:00,1.3
9480,2023-04-09 23:00:00,1.0
9481,2023-04-09 23:15:00,1.0
9482,2023-04-09 23:30:00,1.0
9483,2023-04-09 23:45:00,1.2
9484,2023-04-10 00:00:00,4.0
9485,2023-04-10 00:15:00,3.9
9486,2023-04-10 00:30:00,7.7
9487,2023-04-10 00:45:00,3.7
9488,2023-04-10 01:00:00,4.1
9489,2023-04-10 01:15:00,4.5
9490,2023-04-10 01:30:00,4.5
9491,2023-04-10 01:45:00,3.9
9492,2023-04-10 02:00:00,4.3
9493,2023-04-10 02:15:00,4.1
9494,2023-04-10 02:30:00,4.2
9495,2023-04-10 02:45:00,4.5
9496,2023-04-10 03:00:00,3.9
9497,2023-04-10 03:15:00,4.3
9498,2023-04-10 03:30:00,4.0
9499,2023-04-10 03:45:00,4.5
9500,2023-04-10 04:00:00,4.4
9501,2023-04-10 04:15:00,4.1
9502,2023-04-10 04:30:00,4.5
9503,2023-04-10 04:45:00,4.0
9504,2023-04-10 05:00:00,4.7
9505,2023-04-10 05:15:00,3.9
9506,2023-04-10 05:30:00,4.5
9507,2023-04-10 05:45:00,4.0
9508,2023-04-10 06:00:00,3.9
9509,2023-04-10 06:15:00,8.0
9510,2023-04-10 06:30:00,7.3
9511,2023-04-10 06:45:00,4.2
9512,2023-04-10 07:00:00,4.4
9513,2023-04-10 07:15:00,4.2
9514,2023-04-10 07:30:00,4.0
9515,2023-04-10 07:45:00,4.1
9516,2023-04-10 08:00:00,4.2
9517,2023-04-10 08:15:00,4.2
9518,2023-04-10 08:30:00,3.8
9519,2023-04-10 08:45:00,3.9
9520,2023-04-10 09:00:00,4.6
9521,2023-04-10 09:15:00,4.1
9522,2023-04-10 09:30:00,4.0
9523,2023-04-10 09:45:00,4.5
9524,2023-04-10 10:00:00,4.1
9525,2023-04-10 10:15:00,4.5
9526,2023-04-10 10:30:00,1.6
9527,2023-04-10 10:45:00,1.1
9528,2023-04-10 11:00:00,1.4
9529,2023-04-10 11:15:00,2.0
9530,2023-04-10 11:30:00,1.1
9531,2023-04-10 11:45:00,1.5
9532,2023-04-10 12:00:00,6.9
9533,2023-04-10 12:15:00,1.5
9534,2023-04-10 12:30:00,3.4
9535,2023-04-10 12:45:00,1.8
9536,2023-04-10 13:00:00,5.2
9537,2023-04-10 13:15:00,7.9
9538,2023-04-10 13:30:00,1.4
9539,2023-04-10 13:45:00,0.9
9540,2023-04-10 14:00:00,1.0
9541,2023-04-10 14:15:00,1.1
9542,2023-04-10 14:30:00,0.9
9543,2023-04-10 14:45:00,1.3
9544,2023-04-10 15:00:00,3.2
9545,2023-04-10 15:15:00,0.7
9546,2023-04-10 15:30:00,0.9
9547,2023-04-10 15:45:00,1.4
9548,2023-04-10 16:00:00,1.4
9549,2023-04-10 16:15:00,3.1
9550,2023-04-10 16:30:00,1.2
9551,2023-04-10 16:45:00,1.3
9552,2023-04-10 17:00:00,1.2
9553,2023-04-10 17:15:00,0.8
9554,2023-04-10 17:30:00,6.6
9555,2023-04-10 17:45:00,0.8
9556,2023-04-10 18:00:00,1.1
9557,2023-04-10 18:15:00,3.6
9558,2023-04-10 18:30:00,1.1
9559,2023-04-10 18:45:00,0.8
9560,2023-04-10 19:00:00,1.3
9561,2023-04-10 19:15:00,0.7
9562,2023-04-10 19:30:00,6.0
9563,2023-04-10 19:45:00,11.8
9564,2023-04-10 20:00:00,15.2
9565,2023-04-10 20:15:00,14.5
9566,2023-04-10 20:30:00,13.4
9567,2023-04-10 20:45:00,14.2
9568,2023-04-10 21:00:00,11.4
9569,2023-04-10 21:15:00,11.2
9570,2023-04-10 21:30:00,13.9
9571,2023-04-10 21:45:00,12.1
9572,2023-04-10 22:00:00,11.3
9573,2023-04-10 22:15:00,11.7
9574,2023-04-10 22:30:00,11.9
9575,2023-04-10 22:45:00,10.8
9576,2023-04-10 23:00:00,10.9
9577,2023-04-10 23:15:00,11.6
9578,2023-04-10 23:30:00,10.8
9579,2023-04-10 23:45:00,10.9
9580,2023-04-11 00:00:00,14.0
9581,2023-04-11 00:15:00,13.9
9582,2023-04-11 00:30:00,14.1
9583,2023-04-11 00:45:00,13.5
9584,2023-04-11 01:00:00,13.7
9585,2023-04-11 01:15:00,13.9
9586,2023-04-11 01:30:00,13.5
9587,2023-04-11 01:45:00,13.7
9588,2023-04-11 02:00:00,13.9
9589,2023-04-11 02:15:00,13.5
9590,2023-04-11 02:30:00,14.2
9591,2023-04-11 02:45:00,13.6
9592,2023-04-11 03:00:00,13.9
9593,2023-04-11 03:15:00,14.2
9594,2023-04-11 03:30:00,14.1
9595,2023-04-11 03:45:00,13.7
9596,2023-04-11 04:00:00,14.5
9597,2023-04-11 04:15:00,14.1
9598,2023-04-11 04:30:00,14.1
9599,2023-04-11 04:45:00,14.0
9600,2023-04-11 05:00:00,13.6
9601,2023-04-11 05:15:00,14.4
9602,2023-04-11 05:30:00,17.2
9603,2023-04-11 05:45:00,13.7
9604,2023-04-11 06:00:00,13.8
9605,2023-04-11 06:15:00,23.3
9606,2023-04-11 06:30:00,14.5
9607,2023-04-11 06:45:00,13.6
9608,2023-04-11 07:00:00,17.2
9609,2023-04-11 07:15:00,14.4
9610,2023-04-11 07:30:00,13.5
9611,2023-04-11 07:45:00,13.7
9612,2023-04-11 08:00:00,14.5
9613,2023-04-11 08:15:00,13.6
9614,2023-04-11 08:30:00,14.2
9615,2023-04-11 08:45:00,14.0
9616,2023-04-11 09:00:00,13.8
9617,2023-04-11 09:15:00,14.2
9618,2023-04-11 09:30:00,14.4
9619,2023-04-11 09:45:00,13.9
9620,2023-04-11 10:00:00,14.3
9621,2023-04-11 10:15:00,14.0
9622,2023-04-11 10:30:00,11.2
9623,2023-04-11 10:45:00,11.6
9624,2023-04-11 11:00:00,11.0
9625,2023-04-11 11:15:00,11.6
9626,2023-04-11 11:30:00,11.3
9627,2023-04-11 11:45:00,11.5
9628,2023-04-11 12:00:00,11.3
9629,2023-04-11 12:15:00,11.2
9630,2023-04-11 12:30:00,11.6
9631,2023-04-11 12:45:00,11.3
9632,2023-04-11 13:00:00,10.9
9633,2023-04-11 13:15:00,11.1
9634,2023-04-11 13:30:00,11.4
9635,2023-04-11 13:45:00,0.6
9636,2023-04-11 14:00:00,15.6
9637,2023-04-11 14:15:00,16.0
9638,2023-04-11 14:30:00,16.0
9639,2023-04-11 14:45:00,16.3
9640,2023-04-11 15:00:00,21.6
9641,2023-04-11 15:15:00,25.8
9642,2023-04-11 15:30:00,23.5
9643,2023-04-11 15:45:00,18.9
9644,2023-04-11 16:00:00,17.3
9645,2023-04-11 16:15:00,17.8
9646,2023-04-11 16:30:00,21.8
9647,2023-04-11 16:45:00,21.4
9648,2023-04-11 17:00:00,18.6
9649,2023-04-11 17:15:00,20.1
9650,2023-04-11 17:30:00,17.9
9651,2023-04-11 17:45:00,15.0
9652,2023-04-11 18:00:00,6.4
9653,2023-04-11 18:15:00,12.4
9654,2023-04-11 18:30:00,5.8
9655,2023-04-11 18:45:00,4.7
9656,2023-04-11 19:00:00,7.0
9657,2023-04-11 19:15:00,8.1
9658,2023-04-11 19:30:00,5.3
9659,2023-04-11 19:45:00,4.8
9660,2023-04-11 20:00:00,4.6
9661,2023-04-11 20:15:00,5.0
9662,2023-04-11 20:30:00,5.3
9663,2023-04-11 20:45:00,4.2
9664,2023-04-11 21:00:00,4.8
9665,2023-04-11 21:15:00,4.2
9666,2023-04-11 21:30:00,5.1
9667,2023-04-11 21:45:00,4.7
9668,2023-04-11 22:00:00,4.6
9669,2023-04-11 22:15:00,4.4
9670,2023-04-11 22:30:00,4.9
9671,2023-04-11 22:45:00,4.9
9672,2023-04-11 23:00:00,4.3
9673,2023-04-11 23:15:00,4.4
9674,2023-04-11 23:30:00,4.4
9675,2023-04-11 23:45:00,6.9
9676,2023-04-12 00:00:00,7.8
9677,2023-04-12 00:15:00,7.2
9678,2023-04-12 00:30:00,18.0
9679,2023-04-12 00:45:00,17.7
9680,2023-04-12 01:00:00,18.2
9681,2023-04-12 01:15:00,18.2
9682,2023-04-12 01:30:00,17.3
9683,2023-04-12 01:45:00,17.5
9684,2023-04-12 02:00:00,17.3
9685,2023-04-12 02:15:00,17.8
9686,2023-04-12 02:30:00,17.7
9687,2023-04-12 02:45:00,17.5
9688,2023-04-12 03:00:00,17.6
9689,2023-04-12 03:15:00,20.8
9690,2023-04-12 03:30:00,7.1
9691,2023-04-12 03:45:00,7.5
9692,2023-04-12 04:00:00,6.8
9693,2023-04-12 04:15:00,6.6
9694,2023-04-12 04:30:00,7.8
9695,2023-04-12 04:45:00,6.6
9696,2023-04-12 05:00:00,7.0
9697,2023-04-12 05:15:00,6.5
9698,2023-04-12 05:30:00,7.8
9699,2023-04-12 05:45:00,8.0
9700,2023-04-12 06:00:00,6.7
9701,2023-04-12 06:15:00,6.7
9702,2023-04-12 06:30:00,6.5
9703,2023-04-12 06:45:00,7.1
9704,2023-04-12 07:00:00,7.1
9705,2023-04-12 07:15:00,7.0
9706,2023-04-12 07:30:00,7.0
9707,2023-04-12 07:45:00,7.4
9708,2023-04-12 08:00:00,6.9
9709,2023-04-12 08:15:00,6.6
9710,2023-04-12 08:30:00,6.7
9711,2023-04-12 08:45:00,7.0
9712,2023-04-12 09:00:00,7.5
9713,2023-04-12 09:15:00,6.9
9714,2023-04-12 09:30:00,7.1
9715,2023-04-12 09:45:00,7.0
9716,2023-04-12 10:00:00,6.9
9717,2023-04-12 10:15:00,7.3
9718,2023-04-12 10:30:00,4.3
9719,2023-04-12 10:45:00,4.5
9720,2023-04-12 11:00:00,4.8
9721,2023-04-12 11:15:00,4.2
9722,2023-04-12 11:30:00,4.5
9723,2023-04-12 11:45:00,4.2
9724,2023-04-12 12:00:00,4.4
9725,2023-04-12 12:15:00,5.0
9726,2023-04-12 12:30:00,4.7
9727,2023-04-12 12:45:00,4.8
9728,2023-04-12 13:00:00,4.5
9729,2023-04-12 13:15:00,4.9
9730,2023-04-12 13:30:00,5.3
9731,2023-04-12 13:45:00,4.1
9732,2023-04-12 14:00:00,4.4
9733,2023-04-12 14:15:00,4.9
9734,2023-04-12 14:30:00,4.1
9735,2023-04-12 14:45:00,4.1
9736,2023-04-12 15:00:00,4.9
9737,2023-04-12 15:15:00,6.6
9738,2023-04-12 15:30:00,6.7
9739,2023-04-12 15:45:00,4.1
9740,2023-04-12 16:00:00,4.6
9741,2023-04-12 16:15:00,5.0
9742,2023-04-12 16:30:00,4.5
9743,2023-04-12 16:45:00,4.8
9744,2023-04-12 17:00:00,4.9
9745,2023-04-12 17:15:00,4.6
9746,2023-04-12 17:30:00,4.7
9747,2023-04-12 17:45:00,4.7
9748,2023-04-12 18:00:00,4.7
9749,2023-04-12 18:15:00,4.7
9750,2023-04-12 18:30:00,7.5
9751,2023-04-12 18:45:00,4.7
9752,2023-04-12 19:00:00,6.8
9753,2023-04-12 19:15:00,4.8
9754,2023-04-12 19:30:00,5.2
9755,2023-04-12 19:45:00,4.9
9756,2023-04-12 20:00:00,5.3
9757,2023-04-12 20:15:00,5.0
9758,2023-04-12 20:30:00,4.5
9759,2023-04-12 20:45:00,5.3
9760,2023-04-12 21:00:00,4.4
9761,2023-04-12 21:15:00,4.5
9762,2023-04-12 21:30:00,4.6
9763,2023-04-12 21:45:00,4.4
9764,2023-04-12 22:00:00,5.2
9765,2023-04-12 22:15:00,8.7
9766,2023-04-12 22:30:00,7.6
9767,2023-04-12 22:45:00,5.0
9768,2023-04-12 23:00:00,11.1
9769,2023-04-12 23:15:00,5.9
9770,2023-04-12 23:30:00,4.4
9771,2023-04-12 23:45:00,4.3
9772,2023-04-13 00:00:00,7.4
9773,2023-04-13 00:15:00,7.1
9774,2023-04-13 00:30:00,6.8
9775,2023-04-13 00:45:00,6.7
9776,2023-04-13 01:00:00,7.0
9777,2023-04-13 01:15:00,8.0
9778,2023-04-13 01:30:00,7.4
9779,2023-04-13 01:45:00,7.0
9780,2023-04-13 02:00:00,7.2
9781,2023-04-13 02:15:00,7.4
9782,2023-04-13 02:30:00,7.3
9783,2023-04-13 02:45:00,6.7
9784,2023-04-13 03:00:00,7.5
9785,2023-04-13 03:15:00,7.4
9786,2023-04-13 03:30:00,6.8
9787,2023-04-13 03:45:00,7.0
9788,2023-04-13 04:00:00,7.0
9789,2023-04-13 04:15:00,7.6
9790,2023-04-13 04:30:00,7.9
9791,2023-04-13 04:45:00,7.1
9792,2023-04-13 05:00:00,6.9
9793,2023-04-13 05:15:00,7.4
9794,2023-04-13 05:30:00,7.3
9795,2023-04-13 05:45:00,6.6
9796,2023-04-13 06:00:00,7.1
9797,2023-04-13 06:15:00,6.9
9798,2023-04-13 06:30:00,7.8
9799,2023-04-13 06:45:00,7.0
9800,2023-04-13 07:00:00,7.1
9801,2023-04-13 07:15:00,7.0
9802,2023-04-13 07:30:00,7.3
9803,2023-04-13 07:45:00,6.9
9804,2023-04-13 08:00:00,7.2
9805,2023-04-13 08:15:00,7.0
9806,2023-04-13 08:30:00,7.5
9807,2023-04-13 08:45:00,6.6
9808,2023-04-13 09:00:00,7.0
9809,2023-04-13 09:15:00,7.5
9810,2023-04-13 09:30:00,7.2
9811,2023-04-13 09:45:00,6.8
9812,2023-04-13 10:00:00,7.2
9813,2023-04-13 10:15:00,7.0
9814,2023-04-13 10:30:00,4.7
9815,2023-04-13 10:45:00,5.8
9816,2023-04-13 11:00:00,4.3
9817,2023-04-13 11:15:00,4.6
9818,2023-04-13 11:30:00,4.4
9819,2023-04-13 11:45:00,4.4
9820,2023-04-13 12:00:00,7.7
9821,2023-04-13 12:15:00,4.4
9822,2023-04-13 12:30:00,4.6
9823,2023-04-13 12:45:00,4.8
9824,2023-04-13 13:00:00,4.2
9825,2023-04-13 13:15:00,4.7
9826,2023-04-13 13:30:00,4.5
9827,2023-04-13 13:45:00,4.3
9828,2023-04-13 14:00:00,7.5
9829,2023-04-13 14:15:00,4.5
9830,2023-04-13 14:30:00,4.7
9831,2023-04-13 14:45:00,4.3
9832,2023-04-13 15:00:00,4.8
9833,2023-04-13 15:15:00,4.5
9834,2023-04-13 15:30:00,4.3
9835,2023-04-13 15:45:00,4.4
9836,2023-04-13 16:00:00,5.1
9837,2023-04-13 16:15:00,7.2
9838,2023-04-13 16:30:00,4.8
9839,2023-04-13 16:45:00,5.0
9840,2023-04-13 17:00:00,5.2
9841,2023-04-13 17:15:00,5.5
9842,2023-04-13 17:30:00,4.4
9843,2023-04-13 17:45:00,6.2
9844,2023-04-13 18:00:00,4.7
9845,2023-04-13 18:15:00,10.4
9846,2023-04-13 18:30:00,5.1
9847,2023-04-13 18:45:00,4.6
9848,2023-04-13 19:00:00,5.4
9849,2023-04-13 19:15:00,6.0
9850,2023-04-13 19:30:00,4.8
9851,2023-04-13 19:45:00,1.5
9852,2023-04-13 20:00:00,8.3
9853,2023-04-13 20:15:00,1.4
9854,2023-04-13 20:30:00,0.7
9855,2023-04-13 20:45:00,4.8
9856,2023-04-13 21:00:00,4.1
9857,2023-04-13 21:15:00,1.9
9858,2023-04-13 21:30:00,11.4
9859,2023-04-13 21:45:00,14.5
9860,2023-04-13 22:00:00,11.8
9861,2023-04-13 22:15:00,12.0
9862,2023-04-13 22:30:00,11.2
9863,2023-04-13 22:45:00,17.5
9864,2023-04-13 23:00:00,11.1
9865,2023-04-13 23:15:00,12.5
9866,2023-04-13 23:30:00,11.1
9867,2023-04-13 23:45:00,11.4
9868,2023-04-14 00:00:00,14.2
9869,2023-04-14 00:15:00,14.5
9870,2023-04-14 00:30:00,13.8
9871,2023-04-14 00:45:00,14.1
9872,2023-04-14 01:00:00,14.3
9873,2023-04-14 01:15:00,14.4
9874,2023-04-14 01:30:00,14.3
9875,2023-04-14 01:45:00,14.2
9876,2023-04-14 02:00:00,14.2
9877,2023-04-14 02:15:00,14.2
9878,2023-04-14 02:30:00,13.8
9879,2023-04-14 02:45:00,14.6
9880,2023-04-14 03:00:00,13.7
9881,2023-04-14 03:15:00,4.2
9882,2023-04-14 03:30:00,6.8
9883,2023-04-14 03:45:00,3.7
9884,2023-04-14 04:00:00,4.0
9885,2023-04-14 04:15:00,4.3
9886,2023-04-14 04:30:00,7.5
9887,2023-04-14 04:45:00,3.9
9888,2023-04-14 05:00:00,4.2
9889,2023-04-14 05:15:00,3.7
9890,2023-04-14 05:30:00,4.6
9891,2023-04-14 05:45:00,3.9
9892,2023-04-14 06:00:00,3.7
9893,2023-04-14 06:15:00,4.2
9894,2023-04-14 06:30:00,3.9
9895,2023-04-14 06:45:00,4.1
9896,2023-04-14 07:00:00,4.2
9897,2023-04-14 07:15:00,4.0
9898,2023-04-14 07:30:00,4.3
9899,2023-04-14 07:45:00,4.6
9900,2023-04-14 08:00:00,3.7
9901,2023-04-14 08:15:00,4.0
9902,2023-04-14 08:30:00,6.3
9903,2023-04-14 08:45:00,3.9
9904,2023-04-14 09:00:00,4.0
9905,2023-04-14 09:15:00,6.9
9906,2023-04-14 09:30:00,3.9
9907,2023-04-14 09:45:00,4.6
9908,2023-04-14 10:00:00,6.8
9909,2023-04-14 10:15:00,3.9
9910,2023-04-14 10:30:00,1.3
9911,2023-04-14 10:45:00,1.0
9912,2023-04-14 11:00:00,1.4
9913,2023-04-14 11:15:00,1.3
9914,2023-04-14 11:30:00,1.3
9915,2023-04-14 11:45:00,6.2
9916,2023-04-14 12:00:00,1.7
9917,2023-04-14 12:15:00,2.0
9918,2023-04-14 12:30:00,1.4
9919,2023-04-14 12:45:00,1.1
9920,2023-04-14 13:00:00,6.9
9921,2023-04-14 13:15:00,1.5
9922,2023-04-14 13:30:00,1.2
9923,2023-04-14 13:45:00,4.2
9924,2023-04-14 14:00:00,1.7
9925,2023-04-14 14:15:00,1.7
9926,2023-04-14 14:30:00,1.0
9927,2023-04-14 14:45:00,0.9
9928,2023-04-14 15:00:00,3.5
9929,2023-04-14 15:15:00,1.7
9930,2023-04-14 15:30:00,1.4
9931,2023-04-14 15:45:00,1.1
9932,2023-04-14 16:00:00,1.7
9933,2023-04-14 16:15:00,1.4
9934,2023-04-14 16:30:00,1.6
9935,2023-04-14 16:45:00,1.9
9936,2023-04-14 17:00:00,1.4
9937,2023-04-14 17:15:00,1.0
9938,2023-04-14 17:30:00,1.5
9939,2023-04-14 17:45:00,1.9
9940,2023-04-14 18:00:00,1.0
9941,2023-04-14 18:15:00,3.8
9942,2023-04-14 18:30:00,1.2
9943,2023-04-14 18:45:00,2.0
9944,2023-04-14 19:00:00,1.2
9945,2023-04-14 19:15:00,1.2
9946,2023-04-14 19:30:00,1.6
9947,2023-04-14 19:45:00,1.6
9948,2023-04-14 20:00:00,1.8
9949,2023-04-14 20:15:00,1.9
9950,2023-04-14 20:30:00,3.7
9951,2023-04-14 20:45:00,6.5
9952,2023-04-14 21:00:00,2.0
9953,2023-04-14 21:15:00,19.9
9954,2023-04-14 21:30:00,11.8
9955,2023-04-14 21:45:00,12.7
9956,2023-04-14 22:00:00,12.0
9957,2023-04-14 22:15:00,14.3
9958,2023-04-14 22:30:00,17.9
9959,2023-04-14 22:45:00,11.2
9960,2023-04-14 23:00:00,12.2
9961,2023-04-14 23:15:00,12.3
9962,2023-04-14 23:30:00,11.6
9963,2023-04-14 23:45:00,12.8
9964,2023-04-15 00:00:00,16.6
9965,2023-04-15 00:15:00,14.6
9966,2023-04-15 00:30:00,14.6
9967,2023-04-15 00:45:00,16.5
9968,2023-04-15 01:00:00,3.4
9969,2023-04-15 01:15:00,4.7
9970,2023-04-15 01:30:00,4.0
9971,2023-04-15 01:45:00,5.1
9972,2023-04-15 02:00:00,4.1
9973,2023-04-15 02:15:00,4.4
9974,2023-04-15 02:30:00,4.2
9975,2023-04-15 02:45:00,3.9
9976,2023-04-15 03:00:00,3.9
9977,2023-04-15 03:15:00,4.4
9978,2023-04-15 03:30:00,4.6
9979,2023-04-15 03:45:00,3.7
9980,2023-04-15 04:00:00,3.7
9981,2023-04-15 04:15:00,3.9
9982,2023-04-15 04:30:00,4.1
9983,2023-04-15 04:45:00,3.6
9984,2023-04-15 05:00:00,4.1
9985,2023-04-15 05:15:00,3.7
9986,2023-04-15 05:30:00,4.1
9987,2023-04-15 05:45:00,4.5
9988,2023-04-15 06:00:00,3.7
9989,2023-04-15 06:15:00,4.0
9990,2023-04-15 06:30:00,3.7
9991,2023-04-15 06:45:00,4.0
9992,2023-04-15 07:00:00,4.2
9993,2023-04-15 07:15:00,3.9
9994,2023-04-15 07:30:00,3.7
9995,2023-04-15 07:45:00,4.4
9996,2023-04-15 08:00:00,3.7
9997,2023-04-15 08:15:00,3.6
9998,2023-04-15 08:30:00,4.1
9999,2023-04-15 08:45:00,3.9
10000,2023-04-15 09:00:00,4.0
10001,2023-04-15 09:15:00,4.4
10002,2023-04-15 09:30:00,4.4
10003,2023-04-15 09:45:00,4.0
10004,2023-04-15 10:00:00,4.4
10005,2023-04-15 10:15:00,3.6
10006,2023-04-15 10:30:00,1.1
10007,2023-04-15 10:45:00,1.5
10008,2023-04-15 11:00:00,1.7
10009,2023-04-15 11:15:00,1.5
10010,2023-04-15 11:30:00,1.3
10011,2023-04-15 11:45:00,0.8
10012,2023-04-15 12:00:00,1.1
10013,2023-04-15 12:15:00,1.8
10014,2023-04-15 12:30:00,7.5
10015,2023-04-15 12:45:00,1.7
10016,2023-04-15 13:00:00,1.2
10017,2023-04-15 13:15:00,5.4
10018,2023-04-15 13:30:00,1.4
10019,2023-04-15 13:45:00,1.8
10020,2023-04-15 14:00:00,1.4
10021,2023-04-15 14:15:00,7.8
10022,2023-04-15 14:30:00,1.7
10023,2023-04-15 14:45:00,1.0
10024,2023-04-15 15:00:00,1.5
10025,2023-04-15 15:15:00,1.7
10026,2023-04-15 15:30:00,1.7
10027,2023-04-15 15:45:00,5.1
10028,2023-04-15 16:00:00,7.1
10029,2023-04-15 16:15:00,1.0
10030,2023-04-15 16:30:00,2.1
10031,2023-04-15 16:45:00,2.8
10032,2023-04-15 17:00:00,1.6
10033,2023-04-15 17:15:00,1.6
10034,2023-04-15 17:30:00,1.3
10035,2023-04-15 17:45:00,1.2
10036,2023-04-15 18:00:00,1.5
10037,2023-04-15 18:15:00,4.3
10038,2023-04-15 18:30:00,1.8
10039,2023-04-15 18:45:00,4.9
10040,2023-04-15 19:00:00,1.6
10041,2023-04-15 19:15:00,6.6
10042,2023-04-15 19:30:00,1.7
10043,2023-04-15 19:45:00,1.1
10044,2023-04-15 20:00:00,3.4
10045,2023-04-15 20:15:00,1.7
10046,2023-04-15 20:30:00,4.9
10047,2023-04-15 20:45:00,4.0
10048,2023-04-15 21:00:00,5.0
10049,2023-04-15 21:15:00,1.5
10050,2023-04-15 21:30:00,1.7
10051,2023-04-15 21:45:00,3.9
10052,2023-04-15 22:00:00,1.6
10053,2023-04-15 22:15:00,0.9
10054,2023-04-15 22:30:00,2.0
10055,2023-04-15 22:45:00,1.7
10056,2023-04-15 23:00:00,1.5
10057,2023-04-15 23:15:00,1.5
10058,2023-04-15 23:30:00,1.7
10059,2023-04-15 23:45:00,1.1
10060,2023-04-16 00:00:00,4.3
10061,2023-04-16 00:15:00,3.8
10062,2023-04-16 00:30:00,4.0
10063,2023-04-16 00:45:00,5.0
10064,2023-04-16 01:00:00,4.0
10065,2023-04-16 01:15:00,4.3
10066,2023-04-16 01:30:00,3.9
10067,2023-04-16 01:45:00,3.8
10068,2023-04-16 02:00:00,3.9
10069,2023-04-16 02:15:00,4.1
10070,2023-04-16 02:30:00,3.7
10071,2023-04-16 02:45:00,3.8
10072,2023-04-16 03:00:00,4.3
10073,2023-04-16 03:15:00,4.7
10074,2023-04-16 03:30:00,7.3
10075,2023-04-16 03:45:00,7.3
10076,2023-04-16 04:00:00,4.2
10077,2023-04-16 04:15:00,3.9
10078,2023-04-16 04:30:00,4.3
10079,2023-04-16 04:45:00,3.6
10080,2023-04-16 05:00:00,4.0
10081,2023-04-16 05:15:00,4.3
10082,2023-04-16 05:30:00,4.1
10083,2023-04-16 05:45:00,3.8
10084,2023-04-16 06:00:00,3.7
10085,2023-04-16 06:15:00,3.8
10086,2023-04-16 06:30:00,3.9
10087,2023-04-16 06:45:00,4.5
10088,2023-04-16 07:00:00,3.7
10089,2023-04-16 07:15:00,3.9
10090,2023-04-16 07:30:00,4.4
10091,2023-04-16 07:45:00,4.4
10092,2023-04-16 08:00:00,3.7
10093,2023-04-16 08:15:00,4.1
10094,2023-04-16 08:30:00,3.4
10095,2023-04-16 08:45:00,3.8
10096,2023-04-16 09:00:00,4.3
10097,2023-04-16 09:15:00,3.8
10098,2023-04-16 09:30:00,3.7
10099,2023-04-16 09:45:00,9.2
10100,2023-04-16 10:00:00,3.5
10101,2023-04-16 10:15:00,3.7
10102,2023-04-16 10:30:00,1.5
10103,2023-04-16 10:45:00,1.1
10104,2023-04-16 11:00:00,1.1
10105,2023-04-16 11:15:00,1.3
10106,2023-04-16 11:30:00,1.1
10107,2023-04-16 11:45:00,1.0
10108,2023-04-16 12:00:00,1.2
10109,2023-04-16 12:15:00,1.6
10110,2023-04-16 12:30:00,0.9
10111,2023-04-16 12:45:00,1.4
10112,2023-04-16 13:00:00,1.5
10113,2023-04-16 13:15:00,6.7
10114,2023-04-16 13:30:00,1.2
10115,2023-04-16 13:45:00,1.7
10116,2023-04-16 14:00:00,0.7
10117,2023-04-16 14:15:00,1.0
10118,2023-04-16 14:30:00,2.6
10119,2023-04-16 14:45:00,1.1
10120,2023-04-16 15:00:00,1.2
10121,2023-04-16 15:15:00,3.8
10122,2023-04-16 15:30:00,3.3
10123,2023-04-16 15:45:00,4.5
10124,2023-04-16 16:00:00,1.3
10125,2023-04-16 16:15:00,1.1
10126,2023-04-16 16:30:00,1.2
10127,2023-04-16 16:45:00,1.8
10128,2023-04-16 17:00:00,1.6
10129,2023-04-16 17:15:00,0.9
10130,2023-04-16 17:30:00,1.9
10131,2023-04-16 17:45:00,1.1
10132,2023-04-16 18:00:00,1.6
10133,2023-04-16 18:15:00,1.4
10134,2023-04-16 18:30:00,1.9
10135,2023-04-16 18:45:00,0.9
10136,2023-04-16 19:00:00,1.9
10137,2023-04-16 19:15:00,1.4
10138,2023-04-16 19:30:00,1.0
10139,2023-04-16 19:45:00,1.9
10140,2023-04-16 20:00:00,1.4
10141,2023-04-16 20:15:00,4.9
10142,2023-04-16 20:30:00,4.0
10143,2023-04-16 20:45:00,1.5
10144,2023-04-16 21:00:00,1.5
10145,2023-04-16 21:15:00,2.0
10146,2023-04-16 21:30:00,7.5
10147,2023-04-16 21:45:00,4.6
10148,2023-04-16 22:00:00,1.1
10149,2023-04-16 22:15:00,1.8
10150,2023-04-16 22:30:00,1.7
10151,2023-04-16 22:45:00,1.4
10152,2023-04-16 23:00:00,1.4
10153,2023-04-16 23:15:00,1.2
10154,2023-04-16 23:30:00,1.5
10155,2023-04-16 23:45:00,2.2
10156,2023-04-17 00:00:00,4.1
10157,2023-04-17 00:15:00,3.7
10158,2023-04-17 00:30:00,4.3
10159,2023-04-17 00:45:00,4.0
10160,2023-04-17 01:00:00,4.1
10161,2023-04-17 01:15:00,4.4
10162,2023-04-17 01:30:00,3.7
10163,2023-04-17 01:45:00,3.8
10164,2023-04-17 02:00:00,4.4
10165,2023-04-17 02:15:00,3.9
10166,2023-04-17 02:30:00,3.6
10167,2023-04-17 02:45:00,4.2
10168,2023-04-17 03:00:00,4.2
10169,2023-04-17 03:15:00,4.1
10170,2023-04-17 03:30:00,3.4
10171,2023-04-17 03:45:00,3.7
10172,2023-04-17 04:00:00,4.0
10173,2023-04-17 04:15:00,4.2
10174,2023-04-17 04:30:00,3.8
10175,2023-04-17 04:45:00,3.8
10176,2023-04-17 05:00:00,3.7
10177,2023-04-17 05:15:00,3.9
10178,2023-04-17 05:30:00,3.8
10179,2023-04-17 05:45:00,3.7
10180,2023-04-17 06:00:00,4.4
10181,2023-04-17 06:15:00,3.6
10182,2023-04-17 06:30:00,4.2
10183,2023-04-17 06:45:00,4.2
10184,2023-04-17 07:00:00,4.0
10185,2023-04-17 07:15:00,3.8
10186,2023-04-17 07:30:00,4.2
10187,2023-04-17 07:45:00,4.4
10188,2023-04-17 08:00:00,3.6
10189,2023-04-17 08:15:00,3.5
10190,2023-04-17 08:30:00,4.3
10191,2023-04-17 08:45:00,4.8
10192,2023-04-17 09:00:00,4.1
10193,2023-04-17 09:15:00,4.6
10194,2023-04-17 09:30:00,3.8
10195,2023-04-17 09:45:00,4.1
10196,2023-04-17 10:00:00,4.7
10197,2023-04-17 10:15:00,3.9
10198,2023-04-17 10:30:00,3.7
10199,2023-04-17 10:45:00,4.4
10200,2023-04-17 11:00:00,1.1
10201,2023-04-17 11:15:00,1.5
10202,2023-04-17 11:30:00,1.3
10203,2023-04-17 11:45:00,1.6
10204,2023-04-17 12:00:00,1.5
10205,2023-04-17 12:15:00,1.4
10206,2023-04-17 12:30:00,1.9
10207,2023-04-17 12:45:00,1.0
10208,2023-04-17 13:00:00,3.6
10209,2023-04-17 13:15:00,5.3
10210,2023-04-17 13:30:00,4.7
10211,2023-04-17 13:45:00,1.1
10212,2023-04-17 14:00:00,1.6
10213,2023-04-17 14:15:00,0.7
10214,2023-04-17 14:30:00,3.8
10215,2023-04-17 14:45:00,1.6
10216,2023-04-17 15:00:00,0.7
10217,2023-04-17 15:15:00,1.0
10218,2023-04-17 15:30:00,1.7
10219,2023-04-17 15:45:00,1.2
10220,2023-04-17 16:00:00,0.7
10221,2023-04-17 16:15:00,0.9
10222,2023-04-17 16:30:00,0.9
10223,2023-04-17 16:45:00,1.5
10224,2023-04-17 17:00:00,1.1
10225,2023-04-17 17:15:00,1.1
10226,2023-04-17 17:30:00,0.7
10227,2023-04-17 17:45:00,1.1
10228,2023-04-17 18:00:00,1.6
10229,2023-04-17 18:15:00,1.1
10230,2023-04-17 18:30:00,0.7
10231,2023-04-17 18:45:00,4.4
10232,2023-04-17 19:00:00,1.4
10233,2023-04-17 19:15:00,0.9
10234,2023-04-17 19:30:00,1.1
10235,2023-04-17 19:45:00,0.8
10236,2023-04-17 20:00:00,0.9
10237,2023-04-17 20:15:00,1.3
10238,2023-04-17 20:30:00,0.7
10239,2023-04-17 20:45:00,0.9
10240,2023-04-17 21:00:00,1.4
10241,2023-04-17 21:15:00,0.9
10242,2023-04-17 21:30:00,0.8
10243,2023-04-17 21:45:00,1.2
10244,2023-04-17 22:00:00,1.2
10245,2023-04-17 22:15:00,1.1
10246,2023-04-17 22:30:00,1.1
10247,2023-04-17 22:45:00,1.6
10248,2023-04-17 23:00:00,1.5
10249,2023-04-17 23:15:00,0.9
10250,2023-04-17 23:30:00,1.4
10251,2023-04-17 23:45:00,10.3
10252,2023-04-18 00:00:00,3.4
10253,2023-04-18 00:15:00,14.9
10254,2023-04-18 00:30:00,3.4
10255,2023-04-18 00:45:00,4.4
10256,2023-04-18 01:00:00,3.8
10257,2023-04-18 01:15:00,3.7
10258,2023-04-18 01:30:00,3.8
10259,2023-04-18 01:45:00,4.3
10260,2023-04-18 02:00:00,7.1
10261,2023-04-18 02:15:00,6.9
10262,2023-04-18 02:30:00,10.2
10263,2023-04-18 02:45:00,3.6
10264,2023-04-18 03:00:00,3.5
10265,2023-04-18 03:15:00,4.2
10266,2023-04-18 03:30:00,3.7
10267,2023-04-18 03:45:00,7.1
10268,2023-04-18 04:00:00,3.6
10269,2023-04-18 04:15:00,3.8
10270,2023-04-18 04:30:00,4.3
10271,2023-04-18 04:45:00,3.8
10272,2023-04-18 05:00:00,4.0
10273,2023-04-18 05:15:00,3.7
10274,2023-04-18 05:30:00,3.8
10275,2023-04-18 05:45:00,10.0
10276,2023-04-18 06:00:00,3.2
10277,2023-04-18 06:15:00,3.7
10278,2023-04-18 06:30:00,3.7
10279,2023-04-18 06:45:00,3.5
10280,2023-04-18 07:00:00,3.5
10281,2023-04-18 07:15:00,4.0
10282,2023-04-18 07:30:00,3.4
10283,2023-04-18 07:45:00,3.9
10284,2023-04-18 08:00:00,4.0
10285,2023-04-18 08:15:00,3.7
10286,2023-04-18 08:30:00,3.2
10287,2023-04-18 08:45:00,4.1
10288,2023-04-18 09:00:00,3.6
10289,2023-04-18 09:15:00,14.4
10290,2023-04-18 09:30:00,16.9
10291,2023-04-18 09:45:00,14.5
10292,2023-04-18 10:00:00,14.3
10293,2023-04-18 10:15:00,14.4
10294,2023-04-18 10:30:00,12.1
10295,2023-04-18 10:45:00,11.6
10296,2023-04-18 11:00:00,11.3
10297,2023-04-18 11:15:00,11.8
10298,2023-04-18 11:30:00,11.2
10299,2023-04-18 11:45:00,11.5
10300,2023-04-18 12:00:00,12.1
10301,2023-04-18 12:15:00,11.2
10302,2023-04-18 12:30:00,11.4
10303,2023-04-18 12:45:00,11.8
10304,2023-04-18 13:00:00,11.4
10305,2023-04-18 13:15:00,4.3
10306,2023-04-18 13:30:00,1.1
10307,2023-04-18 13:45:00,1.0
10308,2023-04-18 14:00:00,1.2
10309,2023-04-18 14:15:00,0.7
10310,2023-04-18 14:30:00,1.4
10311,2023-04-18 14:45:00,4.1
10312,2023-04-18 15:00:00,8.2
10313,2023-04-18 15:15:00,4.0
10314,2023-04-18 15:30:00,5.0
10315,2023-04-18 15:45:00,5.0
10316,2023-04-18 16:00:00,1.0
10317,2023-04-18 16:15:00,1.0
10318,2023-04-18 16:30:00,0.9
10319,2023-04-18 16:45:00,1.3
10320,2023-04-18 17:00:00,3.1
10321,2023-04-18 17:15:00,1.5
10322,2023-04-18 17:30:00,1.1
10323,2023-04-18 17:45:00,1.0
10324,2023-04-18 18:00:00,3.1
10325,2023-04-18 18:15:00,7.1
10326,2023-04-18 18:30:00,1.4
10327,2023-04-18 18:45:00,0.7
10328,2023-04-18 19:00:00,1.1
10329,2023-04-18 19:15:00,11.5
10330,2023-04-18 19:30:00,12.1
10331,2023-04-18 19:45:00,12.2
10332,2023-04-18 20:00:00,11.5
10333,2023-04-18 20:15:00,11.2
10334,2023-04-18 20:30:00,12.3
10335,2023-04-18 20:45:00,11.2
10336,2023-04-18 21:00:00,11.5
10337,2023-04-18 21:15:00,11.6
10338,2023-04-18 21:30:00,11.5
10339,2023-04-18 21:45:00,11.4
10340,2023-04-18 22:00:00,11.5
10341,2023-04-18 22:15:00,11.5
10342,2023-04-18 22:30:00,11.5
10343,2023-04-18 22:45:00,11.1
10344,2023-04-18 23:00:00,11.8
10345,2023-04-18 23:15:00,11.1
10346,2023-04-18 23:30:00,11.3
10347,2023-04-18 23:45:00,11.6
10348,2023-04-19 00:00:00,4.3
10349,2023-04-19 00:15:00,13.7
10350,2023-04-19 00:30:00,14.4
10351,2023-04-19 00:45:00,14.1
10352,2023-04-19 01:00:00,14.0
10353,2023-04-19 01:15:00,14.9
10354,2023-04-19 01:30:00,13.9
10355,2023-04-19 01:45:00,13.8
10356,2023-04-19 02:00:00,14.5
10357,2023-04-19 02:15:00,17.4
10358,2023-04-19 02:30:00,17.5
10359,2023-04-19 02:45:00,14.2
10360,2023-04-19 03:00:00,14.2
10361,2023-04-19 03:15:00,13.9
10362,2023-04-19 03:30:00,14.3
10363,2023-04-19 03:45:00,6.7
10364,2023-04-19 04:00:00,7.5
10365,2023-04-19 04:15:00,3.6
10366,2023-04-19 04:30:00,4.1
10367,2023-04-19 04:45:00,3.4
10368,2023-04-19 05:00:00,3.3
10369,2023-04-19 05:15:00,3.9
10370,2023-04-19 05:30:00,10.0
10371,2023-04-19 05:45:00,3.4
10372,2023-04-19 06:00:00,3.8
10373,2023-04-19 06:15:00,3.6
10374,2023-04-19 06:30:00,3.6
10375,2023-04-19 06:45:00,3.7
10376,2023-04-19 07:00:00,4.2
10377,2023-04-19 07:15:00,3.5
10378,2023-04-19 07:30:00,4.0
10379,2023-04-19 07:45:00,3.8
10380,2023-04-19 08:00:00,3.4
10381,2023-04-19 08:15:00,4.1
10382,2023-04-19 08:30:00,3.7
10383,2023-04-19 08:45:00,3.4
10384,2023-04-19 09:00:00,4.0
10385,2023-04-19 09:15:00,3.3
10386,2023-04-19 09:30:00,3.5
10387,2023-04-19 09:45:00,3.7
10388,2023-04-19 10:00:00,3.8
10389,2023-04-19 10:15:00,3.4
10390,2023-04-19 10:30:00,3.8
10391,2023-04-19 10:45:00,1.2
10392,2023-04-19 11:00:00,1.1
10393,2023-04-19 11:15:00,0.6
10394,2023-04-19 11:30:00,1.3
10395,2023-04-19 11:45:00,0.4
10396,2023-04-19 12:00:00,0.5
10397,2023-04-19 12:15:00,0.9
10398,2023-04-19 12:30:00,0.6
10399,2023-04-19 12:45:00,2.9
10400,2023-04-19 13:00:00,1.2
10401,2023-04-19 13:15:00,0.5
10402,2023-04-19 13:30:00,0.8
10403,2023-04-19 13:45:00,1.5
10404,2023-04-19 14:00:00,0.8
10405,2023-04-19 14:15:00,6.7
10406,2023-04-19 14:30:00,4.5
10407,2023-04-19 14:45:00,0.9
10408,2023-04-19 15:00:00,4.0
10409,2023-04-19 15:15:00,4.2
10410,2023-04-19 15:30:00,0.8
10411,2023-04-19 15:45:00,0.6
10412,2023-04-19 16:00:00,1.3
10413,2023-04-19 16:15:00,0.5
10414,2023-04-19 16:30:00,1.0
10415,2023-04-19 16:45:00,0.9
10416,2023-04-19 17:00:00,2.9
10417,2023-04-19 17:15:00,0.4
10418,2023-04-19 17:30:00,1.6
10419,2023-04-19 17:45:00,0.8
10420,2023-04-19 18:00:00,3.1
10421,2023-04-19 18:15:00,0.9
10422,2023-04-19 18:30:00,0.7
10423,2023-04-19 18:45:00,2.8
10424,2023-04-19 19:00:00,0.6
10425,2023-04-19 19:15:00,1.1
10426,2023-04-19 19:30:00,0.9
10427,2023-04-19 19:45:00,0.5
10428,2023-04-19 20:00:00,0.5
10429,2023-04-19 20:15:00,1.0
10430,2023-04-19 20:30:00,3.1
10431,2023-04-19 20:45:00,1.0
10432,2023-04-19 21:00:00,0.7
10433,2023-04-19 21:15:00,0.8
10434,2023-04-19 21:30:00,12.4
10435,2023-04-19 21:45:00,11.3
10436,2023-04-19 22:00:00,11.7
10437,2023-04-19 22:15:00,12.0
10438,2023-04-19 22:30:00,11.8
10439,2023-04-19 22:45:00,11.2
10440,2023-04-19 23:00:00,12.0
10441,2023-04-19 23:15:00,11.4
10442,2023-04-19 23:30:00,1.0
10443,2023-04-19 23:45:00,1.5
10444,2023-04-20 00:00:00,3.4
10445,2023-04-20 00:15:00,6.7
10446,2023-04-20 00:30:00,4.2
10447,2023-04-20 00:45:00,3.7
10448,2023-04-20 01:00:00,3.5
10449,2023-04-20 01:15:00,4.7
10450,2023-04-20 01:30:00,3.4
10451,2023-04-20 01:45:00,9.1
10452,2023-04-20 02:00:00,4.1
10453,2023-04-20 02:15:00,3.3
10454,2023-04-20 02:30:00,3.7
10455,2023-04-20 02:45:00,4.5
10456,2023-04-20 03:00:00,3.6
10457,2023-04-20 03:15:00,3.7
10458,2023-04-20 03:30:00,7.2
10459,2023-04-20 03:45:00,3.6
10460,2023-04-20 04:00:00,3.3
10461,2023-04-20 04:15:00,3.6
10462,2023-04-20 04:30:00,3.6
10463,2023-04-20 04:45:00,3.3
10464,2023-04-20 05:00:00,3.3
10465,2023-04-20 05:15:00,3.4
10466,2023-04-20 05:30:00,3.1
10467,2023-04-20 05:45:00,3.9
10468,2023-04-20 06:00:00,3.4
10469,2023-04-20 06:15:00,3.2
10470,2023-04-20 06:30:00,3.2
10471,2023-04-20 06:45:00,4.6
10472,2023-04-20 07:00:00,3.3
10473,2023-04-20 07:15:00,3.8
10474,2023-04-20 07:30:00,4.0
10475,2023-04-20 07:45:00,3.9
10476,2023-04-20 08:00:00,3.5
10477,2023-04-20 08:15:00,3.8
10478,2023-04-20 08:30:00,3.3
10479,2023-04-20 08:45:00,3.6
10480,2023-04-20 09:00:00,4.0
10481,2023-04-20 09:15:00,3.3
10482,2023-04-20 09:30:00,3.3
10483,2023-04-20 09:45:00,4.0
10484,2023-04-20 10:00:00,3.4
10485,2023-04-20 10:15:00,1.1
10486,2023-04-20 10:30:00,1.5
10487,2023-04-20 10:45:00,0.6
10488,2023-04-20 11:00:00,0.5
10489,2023-04-20 11:15:00,1.1
10490,2023-04-20 11:30:00,0.8
10491,2023-04-20 11:45:00,1.1
10492,2023-04-20 12:00:00,1.1
10493,2023-04-20 12:15:00,1.0
10494,2023-04-20 12:30:00,0.7
10495,2023-04-20 12:45:00,1.2
10496,2023-04-20 13:00:00,4.2
10497,2023-04-20 13:15:00,1.1
10498,2023-04-20 13:30:00,5.4
10499,2023-04-20 13:45:00,1.4
10500,2023-04-20 14:00:00,3.9
10501,2023-04-20 14:15:00,1.7
10502,2023-04-20 14:30:00,1.1
10503,2023-04-20 14:45:00,0.9
10504,2023-04-20 15:00:00,1.3
10505,2023-04-20 15:15:00,1.3
10506,2023-04-20 15:30:00,0.9
10507,2023-04-20 15:45:00,1.5
10508,2023-04-20 16:00:00,1.2
10509,2023-04-20 16:15:00,1.4
10510,2023-04-20 16:30:00,6.7
10511,2023-04-20 16:45:00,1.2
10512,2023-04-20 17:00:00,1.0
10513,2023-04-20 17:15:00,1.1
10514,2023-04-20 17:30:00,0.9
10515,2023-04-20 17:45:00,0.9
10516,2023-04-20 18:00:00,3.5
10517,2023-04-20 18:15:00,1.1
10518,2023-04-20 18:30:00,1.4
10519,2023-04-20 18:45:00,1.3
10520,2023-04-20 19:00:00,1.2
10521,2023-04-20 19:15:00,1.6
10522,2023-04-20 19:30:00,0.9
10523,2023-04-20 19:45:00,1.1
10524,2023-04-20 20:00:00,1.0
10525,2023-04-20 20:15:00,1.0
10526,2023-04-20 20:30:00,1.0
10527,2023-04-20 20:45:00,1.5
10528,2023-04-20 21:00:00,1.2
10529,2023-04-20 21:15:00,11.7
10530,2023-04-20 21:30:00,11.5
10531,2023-04-20 21:45:00,14.8
10532,2023-04-20 22:00:00,11.7
10533,2023-04-20 22:15:00,11.8
10534,2023-04-20 22:30:00,16.9
10535,2023-04-20 22:45:00,12.4
10536,2023-04-20 23:00:00,11.8
10537,2023-04-20 23:15:00,11.1
10538,2023-04-20 23:30:00,11.7
10539,2023-04-20 23:45:00,2.0
10540,2023-04-21 00:00:00,19.6
10541,2023-04-21 00:15:00,14.2
10542,2023-04-21 00:30:00,14.1
10543,2023-04-21 00:45:00,14.0
10544,2023-04-21 01:00:00,15.1
10545,2023-04-21 01:15:00,14.4
10546,2023-04-21 01:30:00,14.3
10547,2023-04-21 01:45:00,14.5
10548,2023-04-21 02:00:00,14.0
10549,2023-04-21 02:15:00,14.1
10550,2023-04-21 02:30:00,14.7
10551,2023-04-21 02:45:00,14.1
10552,2023-04-21 03:00:00,14.0
10553,2023-04-21 03:15:00,14.5
10554,2023-04-21 03:30:00,3.6
10555,2023-04-21 03:45:00,3.6
10556,2023-04-21 04:00:00,7.6
10557,2023-04-21 04:15:00,3.7
10558,2023-04-21 04:30:00,7.2
10559,2023-04-21 04:45:00,4.1
10560,2023-04-21 05:00:00,3.7
10561,2023-04-21 05:15:00,4.1
10562,2023-04-21 05:30:00,4.4
10563,2023-04-21 05:45:00,3.8
10564,2023-04-21 06:00:00,3.5
10565,2023-04-21 06:15:00,6.3
10566,2023-04-21 06:30:00,6.9
10567,2023-04-21 06:45:00,5.6
10568,2023-04-21 07:00:00,11.8
10569,2023-04-21 07:15:00,7.8
10570,2023-04-21 07:30:00,6.0
10571,2023-04-21 07:45:00,4.9
10572,2023-04-21 08:00:00,3.8
10573,2023-04-21 08:15:00,3.6
10574,2023-04-21 08:30:00,3.5
10575,2023-04-21 08:45:00,3.7
10576,2023-04-21 09:00:00,3.8
10577,2023-04-21 09:15:00,3.6
10578,2023-04-21 09:30:00,3.9
10579,2023-04-21 09:45:00,6.6
10580,2023-04-21 10:00:00,6.8
10581,2023-04-21 10:15:00,2.2
10582,2023-04-21 10:30:00,6.7
10583,2023-04-21 10:45:00,1.1
10584,2023-04-21 11:00:00,1.3
10585,2023-04-21 11:15:00,1.2
10586,2023-04-21 11:30:00,1.6
10587,2023-04-21 11:45:00,1.7
10588,2023-04-21 12:00:00,1.0
10589,2023-04-21 12:15:00,1.3
10590,2023-04-21 12:30:00,1.3
10591,2023-04-21 12:45:00,1.2
10592,2023-04-21 13:00:00,1.2
10593,2023-04-21 13:15:00,1.3
10594,2023-04-21 13:30:00,1.4
10595,2023-04-21 13:45:00,1.3
10596,2023-04-21 14:00:00,1.7
10597,2023-04-21 14:15:00,1.1
10598,2023-04-21 14:30:00,1.5
10599,2023-04-21 14:45:00,1.9
10600,2023-04-21 15:00:00,1.6
10601,2023-04-21 15:15:00,1.3
10602,2023-04-21 15:30:00,2.2
10603,2023-04-21 15:45:00,3.9
10604,2023-04-21 16:00:00,1.6
10605,2023-04-21 16:15:00,1.9
10606,2023-04-21 16:30:00,1.3
10607,2023-04-21 16:45:00,1.7
10608,2023-04-21 17:00:00,3.9
10609,2023-04-21 17:15:00,6.9
10610,2023-04-21 17:30:00,2.3
10611,2023-04-21 17:45:00,1.6
10612,2023-04-21 18:00:00,0.9
10613,2023-04-21 18:15:00,1.1
10614,2023-04-21 18:30:00,1.6
10615,2023-04-21 18:45:00,1.8
10616,2023-04-21 19:00:00,1.1
10617,2023-04-21 19:15:00,3.1
10618,2023-04-21 19:30:00,1.6
10619,2023-04-21 19:45:00,1.0
10620,2023-04-21 20:00:00,1.6
10621,2023-04-21 20:15:00,1.5
10622,2023-04-21 20:30:00,1.2
10623,2023-04-21 20:45:00,1.1
10624,2023-04-21 21:00:00,1.6
10625,2023-04-21 21:15:00,1.3
10626,2023-04-21 21:30:00,0.9
10627,2023-04-21 21:45:00,1.8
10628,2023-04-21 22:00:00,1.1
10629,2023-04-21 22:15:00,1.1
10630,2023-04-21 22:30:00,1.6
10631,2023-04-21 22:45:00,4.4
10632,2023-04-21 23:00:00,1.4
10633,2023-04-21 23:15:00,1.5
10634,2023-04-21 23:30:00,0.7
10635,2023-04-21 23:45:00,1.3
10636,2023-04-22 00:00:00,3.7
10637,2023-04-22 00:15:00,3.7
10638,2023-04-22 00:30:00,3.8
10639,2023-04-22 00:45:00,4.0
10640,2023-04-22 01:00:00,3.7
10641,2023-04-22 01:15:00,3.7
10642,2023-04-22 01:30:00,6.6
10643,2023-04-22 01:45:00,3.5
10644,2023-04-22 02:00:00,3.8
10645,2023-04-22 02:15:00,3.9
10646,2023-04-22 02:30:00,4.4
10647,2023-04-22 02:45:00,3.6
10648,2023-04-22 03:00:00,3.7
10649,2023-04-22 03:15:00,4.5
10650,2023-04-22 03:30:00,3.3
10651,2023-04-22 03:45:00,3.8
10652,2023-04-22 04:00:00,3.9
10653,2023-04-22 04:15:00,3.9
10654,2023-04-22 04:30:00,3.8
10655,2023-04-22 04:45:00,4.3
10656,2023-04-22 05:00:00,5.7
10657,2023-04-22 05:15:00,3.8
10658,2023-04-22 05:30:00,3.9
10659,2023-04-22 05:45:00,3.8
10660,2023-04-22 06:00:00,3.8
10661,2023-04-22 06:15:00,4.1
10662,2023-04-22 06:30:00,4.1
10663,2023-04-22 06:45:00,3.7
10664,2023-04-22 07:00:00,4.3
10665,2023-04-22 07:15:00,3.7
10666,2023-04-22 07:30:00,4.0
10667,2023-04-22 07:45:00,4.4
10668,2023-04-22 08:00:00,6.9
10669,2023-04-22 08:15:00,7.4
10670,2023-04-22 08:30:00,3.6
10671,2023-04-22 08:45:00,4.3
10672,2023-04-22 09:00:00,3.8
10673,2023-04-22 09:15:00,3.4
10674,2023-04-22 09:30:00,4.4
10675,2023-04-22 09:45:00,3.7
10676,2023-04-22 10:00:00,3.9
10677,2023-04-22 10:15:00,1.8
10678,2023-04-22 10:30:00,1.0
10679,2023-04-22 10:45:00,1.7
10680,2023-04-22 11:00:00,1.1
10681,2023-04-22 11:15:00,1.9
10682,2023-04-22 11:30:00,6.4
10683,2023-04-22 11:45:00,1.7
10684,2023-04-22 12:00:00,1.1
10685,2023-04-22 12:15:00,1.2
10686,2023-04-22 12:30:00,1.4
10687,2023-04-22 12:45:00,0.9
10688,2023-04-22 13:00:00,1.3
10689,2023-04-22 13:15:00,1.5
10690,2023-04-22 13:30:00,1.0
10691,2023-04-22 13:45:00,1.0
10692,2023-04-22 14:00:00,1.3
10693,2023-04-22 14:15:00,1.2
10694,2023-04-22 14:30:00,1.3
10695,2023-04-22 14:45:00,4.1
10696,2023-04-22 15:00:00,2.0
10697,2023-04-22 15:15:00,0.9
10698,2023-04-22 15:30:00,1.2
10699,2023-04-22 15:45:00,1.6
10700,2023-04-22 16:00:00,1.5
10701,2023-04-22 16:15:00,1.2
10702,2023-04-22 16:30:00,1.4
10703,2023-04-22 16:45:00,0.9
10704,2023-04-22 17:00:00,1.7
10705,2023-04-22 17:15:00,1.3
10706,2023-04-22 17:30:00,1.0
10707,2023-04-22 17:45:00,1.3
10708,2023-04-22 18:00:00,1.4
10709,2023-04-22 18:15:00,1.6
10710,2023-04-22 18:30:00,0.9
10711,2023-04-22 18:45:00,1.8
10712,2023-04-22 19:00:00,3.5
10713,2023-04-22 19:15:00,0.8
10714,2023-04-22 19:30:00,1.6
10715,2023-04-22 19:45:00,5.1
10716,2023-04-22 20:00:00,3.7
10717,2023-04-22 20:15:00,1.2
10718,2023-04-22 20:30:00,4.3
10719,2023-04-22 20:45:00,11.7
10720,2023-04-22 21:00:00,17.2
10721,2023-04-22 21:15:00,12.5
10722,2023-04-22 21:30:00,11.7
10723,2023-04-22 21:45:00,11.6
10724,2023-04-22 22:00:00,1.8
10725,2023-04-22 22:15:00,1.3
10726,2023-04-22 22:30:00,1.0
10727,2023-04-22 22:45:00,1.3
10728,2023-04-22 23:00:00,1.4
10729,2023-04-22 23:15:00,1.5
10730,2023-04-22 23:30:00,2.0
10731,2023-04-22 23:45:00,3.6
10732,2023-04-23 00:00:00,4.0
10733,2023-04-23 00:15:00,3.9
10734,2023-04-23 00:30:00,14.7
10735,2023-04-23 00:45:00,14.9
10736,2023-04-23 01:00:00,14.1
10737,2023-04-23 01:15:00,15.0
10738,2023-04-23 01:30:00,3.6
10739,2023-04-23 01:45:00,9.2
10740,2023-04-23 02:00:00,4.2
10741,2023-04-23 02:15:00,3.5
10742,2023-04-23 02:30:00,3.5
10743,2023-04-23 02:45:00,3.7
10744,2023-04-23 03:00:00,3.7
10745,2023-04-23 03:15:00,4.1
10746,2023-04-23 03:30:00,4.1
10747,2023-04-23 03:45:00,3.6
10748,2023-04-23 04:00:00,4.1
10749,2023-04-23 04:15:00,4.1
10750,2023-04-23 04:30:00,4.0
10751,2023-04-23 04:45:00,3.5
10752,2023-04-23 05:00:00,3.5
10753,2023-04-23 05:15:00,4.2
10754,2023-04-23 05:30:00,3.3
10755,2023-04-23 05:45:00,3.6
10756,2023-04-23 06:00:00,3.7
10757,2023-04-23 06:15:00,3.8
10758,2023-04-23 06:30:00,3.9
10759,2023-04-23 06:45:00,9.7
10760,2023-04-23 07:00:00,3.5
10761,2023-04-23 07:15:00,3.6
10762,2023-04-23 07:30:00,7.7
10763,2023-04-23 07:45:00,4.1
10764,2023-04-23 08:00:00,3.4
10765,2023-04-23 08:15:00,4.3
10766,2023-04-23 08:30:00,3.7
10767,2023-04-23 08:45:00,4.1
10768,2023-04-23 09:00:00,3.8
10769,2023-04-23 09:15:00,3.9
10770,2023-04-23 09:30:00,3.5
10771,2023-04-23 09:45:00,4.0
10772,2023-04-23 10:00:00,3.9
10773,2023-04-23 10:15:00,3.4
10774,2023-04-23 10:30:00,1.4
10775,2023-04-23 10:45:00,1.6
10776,2023-04-23 11:00:00,1.0
10777,2023-04-23 11:15:00,0.7
10778,2023-04-23 11:30:00,1.6
10779,2023-04-23 11:45:00,4.9
10780,2023-04-23 12:00:00,0.9
10781,2023-04-23 12:15:00,1.3
10782,2023-04-23 12:30:00,1.0
10783,2023-04-23 12:45:00,6.9
10784,2023-04-23 13:00:00,1.7
10785,2023-04-23 13:15:00,1.3
10786,2023-04-23 13:30:00,1.3
10787,2023-04-23 13:45:00,2.8
10788,2023-04-23 14:00:00,2.4
10789,2023-04-23 14:15:00,2.0
10790,2023-04-23 14:30:00,8.0
10791,2023-04-23 14:45:00,1.6
10792,2023-04-23 15:00:00,1.3
10793,2023-04-23 15:15:00,1.7
10794,2023-04-23 15:30:00,5.3
10795,2023-04-23 15:45:00,1.4
10796,2023-04-23 16:00:00,1.2
10797,2023-04-23 16:15:00,2.1
10798,2023-04-23 16:30:00,4.1
10799,2023-04-23 16:45:00,1.3
10800,2023-04-23 17:00:00,2.1
10801,2023-04-23 17:15:00,1.7
10802,2023-04-23 17:30:00,1.9
10803,2023-04-23 17:45:00,1.9
10804,2023-04-23 18:00:00,7.1
10805,2023-04-23 18:15:00,3.7
10806,2023-04-23 18:30:00,2.0
10807,2023-04-23 18:45:00,2.0
10808,2023-04-23 19:00:00,4.5
10809,2023-04-23 19:15:00,1.0
10810,2023-04-23 19:30:00,1.6
10811,2023-04-23 19:45:00,1.2
10812,2023-04-23 20:00:00,1.3
10813,2023-04-23 20:15:00,1.6
10814,2023-04-23 20:30:00,4.4
10815,2023-04-23 20:45:00,0.8
10816,2023-04-23 21:00:00,1.3
10817,2023-04-23 21:15:00,1.0
10818,2023-04-23 21:30:00,1.0
10819,2023-04-23 21:45:00,1.2
10820,2023-04-23 22:00:00,0.9
10821,2023-04-23 22:15:00,1.3
10822,2023-04-23 22:30:00,0.6
10823,2023-04-23 22:45:00,0.9
10824,2023-04-23 23:00:00,1.2
10825,2023-04-23 23:15:00,1.0
10826,2023-04-23 23:30:00,1.5
10827,2023-04-23 23:45:00,3.7
10828,2023-04-24 00:00:00,4.2
10829,2023-04-24 00:15:00,4.5
10830,2023-04-24 00:30:00,3.8
10831,2023-04-24 00:45:00,3.6
10832,2023-04-24 01:00:00,4.2
10833,2023-04-24 01:15:00,3.9
10834,2023-04-24 01:30:00,3.6
10835,2023-04-24 01:45:00,3.9
10836,2023-04-24 02:00:00,9.6
10837,2023-04-24 02:15:00,3.7
10838,2023-04-24 02:30:00,4.2
10839,2023-04-24 02:45:00,3.6
10840,2023-04-24 03:00:00,3.5
10841,2023-04-24 03:15:00,3.4
10842,2023-04-24 03:30:00,4.0
10843,2023-04-24 03:45:00,4.0
10844,2023-04-24 04:00:00,3.5
10845,2023-04-24 04:15:00,4.2
10846,2023-04-24 04:30:00,3.5
10847,2023-04-24 04:45:00,3.8
10848,2023-04-24 05:00:00,4.6
10849,2023-04-24 05:15:00,3.5
10850,2023-04-24 05:30:00,3.5
10851,2023-04-24 05:45:00,4.3
10852,2023-04-24 06:00:00,3.3
10853,2023-04-24 06:15:00,3.7
10854,2023-04-24 06:30:00,3.9
10855,2023-04-24 06:45:00,3.9
10856,2023-04-24 07:00:00,3.3
10857,2023-04-24 07:15:00,3.7
10858,2023-04-24 07:30:00,3.7
10859,2023-04-24 07:45:00,3.5
10860,2023-04-24 08:00:00,3.5
10861,2023-04-24 08:15:00,3.7
10862,2023-04-24 08:30:00,3.3
10863,2023-04-24 08:45:00,3.3
10864,2023-04-24 09:00:00,4.3
10865,2023-04-24 09:15:00,3.3
10866,2023-04-24 09:30:00,3.9
10867,2023-04-24 09:45:00,3.6
10868,2023-04-24 10:00:00,3.5
10869,2023-04-24 10:15:00,1.3
10870,2023-04-24 10:30:00,1.8
10871,2023-04-24 10:45:00,0.6
10872,2023-04-24 11:00:00,1.0
10873,2023-04-24 11:15:00,0.9
10874,2023-04-24 11:30:00,0.8
10875,2023-04-24 11:45:00,1.0
10876,2023-04-24 12:00:00,4.4
10877,2023-04-24 12:15:00,1.2
10878,2023-04-24 12:30:00,2.8
10879,2023-04-24 12:45:00,0.7
10880,2023-04-24 13:00:00,1.0
10881,2023-04-24 13:15:00,3.9
10882,2023-04-24 13:30:00,0.8
10883,2023-04-24 13:45:00,7.1
10884,2023-04-24 14:00:00,3.2
10885,2023-04-24 14:15:00,0.7
10886,2023-04-24 14:30:00,6.7
10887,2023-04-24 14:45:00,0.8
10888,2023-04-24 15:00:00,3.2
10889,2023-04-24 15:15:00,1.3
10890,2023-04-24 15:30:00,2.9
10891,2023-04-24 15:45:00,0.9
10892,2023-04-24 16:00:00,1.3
10893,2023-04-24 16:15:00,0.9
10894,2023-04-24 16:30:00,0.7
10895,2023-04-24 16:45:00,1.5
10896,2023-04-24 17:00:00,0.9
10897,2023-04-24 17:15:00,0.8
10898,2023-04-24 17:30:00,0.9
10899,2023-04-24 17:45:00,1.5
10900,2023-04-24 18:00:00,0.7
10901,2023-04-24 18:15:00,1.4
10902,2023-04-24 18:30:00,1.7
10903,2023-04-24 18:45:00,0.8
10904,2023-04-24 19:00:00,1.9
10905,2023-04-24 19:15:00,2.1
10906,2023-04-24 19:30:00,0.9
10907,2023-04-24 19:45:00,1.1
10908,2023-04-24 20:00:00,1.4
10909,2023-04-24 20:15:00,0.9
10910,2023-04-24 20:30:00,4.6
10911,2023-04-24 20:45:00,2.4
10912,2023-04-24 21:00:00,0.7
10913,2023-04-24 21:15:00,1.7
10914,2023-04-24 21:30:00,0.9
10915,2023-04-24 21:45:00,0.8
10916,2023-04-24 22:00:00,0.9
10917,2023-04-24 22:15:00,1.1
10918,2023-04-24 22:30:00,7.1
10919,2023-04-24 22:45:00,0.7
10920,2023-04-24 23:00:00,0.9
10921,2023-04-24 23:15:00,6.9
10922,2023-04-24 23:30:00,0.9
10923,2023-04-24 23:45:00,1.4
10924,2023-04-25 00:00:00,2.8
10925,2023-04-25 00:15:00,3.6
10926,2023-04-25 00:30:00,3.5
10927,2023-04-25 00:45:00,3.7
10928,2023-04-25 01:00:00,3.9
10929,2023-04-25 01:15:00,3.7
10930,2023-04-25 01:30:00,3.3
10931,2023-04-25 01:45:00,3.7
10932,2023-04-25 02:00:00,9.4
10933,2023-04-25 02:15:00,4.3
10934,2023-04-25 02:30:00,3.6
10935,2023-04-25 02:45:00,3.4
10936,2023-04-25 03:00:00,3.4
10937,2023-04-25 03:15:00,3.8
10938,2023-04-25 03:30:00,3.9
10939,2023-04-25 03:45:00,3.4
10940,2023-04-25 04:00:00,3.5
10941,2023-04-25 04:15:00,3.6
10942,2023-04-25 04:30:00,3.4
10943,2023-04-25 04:45:00,4.3
10944,2023-04-25 05:00:00,3.3
10945,2023-04-25 05:15:00,3.4
10946,2023-04-25 05:30:00,3.7
10947,2023-04-25 05:45:00,3.4
10948,2023-04-25 06:00:00,3.1
10949,2023-04-25 06:15:00,4.0
10950,2023-04-25 06:30:00,3.7
10951,2023-04-25 06:45:00,3.2
10952,2023-04-25 07:00:00,3.2
10953,2023-04-25 07:15:00,3.5
10954,2023-04-25 07:30:00,3.5
10955,2023-04-25 07:45:00,3.6
10956,2023-04-25 08:00:00,3.6
10957,2023-04-25 08:15:00,6.8
10958,2023-04-25 08:30:00,3.3
10959,2023-04-25 08:45:00,3.7
10960,2023-04-25 09:00:00,3.5
10961,2023-04-25 09:15:00,14.2
10962,2023-04-25 09:30:00,14.7
10963,2023-04-25 09:45:00,14.1
10964,2023-04-25 10:00:00,14.2
10965,2023-04-25 10:15:00,11.9
10966,2023-04-25 10:30:00,14.7
10967,2023-04-25 10:45:00,15.1
10968,2023-04-25 11:00:00,11.4
10969,2023-04-25 11:15:00,11.3
10970,2023-04-25 11:30:00,13.7
10971,2023-04-25 11:45:00,11.8
10972,2023-04-25 12:00:00,11.9
10973,2023-04-25 12:15:00,11.4
10974,2023-04-25 12:30:00,11.4
10975,2023-04-25 12:45:00,15.0
10976,2023-04-25 13:00:00,1.0
10977,2023-04-25 13:15:00,1.3
10978,2023-04-25 13:30:00,1.3
10979,2023-04-25 13:45:00,0.7
10980,2023-04-25 14:00:00,3.0
10981,2023-04-25 14:15:00,3.8
10982,2023-04-25 14:30:00,0.7
10983,2023-04-25 14:45:00,3.3
10984,2023-04-25 15:00:00,6.5
10985,2023-04-25 15:15:00,1.3
10986,2023-04-25 15:30:00,0.9
10987,2023-04-25 15:45:00,0.9
10988,2023-04-25 16:00:00,0.9
10989,2023-04-25 16:15:00,3.4
10990,2023-04-25 16:30:00,0.7
10991,2023-04-25 16:45:00,3.8
10992,2023-04-25 17:00:00,0.7
10993,2023-04-25 17:15:00,0.6
10994,2023-04-25 17:30:00,1.3
10995,2023-04-25 17:45:00,8.6
10996,2023-04-25 18:00:00,3.9
10997,2023-04-25 18:15:00,4.4
10998,2023-04-25 18:30:00,4.6
10999,2023-04-25 18:45:00,0.8
11000,2023-04-25 19:00:00,1.6
11001,2023-04-25 19:15:00,0.6
11002,2023-04-25 19:30:00,0.6
11003,2023-04-25 19:45:00,1.0
11004,2023-04-25 20:00:00,0.7
11005,2023-04-25 20:15:00,0.9
11006,2023-04-25 20:30:00,1.8
11007,2023-04-25 20:45:00,3.8
11008,2023-04-25 21:00:00,0.8
11009,2023-04-25 21:15:00,11.6
11010,2023-04-25 21:30:00,14.7
11011,2023-04-25 21:45:00,11.5
11012,2023-04-25 22:00:00,11.3
11013,2023-04-25 22:15:00,12.0
11014,2023-04-25 22:30:00,11.6
11015,2023-04-25 22:45:00,12.7
11016,2023-04-25 23:00:00,13.6
11017,2023-04-25 23:15:00,11.3
11018,2023-04-25 23:30:00,11.2
11019,2023-04-25 23:45:00,0.7
11020,2023-04-26 00:00:00,1.1
11021,2023-04-26 00:15:00,3.6
11022,2023-04-26 00:30:00,6.9
11023,2023-04-26 00:45:00,3.4
11024,2023-04-26 01:00:00,3.8
11025,2023-04-26 01:15:00,3.9
11026,2023-04-26 01:30:00,4.0
11027,2023-04-26 01:45:00,3.5
11028,2023-04-26 02:00:00,3.6
11029,2023-04-26 02:15:00,3.8
11030,2023-04-26 02:30:00,4.3
11031,2023-04-26 02:45:00,3.7
11032,2023-04-26 03:00:00,4.1
11033,2023-04-26 03:15:00,3.5
11034,2023-04-26 03:30:00,7.2
11035,2023-04-26 03:45:00,4.2
11036,2023-04-26 04:00:00,3.4
11037,2023-04-26 04:15:00,3.4
11038,2023-04-26 04:30:00,4.0
11039,2023-04-26 04:45:00,3.7
11040,2023-04-26 05:00:00,3.9
11041,2023-04-26 05:15:00,3.6
11042,2023-04-26 05:30:00,3.8
11043,2023-04-26 05:45:00,7.0
11044,2023-04-26 06:00:00,4.4
11045,2023-04-26 06:15:00,3.9
11046,2023-04-26 06:30:00,3.7
11047,2023-04-26 06:45:00,3.5
11048,2023-04-26 07:00:00,3.8
11049,2023-04-26 07:15:00,3.6
11050,2023-04-26 07:30:00,3.7
11051,2023-04-26 07:45:00,3.7
11052,2023-04-26 08:00:00,4.7
11053,2023-04-26 08:15:00,3.9
11054,2023-04-26 08:30:00,3.9
11055,2023-04-26 08:45:00,3.7
11056,2023-04-26 09:00:00,3.4
11057,2023-04-26 09:15:00,4.1
11058,2023-04-26 09:30:00,3.4
11059,2023-04-26 09:45:00,3.5
11060,2023-04-26 10:00:00,4.0
11061,2023-04-26 10:15:00,0.6
11062,2023-04-26 10:30:00,1.0
11063,2023-04-26 10:45:00,1.1
11064,2023-04-26 11:00:00,0.9
11065,2023-04-26 11:15:00,4.4
11066,2023-04-26 11:30:00,7.7
11067,2023-04-26 11:45:00,3.1
11068,2023-04-26 12:00:00,0.9
11069,2023-04-26 12:15:00,0.6
11070,2023-04-26 12:30:00,0.8
11071,2023-04-26 12:45:00,3.5
11072,2023-04-26 13:00:00,0.8
11073,2023-04-26 13:15:00,1.8
11074,2023-04-26 13:30:00,3.1
11075,2023-04-26 13:45:00,0.9
11076,2023-04-26 14:00:00,7.0
11077,2023-04-26 14:15:00,4.7
11078,2023-04-26 14:30:00,3.0
11079,2023-04-26 14:45:00,1.2
11080,2023-04-26 15:00:00,0.6
11081,2023-04-26 15:15:00,0.6
11082,2023-04-26 15:30:00,3.7
11083,2023-04-26 15:45:00,0.8
11084,2023-04-26 16:00:00,0.8
11085,2023-04-26 16:15:00,0.6
11086,2023-04-26 16:30:00,1.1
11087,2023-04-26 16:45:00,1.2
11088,2023-04-26 17:00:00,0.8
11089,2023-04-26 17:15:00,0.6
11090,2023-04-26 17:30:00,0.7
11091,2023-04-26 17:45:00,0.5
11092,2023-04-26 18:00:00,1.3
11093,2023-04-26 18:15:00,6.2
11094,2023-04-26 18:30:00,0.5
11095,2023-04-26 18:45:00,4.7
11096,2023-04-26 19:00:00,0.5
11097,2023-04-26 19:15:00,1.3
11098,2023-04-26 19:30:00,3.6
11099,2023-04-26 19:45:00,1.1
11100,2023-04-26 20:00:00,0.6
11101,2023-04-26 20:15:00,1.4
11102,2023-04-26 20:30:00,0.6
11103,2023-04-26 20:45:00,0.8
11104,2023-04-26 21:00:00,6.4
11105,2023-04-26 21:15:00,0.8
11106,2023-04-26 21:30:00,11.8
11107,2023-04-26 21:45:00,11.8
11108,2023-04-26 22:00:00,11.4
11109,2023-04-26 22:15:00,11.3
11110,2023-04-26 22:30:00,11.7
11111,2023-04-26 22:45:00,14.1
11112,2023-04-26 23:00:00,15.2
11113,2023-04-26 23:15:00,0.6
11114,2023-04-26 23:30:00,1.2
11115,2023-04-26 23:45:00,0.7
11116,2023-04-27 00:00:00,2.6
11117,2023-04-27 00:15:00,4.2
11118,2023-04-27 00:30:00,14.3
11119,2023-04-27 00:45:00,14.1
11120,2023-04-27 01:00:00,14.4
11121,2023-04-27 01:15:00,14.3
11122,2023-04-27 01:30:00,14.3
11123,2023-04-27 01:45:00,14.4
11124,2023-04-27 02:00:00,13.9
11125,2023-04-27 02:15:00,13.8
11126,2023-04-27 02:30:00,14.3
11127,2023-04-27 02:45:00,9.4
11128,2023-04-27 03:00:00,3.3
11129,2023-04-27 03:15:00,3.3
11130,2023-04-27 03:30:00,3.9
11131,2023-04-27 03:45:00,3.3
11132,2023-04-27 04:00:00,3.8
11133,2023-04-27 04:15:00,3.7
11134,2023-04-27 04:30:00,3.7
11135,2023-04-27 04:45:00,9.1
11136,2023-04-27 05:00:00,3.8
11137,2023-04-27 05:15:00,3.7
11138,2023-04-27 05:30:00,3.9
11139,2023-04-27 05:45:00,3.9
11140,2023-04-27 06:00:00,3.7
11141,2023-04-27 06:15:00,3.9
11142,2023-04-27 06:30:00,4.4
11143,2023-04-27 06:45:00,3.7
11144,2023-04-27 07:00:00,3.4
11145,2023-04-27 07:15:00,4.0
11146,2023-04-27 07:30:00,3.5
11147,2023-04-27 07:45:00,3.8
11148,2023-04-27 08:00:00,4.0
11149,2023-04-27 08:15:00,3.6
11150,2023-04-27 08:30:00,6.9
11151,2023-04-27 08:45:00,3.9
11152,2023-04-27 09:00:00,3.6
11153,2023-04-27 09:15:00,3.5
11154,2023-04-27 09:30:00,3.7
11155,2023-04-27 09:45:00,3.6
11156,2023-04-27 10:00:00,3.2
11157,2023-04-27 10:15:00,1.3
11158,2023-04-27 10:30:00,0.6
11159,2023-04-27 10:45:00,0.8
11160,2023-04-27 11:00:00,0.6
11161,2023-04-27 11:15:00,1.0
11162,2023-04-27 11:30:00,7.1
11163,2023-04-27 11:45:00,3.1
11164,2023-04-27 12:00:00,1.0
11165,2023-04-27 12:15:00,1.1
11166,2023-04-27 12:30:00,0.8
11167,2023-04-27 12:45:00,1.6
11168,2023-04-27 13:00:00,1.2
11169,2023-04-27 13:15:00,4.3
11170,2023-04-27 13:30:00,7.0
11171,2023-04-27 13:45:00,0.6
11172,2023-04-27 14:00:00,1.5
11173,2023-04-27 14:15:00,1.5
11174,2023-04-27 14:30:00,1.0
11175,2023-04-27 14:45:00,3.1
11176,2023-04-27 15:00:00,1.5
11177,2023-04-27 15:15:00,2.8
11178,2023-04-27 15:30:00,0.7
11179,2023-04-27 15:45:00,1.1
11180,2023-04-27 16:00:00,3.4
11181,2023-04-27 16:15:00,1.2
11182,2023-04-27 16:30:00,1.1
11183,2023-04-27 16:45:00,0.7
11184,2023-04-27 17:00:00,1.0
11185,2023-04-27 17:15:00,1.0
11186,2023-04-27 17:30:00,1.2
11187,2023-04-27 17:45:00,2.2
11188,2023-04-27 18:00:00,0.8
11189,2023-04-27 18:15:00,1.0
11190,2023-04-27 18:30:00,1.3
11191,2023-04-27 18:45:00,1.3
11192,2023-04-27 19:00:00,7.2
11193,2023-04-27 19:15:00,1.3
11194,2023-04-27 19:30:00,1.1
11195,2023-04-27 19:45:00,1.3
11196,2023-04-27 20:00:00,1.3
11197,2023-04-27 20:15:00,0.8
11198,2023-04-27 20:30:00,2.0
11199,2023-04-27 20:45:00,0.8
11200,2023-04-27 21:00:00,1.3
11201,2023-04-27 21:15:00,1.5
11202,2023-04-27 21:30:00,11.8
11203,2023-04-27 21:45:00,12.1
11204,2023-04-27 22:00:00,11.9
11205,2023-04-27 22:15:00,11.4
11206,2023-04-27 22:30:00,16.8
11207,2023-04-27 22:45:00,20.0
11208,2023-04-27 23:00:00,13.8
11209,2023-04-27 23:15:00,13.7
11210,2023-04-27 23:30:00,11.5
11211,2023-04-27 23:45:00,11.5
11212,2023-04-28 00:00:00,11.3
11213,2023-04-28 00:15:00,14.1
11214,2023-04-28 00:30:00,20.1
11215,2023-04-28 00:45:00,14.0
11216,2023-04-28 01:00:00,14.0
11217,2023-04-28 01:15:00,14.5
11218,2023-04-28 01:30:00,13.8
11219,2023-04-28 01:45:00,14.1
11220,2023-04-28 02:00:00,14.2
11221,2023-04-28 02:15:00,19.7
11222,2023-04-28 02:30:00,13.8
11223,2023-04-28 02:45:00,13.9
11224,2023-04-28 03:00:00,14.0
11225,2023-04-28 03:15:00,3.6
11226,2023-04-28 03:30:00,3.8
11227,2023-04-28 03:45:00,3.2
11228,2023-04-28 04:00:00,3.4
11229,2023-04-28 04:15:00,4.2
11230,2023-04-28 04:30:00,3.5
11231,2023-04-28 04:45:00,3.6
11232,2023-04-28 05:00:00,3.7
11233,2023-04-28 05:15:00,3.5
11234,2023-04-28 05:30:00,4.2
11235,2023-04-28 05:45:00,3.7
11236,2023-04-28 06:00:00,3.3
11237,2023-04-28 06:15:00,3.5
11238,2023-04-28 06:30:00,3.8
11239,2023-04-28 06:45:00,3.4
11240,2023-04-28 07:00:00,3.3
11241,2023-04-28 07:15:00,3.9
11242,2023-04-28 07:30:00,3.6
11243,2023-04-28 07:45:00,3.7
11244,2023-04-28 08:00:00,4.0
11245,2023-04-28 08:15:00,3.6
11246,2023-04-28 08:30:00,3.8
11247,2023-04-28 08:45:00,4.0
11248,2023-04-28 09:00:00,3.9
11249,2023-04-28 09:15:00,3.8
11250,2023-04-28 09:30:00,7.3
11251,2023-04-28 09:45:00,3.9
11252,2023-04-28 10:00:00,1.1
11253,2023-04-28 10:15:00,1.5
11254,2023-04-28 10:30:00,1.1
11255,2023-04-28 10:45:00,0.9
11256,2023-04-28 11:00:00,1.6
11257,2023-04-28 11:15:00,1.1
11258,2023-04-28 11:30:00,1.2
11259,2023-04-28 11:45:00,4.7
11260,2023-04-28 12:00:00,4.2
11261,2023-04-28 12:15:00,1.2
11262,2023-04-28 12:30:00,1.1
11263,2023-04-28 12:45:00,1.6
11264,2023-04-28 13:00:00,1.0
11265,2023-04-28 13:15:00,1.2
11266,2023-04-28 13:30:00,1.3
11267,2023-04-28 13:45:00,3.2
11268,2023-04-28 14:00:00,1.4
11269,2023-04-28 14:15:00,1.1
11270,2023-04-28 14:30:00,1.0
11271,2023-04-28 14:45:00,4.1
11272,2023-04-28 15:00:00,1.1
11273,2023-04-28 15:15:00,4.2
11274,2023-04-28 15:30:00,3.6
11275,2023-04-28 15:45:00,1.3
11276,2023-04-28 16:00:00,0.7
11277,2023-04-28 16:15:00,1.0
11278,2023-04-28 16:30:00,1.4
11279,2023-04-28 16:45:00,1.1
11280,2023-04-28 17:00:00,1.2
11281,2023-04-28 17:15:00,3.7
11282,2023-04-28 17:30:00,3.4
11283,2023-04-28 17:45:00,4.3
11284,2023-04-28 18:00:00,3.4
11285,2023-04-28 18:15:00,11.5
11286,2023-04-28 18:30:00,11.6
11287,2023-04-28 18:45:00,11.7
11288,2023-04-28 19:00:00,12.1
11289,2023-04-28 19:15:00,13.6
11290,2023-04-28 19:30:00,11.7
11291,2023-04-28 19:45:00,12.1
11292,2023-04-28 20:00:00,11.3
11293,2023-04-28 20:15:00,12.0
11294,2023-04-28 20:30:00,11.8
11295,2023-04-28 20:45:00,11.8
11296,2023-04-28 21:00:00,11.7
11297,2023-04-28 21:15:00,1.2
11298,2023-04-28 21:30:00,0.9
11299,2023-04-28 21:45:00,1.2
11300,2023-04-28 22:00:00,0.6
11301,2023-04-28 22:15:00,6.3
11302,2023-04-28 22:30:00,11.7
11303,2023-04-28 22:45:00,14.1
11304,2023-04-28 23:00:00,11.2
11305,2023-04-28 23:15:00,11.7
11306,2023-04-28 23:30:00,14.4
11307,2023-04-28 23:45:00,11.5
11308,2023-04-29 00:00:00,14.6
11309,2023-04-29 00:15:00,14.7
11310,2023-04-29 00:30:00,14.3
11311,2023-04-29 00:45:00,3.6
11312,2023-04-29 01:00:00,4.1
11313,2023-04-29 01:15:00,9.7
11314,2023-04-29 01:30:00,4.1
11315,2023-04-29 01:45:00,4.4
11316,2023-04-29 02:00:00,4.4
11317,2023-04-29 02:15:00,4.2
11318,2023-04-29 02:30:00,4.1
11319,2023-04-29 02:45:00,4.1
11320,2023-04-29 03:00:00,3.5
11321,2023-04-29 03:15:00,3.7
11322,2023-04-29 03:30:00,4.3
11323,2023-04-29 03:45:00,3.5
11324,2023-04-29 04:00:00,7.2
11325,2023-04-29 04:15:00,3.5
11326,2023-04-29 04:30:00,3.7
11327,2023-04-29 04:45:00,3.4
11328,2023-04-29 05:00:00,3.5
11329,2023-04-29 05:15:00,6.9
11330,2023-04-29 05:30:00,7.4
11331,2023-04-29 05:45:00,4.1
11332,2023-04-29 06:00:00,3.6
11333,2023-04-29 06:15:00,3.7
11334,2023-04-29 06:30:00,4.2
11335,2023-04-29 06:45:00,3.8
11336,2023-04-29 07:00:00,3.3
11337,2023-04-29 07:15:00,3.8
11338,2023-04-29 07:30:00,3.7
11339,2023-04-29 07:45:00,3.7
11340,2023-04-29 08:00:00,6.3
11341,2023-04-29 08:15:00,6.9
11342,2023-04-29 08:30:00,3.9
11343,2023-04-29 08:45:00,3.9
11344,2023-04-29 09:00:00,5.8
11345,2023-04-29 09:15:00,3.9
11346,2023-04-29 09:30:00,3.9
11347,2023-04-29 09:45:00,3.5
11348,2023-04-29 10:00:00,3.7
11349,2023-04-29 10:15:00,3.6
11350,2023-04-29 10:30:00,0.5
11351,2023-04-29 10:45:00,1.2
11352,2023-04-29 11:00:00,0.6
11353,2023-04-29 11:15:00,1.3
11354,2023-04-29 11:30:00,0.9
11355,2023-04-29 11:45:00,1.3
11356,2023-04-29 12:00:00,3.3
11357,2023-04-29 12:15:00,4.2
11358,2023-04-29 12:30:00,0.5
11359,2023-04-29 12:45:00,3.3
11360,2023-04-29 13:00:00,15.7
11361,2023-04-29 13:15:00,14.8
11362,2023-04-29 13:30:00,13.5
11363,2023-04-29 13:45:00,13.7
11364,2023-04-29 14:00:00,14.7
11365,2023-04-29 14:15:00,13.9
11366,2023-04-29 14:30:00,17.4
11367,2023-04-29 14:45:00,33.1
11368,2023-04-29 15:00:00,33.0
11369,2023-04-29 15:15:00,29.7
11370,2023-04-29 15:30:00,28.2
11371,2023-04-29 15:45:00,34.6
11372,2023-04-29 16:00:00,32.4
11373,2023-04-29 16:15:00,27.8
11374,2023-04-29 16:30:00,27.7
11375,2023-04-29 16:45:00,28.4
11376,2023-04-29 17:00:00,29.7
11377,2023-04-29 17:15:00,28.3
11378,2023-04-29 17:30:00,35.7
11379,2023-04-29 17:45:00,29.9
11380,2023-04-29 18:00:00,33.4
11381,2023-04-29 18:15:00,30.1
11382,2023-04-29 18:30:00,29.4
11383,2023-04-29 18:45:00,33.9
11384,2023-04-29 19:00:00,28.7
11385,2023-04-29 19:15:00,29.1
11386,2023-04-29 19:30:00,34.9
11387,2023-04-29 19:45:00,30.2
11388,2023-04-29 20:00:00,28.4
11389,2023-04-29 20:15:00,29.6
11390,2023-04-29 20:30:00,31.1
11391,2023-04-29 20:45:00,20.3
11392,2023-04-29 21:00:00,22.3
11393,2023-04-29 21:15:00,20.3
11394,2023-04-29 21:30:00,18.6
11395,2023-04-29 21:45:00,19.9
11396,2023-04-29 22:00:00,17.4
11397,2023-04-29 22:15:00,19.9
11398,2023-04-29 22:30:00,19.0
11399,2023-04-29 22:45:00,20.6
11400,2023-04-29 23:00:00,19.7
11401,2023-04-29 23:15:00,16.2
11402,2023-04-29 23:30:00,20.3
11403,2023-04-29 23:45:00,19.8
11404,2023-04-30 00:00:00,17.0
11405,2023-04-30 00:15:00,20.1
11406,2023-04-30 00:30:00,22.1
11407,2023-04-30 00:45:00,18.6
11408,2023-04-30 01:00:00,15.1
11409,2023-04-30 01:15:00,15.6
11410,2023-04-30 01:30:00,15.5
11411,2023-04-30 01:45:00,15.4
11412,2023-04-30 02:00:00,15.0
11413,2023-04-30 02:15:00,14.9
11414,2023-04-30 02:30:00,15.3
11415,2023-04-30 02:45:00,14.6
11416,2023-04-30 03:00:00,15.4
11417,2023-04-30 03:15:00,4.9
11418,2023-04-30 03:30:00,4.7
11419,2023-04-30 03:45:00,5.2
11420,2023-04-30 04:00:00,4.3
11421,2023-04-30 04:15:00,3.9
11422,2023-04-30 04:30:00,4.7
11423,2023-04-30 04:45:00,4.1
11424,2023-04-30 05:00:00,5.5
11425,2023-04-30 05:15:00,7.9
11426,2023-04-30 05:30:00,4.2
11427,2023-04-30 05:45:00,4.0
11428,2023-04-30 06:00:00,4.4
11429,2023-04-30 06:15:00,5.3
11430,2023-04-30 06:30:00,4.2
11431,2023-04-30 06:45:00,5.2
11432,2023-04-30 07:00:00,4.4
11433,2023-04-30 07:15:00,4.4
11434,2023-04-30 07:30:00,4.6
11435,2023-04-30 07:45:00,4.0
11436,2023-04-30 08:00:00,3.8
11437,2023-04-30 08:15:00,5.4
11438,2023-04-30 08:30:00,4.4
11439,2023-04-30 08:45:00,3.8
11440,2023-04-30 09:00:00,5.9
11441,2023-04-30 09:15:00,4.7
11442,2023-04-30 09:30:00,8.9
11443,2023-04-30 09:45:00,4.6
11444,2023-04-30 10:00:00,4.9
11445,2023-04-30 10:15:00,4.0
11446,2023-04-30 10:30:00,2.8
11447,2023-04-30 10:45:00,2.2
11448,2023-04-30 11:00:00,1.5
11449,2023-04-30 11:15:00,5.1
11450,2023-04-30 11:30:00,5.3
11451,2023-04-30 11:45:00,1.9
11452,2023-04-30 12:00:00,3.0
11453,2023-04-30 12:15:00,2.0
11454,2023-04-30 12:30:00,1.6
11455,2023-04-30 12:45:00,2.2
11456,2023-04-30 13:00:00,4.1
11457,2023-04-30 13:15:00,9.5
11458,2023-04-30 13:30:00,2.2
11459,2023-04-30 13:45:00,4.3
11460,2023-04-30 14:00:00,2.0
11461,2023-04-30 14:15:00,3.8
11462,2023-04-30 14:30:00,4.3
11463,2023-04-30 14:45:00,4.4
11464,2023-04-30 15:00:00,2.9
11465,2023-04-30 15:15:00,2.7
11466,2023-04-30 15:30:00,2.4
11467,2023-04-30 15:45:00,1.9
11468,2023-04-30 16:00:00,2.7
11469,2023-04-30 16:15:00,1.6
11470,2023-04-30 16:30:00,2.1
11471,2023-04-30 16:45:00,2.8
11472,2023-04-30 17:00:00,7.3
11473,2023-04-30 17:15:00,7.5
11474,2023-04-30 17:30:00,4.6
11475,2023-04-30 17:45:00,2.2
11476,2023-04-30 18:00:00,3.1
11477,2023-04-30 18:15:00,5.2
11478,2023-04-30 18:30:00,2.2
11479,2023-04-30 18:45:00,2.2
11480,2023-04-30 19:00:00,4.6
11481,2023-04-30 19:15:00,2.2
11482,2023-04-30 19:30:00,2.2
11483,2023-04-30 19:45:00,1.7
11484,2023-04-30 20:00:00,1.7
11485,2023-04-30 20:15:00,4.1
11486,2023-04-30 20:30:00,1.2
11487,2023-04-30 20:45:00,1.6
11488,2023-04-30 21:00:00,1.8
11489,2023-04-30 21:15:00,2.0
11490,2023-04-30 21:30:00,2.0
11491,2023-04-30 21:45:00,1.5
11492,2023-04-30 22:00:00,2.0
11493,2023-04-30 22:15:00,1.7
11494,2023-04-30 22:30:00,2.4
11495,2023-04-30 22:45:00,1.3
11496,2023-04-30 23:00:00,2.1
11497,2023-04-30 23:15:00,1.7
11498,2023-04-30 23:30:00,1.5
11499,2023-04-30 23:45:00,3.5
11500,2023-05-01 00:00:00,8.3
11501,2023-05-01 00:15:00,4.0
11502,2023-05-01 00:30:00,5.8
11503,2023-05-01 00:45:00,4.4
11504,2023-05-01 01:00:00,7.4
11505,2023-05-01 01:15:00,5.1
11506,2023-05-01 01:30:00,4.6
11507,2023-05-01 01:45:00,4.6
11508,2023-05-01 02:00:00,4.2
11509,2023-05-01 02:15:00,5.7
11510,2023-05-01 02:30:00,4.8
11511,2023-05-01 02:45:00,5.1
11512,2023-05-01 03:00:00,4.9
11513,2023-05-01 03:15:00,4.3
11514,2023-05-01 03:30:00,5.1
11515,2023-05-01 03:45:00,5.0
11516,2023-05-01 04:00:00,3.9
11517,2023-05-01 04:15:00,5.6
11518,2023-05-01 04:30:00,4.6
11519,2023-05-01 04:45:00,7.6
11520,2023-05-01 05:00:00,4.5
11521,2023-05-01 05:15:00,5.0
11522,2023-05-01 05:30:00,4.6
11523,2023-05-01 05:45:00,4.5
11524,2023-05-01 06:00:00,4.8
11525,2023-05-01 06:15:00,4.4
11526,2023-05-01 06:30:00,4.1
11527,2023-05-01 06:45:00,5.2
11528,2023-05-01 07:00:00,4.5
11529,2023-05-01 07:15:00,4.3
11530,2023-05-01 07:30:00,4.3
11531,2023-05-01 07:45:00,4.3
11532,2023-05-01 08:00:00,4.7
11533,2023-05-01 08:15:00,4.4
11534,2023-05-01 08:30:00,4.9
11535,2023-05-01 08:45:00,4.3
11536,2023-05-01 09:00:00,4.7
11537,2023-05-01 09:15:00,8.3
11538,2023-05-01 09:30:00,4.0
11539,2023-05-01 09:45:00,4.1
11540,2023-05-01 10:00:00,4.7
11541,2023-05-01 10:15:00,1.3
11542,2023-05-01 10:30:00,1.6
11543,2023-05-01 10:45:00,2.2
11544,2023-05-01 11:00:00,5.0
11545,2023-05-01 11:15:00,1.7
11546,2023-05-01 11:30:00,1.8
11547,2023-05-01 11:45:00,1.9
11548,2023-05-01 12:00:00,1.9
11549,2023-05-01 12:15:00,1.6
11550,2023-05-01 12:30:00,1.7
11551,2023-05-01 12:45:00,1.6
11552,2023-05-01 13:00:00,1.6
11553,2023-05-01 13:15:00,2.0
11554,2023-05-01 13:30:00,1.4
11555,2023-05-01 13:45:00,4.6
11556,2023-05-01 14:00:00,2.8
11557,2023-05-01 14:15:00,4.8
11558,2023-05-01 14:30:00,1.6
11559,2023-05-01 14:45:00,4.4
11560,2023-05-01 15:00:00,1.2
11561,2023-05-01 15:15:00,7.4
11562,2023-05-01 15:30:00,5.3
11563,2023-05-01 15:45:00,5.0
11564,2023-05-01 16:00:00,5.8
11565,2023-05-01 16:15:00,4.5
11566,2023-05-01 16:30:00,5.4
11567,2023-05-01 16:45:00,5.2
11568,2023-05-01 17:00:00,5.4
11569,2023-05-01 17:15:00,5.1
11570,2023-05-01 17:30:00,5.7
11571,2023-05-01 17:45:00,5.9
11572,2023-05-01 18:00:00,7.3
11573,2023-05-01 18:15:00,5.5
11574,2023-05-01 18:30:00,7.4
11575,2023-05-01 18:45:00,5.2
11576,2023-05-01 19:00:00,5.6
11577,2023-05-01 19:15:00,4.6
11578,2023-05-01 19:30:00,4.9
11579,2023-05-01 19:45:00,6.0
11580,2023-05-01 20:00:00,5.9
11581,2023-05-01 20:15:00,6.0
11582,2023-05-01 20:30:00,4.9
11583,2023-05-01 20:45:00,4.6
11584,2023-05-01 21:00:00,4.9
11585,2023-05-01 21:15:00,5.0
11586,2023-05-01 21:30:00,4.7
11587,2023-05-01 21:45:00,5.6
11588,2023-05-01 22:00:00,2.1
11589,2023-05-01 22:15:00,1.7
11590,2023-05-01 22:30:00,2.1
11591,2023-05-01 22:45:00,4.9
11592,2023-05-01 23:00:00,5.8
11593,2023-05-01 23:15:00,2.1
11594,2023-05-01 23:30:00,2.5
11595,2023-05-01 23:45:00,1.5
11596,2023-05-02 00:00:00,3.6
11597,2023-05-02 00:15:00,4.5
11598,2023-05-02 00:30:00,8.9
11599,2023-05-02 00:45:00,7.3
11600,2023-05-02 01:00:00,4.4
11601,2023-05-02 01:15:00,5.0
11602,2023-05-02 01:30:00,4.7
11603,2023-05-02 01:45:00,5.0
11604,2023-05-02 02:00:00,4.3
11605,2023-05-02 02:15:00,7.5
11606,2023-05-02 02:30:00,4.8
11607,2023-05-02 02:45:00,3.9
11608,2023-05-02 03:00:00,4.2
11609,2023-05-02 03:15:00,5.7
11610,2023-05-02 03:30:00,3.8
11611,2023-05-02 03:45:00,7.7
11612,2023-05-02 04:00:00,4.8
11613,2023-05-02 04:15:00,4.3
11614,2023-05-02 04:30:00,4.9
11615,2023-05-02 04:45:00,4.6
11616,2023-05-02 05:00:00,4.2
11617,2023-05-02 05:15:00,4.7
11618,2023-05-02 05:30:00,4.3
11619,2023-05-02 05:45:00,4.3
11620,2023-05-02 06:00:00,4.8
11621,2023-05-02 06:15:00,4.3
11622,2023-05-02 06:30:00,4.2
11623,2023-05-02 06:45:00,4.4
11624,2023-05-02 07:00:00,4.7
11625,2023-05-02 07:15:00,5.0
11626,2023-05-02 07:30:00,4.7
11627,2023-05-02 07:45:00,5.1
11628,2023-05-02 08:00:00,4.6
11629,2023-05-02 08:15:00,3.9
11630,2023-05-02 08:30:00,4.5
11631,2023-05-02 08:45:00,4.5
11632,2023-05-02 09:00:00,7.3
11633,2023-05-02 09:15:00,4.6
11634,2023-05-02 09:30:00,4.1
11635,2023-05-02 09:45:00,3.9
11636,2023-05-02 10:00:00,2.0
11637,2023-05-02 10:15:00,2.0
11638,2023-05-02 10:30:00,4.4
11639,2023-05-02 10:45:00,2.0
11640,2023-05-02 11:00:00,1.4
11641,2023-05-02 11:15:00,1.6
11642,2023-05-02 11:30:00,1.6
11643,2023-05-02 11:45:00,1.8
11644,2023-05-02 12:00:00,2.6
11645,2023-05-02 12:15:00,2.4
11646,2023-05-02 12:30:00,2.2
11647,2023-05-02 12:45:00,1.9
11648,2023-05-02 13:00:00,1.5
11649,2023-05-02 13:15:00,2.0
11650,2023-05-02 13:30:00,7.8
11651,2023-05-02 13:45:00,2.0
11652,2023-05-02 14:00:00,2.4
11653,2023-05-02 14:15:00,2.7
11654,2023-05-02 14:30:00,1.8
11655,2023-05-02 14:45:00,1.9
11656,2023-05-02 15:00:00,2.5
11657,2023-05-02 15:15:00,2.0
11658,2023-05-02 15:30:00,3.1
11659,2023-05-02 15:45:00,2.9
11660,2023-05-02 16:00:00,3.0
11661,2023-05-02 16:15:00,2.6
11662,2023-05-02 16:30:00,7.8
11663,2023-05-02 16:45:00,2.5
11664,2023-05-02 17:00:00,2.0
11665,2023-05-02 17:15:00,2.4
11666,2023-05-02 17:30:00,2.5
11667,2023-05-02 17:45:00,2.4
11668,2023-05-02 18:00:00,2.7
11669,2023-05-02 18:15:00,2.9
11670,2023-05-02 18:30:00,2.3
11671,2023-05-02 18:45:00,2.7
11672,2023-05-02 19:00:00,2.9
11673,2023-05-02 19:15:00,2.6
11674,2023-05-02 19:30:00,2.2
11675,2023-05-02 19:45:00,3.3
11676,2023-05-02 20:00:00,5.8
11677,2023-05-02 20:15:00,5.1
11678,2023-05-02 20:30:00,5.6
11679,2023-05-02 20:45:00,12.5
11680,2023-05-02 21:00:00,13.3
11681,2023-05-02 21:15:00,13.2
11682,2023-05-02 21:30:00,12.7
11683,2023-05-02 21:45:00,12.8
11684,2023-05-02 22:00:00,13.5
11685,2023-05-02 22:15:00,15.3
11686,2023-05-02 22:30:00,12.2
11687,2023-05-02 22:45:00,11.8
11688,2023-05-02 23:00:00,13.2
11689,2023-05-02 23:15:00,2.2
11690,2023-05-02 23:30:00,1.5
11691,2023-05-02 23:45:00,2.4
11692,2023-05-03 00:00:00,2.0
11693,2023-05-03 00:15:00,4.3
11694,2023-05-03 00:30:00,17.7
11695,2023-05-03 00:45:00,20.9
11696,2023-05-03 01:00:00,14.8
11697,2023-05-03 01:15:00,15.9
11698,2023-05-03 01:30:00,14.3
11699,2023-05-03 01:45:00,18.4
11700,2023-05-03 02:00:00,15.0
11701,2023-05-03 02:15:00,14.6
11702,2023-05-03 02:30:00,14.8
11703,2023-05-03 02:45:00,4.6
11704,2023-05-03 03:00:00,14.8
11705,2023-05-03 03:15:00,14.7
11706,2023-05-03 03:30:00,14.8
11707,2023-05-03 03:45:00,15.6
11708,2023-05-03 04:00:00,18.3
11709,2023-05-03 04:15:00,14.7
11710,2023-05-03 04:30:00,15.2
11711,2023-05-03 04:45:00,14.7
11712,2023-05-03 05:00:00,14.2
11713,2023-05-03 05:15:00,14.9
11714,2023-05-03 05:30:00,15.1
11715,2023-05-03 05:45:00,14.4
11716,2023-05-03 06:00:00,14.9
11717,2023-05-03 06:15:00,18.8
11718,2023-05-03 06:30:00,14.7
11719,2023-05-03 06:45:00,15.1
11720,2023-05-03 07:00:00,15.0
11721,2023-05-03 07:15:00,15.1
11722,2023-05-03 07:30:00,14.6
11723,2023-05-03 07:45:00,14.5
11724,2023-05-03 08:00:00,15.2
11725,2023-05-03 08:15:00,14.9
11726,2023-05-03 08:30:00,14.6
11727,2023-05-03 08:45:00,14.7
11728,2023-05-03 09:00:00,15.0
11729,2023-05-03 09:15:00,14.9
11730,2023-05-03 09:30:00,14.8
11731,2023-05-03 09:45:00,15.2
11732,2023-05-03 10:00:00,18.6
11733,2023-05-03 10:15:00,15.2
11734,2023-05-03 10:30:00,12.1
11735,2023-05-03 10:45:00,12.2
11736,2023-05-03 11:00:00,12.2
11737,2023-05-03 11:15:00,12.1
11738,2023-05-03 11:30:00,12.1
11739,2023-05-03 11:45:00,11.8
11740,2023-05-03 12:00:00,12.9
11741,2023-05-03 12:15:00,12.5
11742,2023-05-03 12:30:00,12.7
11743,2023-05-03 12:45:00,12.6
11744,2023-05-03 13:00:00,12.4
11745,2023-05-03 13:15:00,13.0
11746,2023-05-03 13:30:00,12.4
11747,2023-05-03 13:45:00,12.3
11748,2023-05-03 14:00:00,12.4
11749,2023-05-03 14:15:00,12.3
11750,2023-05-03 14:30:00,12.1
11751,2023-05-03 14:45:00,12.9
11752,2023-05-03 15:00:00,18.5
11753,2023-05-03 15:15:00,18.5
11754,2023-05-03 15:30:00,12.2
11755,2023-05-03 15:45:00,13.7
11756,2023-05-03 16:00:00,12.3
11757,2023-05-03 16:15:00,12.0
11758,2023-05-03 16:30:00,13.3
11759,2023-05-03 16:45:00,12.4
11760,2023-05-03 17:00:00,12.5
11761,2023-05-03 17:15:00,12.0
11762,2023-05-03 17:30:00,15.6
11763,2023-05-03 17:45:00,13.0
11764,2023-05-03 18:00:00,15.3
11765,2023-05-03 18:15:00,13.0
11766,2023-05-03 18:30:00,16.1
11767,2023-05-03 18:45:00,13.8
11768,2023-05-03 19:00:00,13.3
11769,2023-05-03 19:15:00,11.5
11770,2023-05-03 19:30:00,12.5
11771,2023-05-03 19:45:00,12.7
11772,2023-05-03 20:00:00,12.3
11773,2023-05-03 20:15:00,12.9
11774,2023-05-03 20:30:00,12.7
11775,2023-05-03 20:45:00,11.7
11776,2023-05-03 21:00:00,11.8
11777,2023-05-03 21:15:00,11.8
11778,2023-05-03 21:30:00,13.0
11779,2023-05-03 21:45:00,13.7
11780,2023-05-03 22:00:00,12.4
11781,2023-05-03 22:15:00,11.4
11782,2023-05-03 22:30:00,11.5
11783,2023-05-03 22:45:00,12.4
11784,2023-05-03 23:00:00,12.3
11785,2023-05-03 23:15:00,2.0
11786,2023-05-03 23:30:00,2.8
11787,2023-05-03 23:45:00,2.9
11788,2023-05-04 00:00:00,2.4
11789,2023-05-04 00:15:00,4.5
11790,2023-05-04 00:30:00,4.6
11791,2023-05-04 00:45:00,5.0
11792,2023-05-04 01:00:00,5.2
11793,2023-05-04 01:15:00,4.3
11794,2023-05-04 01:30:00,4.1
11795,2023-05-04 01:45:00,4.6
11796,2023-05-04 02:00:00,7.6
11797,2023-05-04 02:15:00,8.1
11798,2023-05-04 02:30:00,3.8
11799,2023-05-04 02:45:00,4.9
11800,2023-05-04 03:00:00,4.2
11801,2023-05-04 03:15:00,3.8
11802,2023-05-04 03:30:00,7.7
11803,2023-05-04 03:45:00,9.9
11804,2023-05-04 04:00:00,4.6
11805,2023-05-04 04:15:00,7.7
11806,2023-05-04 04:30:00,4.1
11807,2023-05-04 04:45:00,4.1
11808,2023-05-04 05:00:00,4.3
11809,2023-05-04 05:15:00,4.5
11810,2023-05-04 05:30:00,4.8
11811,2023-05-04 05:45:00,4.9
11812,2023-05-04 06:00:00,4.2
11813,2023-05-04 06:15:00,4.6
11814,2023-05-04 06:30:00,4.8
11815,2023-05-04 06:45:00,4.3
11816,2023-05-04 07:00:00,5.2
11817,2023-05-04 07:15:00,5.9
11818,2023-05-04 07:30:00,4.2
11819,2023-05-04 07:45:00,5.1
11820,2023-05-04 08:00:00,4.4
11821,2023-05-04 08:15:00,3.9
11822,2023-05-04 08:30:00,4.5
11823,2023-05-04 08:45:00,3.8
11824,2023-05-04 09:00:00,4.5
11825,2023-05-04 09:15:00,4.1
11826,2023-05-04 09:30:00,4.1
11827,2023-05-04 09:45:00,3.7
11828,2023-05-04 10:00:00,4.5
11829,2023-05-04 10:15:00,2.0
11830,2023-05-04 10:30:00,2.4
11831,2023-05-04 10:45:00,2.3
11832,2023-05-04 11:00:00,1.7
11833,2023-05-04 11:15:00,1.8
11834,2023-05-04 11:30:00,1.3
11835,2023-05-04 11:45:00,1.7
11836,2023-05-04 12:00:00,2.5
11837,2023-05-04 12:15:00,2.2
11838,2023-05-04 12:30:00,2.1
11839,2023-05-04 12:45:00,2.5
11840,2023-05-04 13:00:00,2.1
11841,2023-05-04 13:15:00,2.7
11842,2023-05-04 13:30:00,2.5
11843,2023-05-04 13:45:00,2.0
11844,2023-05-04 14:00:00,1.7
11845,2023-05-04 14:15:00,2.5
11846,2023-05-04 14:30:00,1.7
11847,2023-05-04 14:45:00,3.8
11848,2023-05-04 15:00:00,2.7
11849,2023-05-04 15:15:00,1.7
11850,2023-05-04 15:30:00,1.7
11851,2023-05-04 15:45:00,2.2
11852,2023-05-04 16:00:00,5.4
11853,2023-05-04 16:15:00,5.5
11854,2023-05-04 16:30:00,2.0
11855,2023-05-04 16:45:00,3.1
11856,2023-05-04 17:00:00,1.4
11857,2023-05-04 17:15:00,2.2
11858,2023-05-04 17:30:00,2.2
11859,2023-05-04 17:45:00,1.6
11860,2023-05-04 18:00:00,1.4
11861,2023-05-04 18:15:00,2.7
11862,2023-05-04 18:30:00,2.2
11863,2023-05-04 18:45:00,1.8
11864,2023-05-04 19:00:00,3.0
11865,2023-05-04 19:15:00,2.8
11866,2023-05-04 19:30:00,2.0
11867,2023-05-04 19:45:00,1.9
11868,2023-05-04 20:00:00,2.2
11869,2023-05-04 20:15:00,4.1
11870,2023-05-04 20:30:00,1.8
11871,2023-05-04 20:45:00,2.3
11872,2023-05-04 21:00:00,1.4
11873,2023-05-04 21:15:00,2.9
11874,2023-05-04 21:30:00,2.0
11875,2023-05-04 21:45:00,2.1
11876,2023-05-04 22:00:00,3.0
11877,2023-05-04 22:15:00,1.6
11878,2023-05-04 22:30:00,2.8
11879,2023-05-04 22:45:00,2.6
11880,2023-05-04 23:00:00,2.3
11881,2023-05-04 23:15:00,1.7
11882,2023-05-04 23:30:00,2.4
11883,2023-05-04 23:45:00,2.1
11884,2023-05-05 00:00:00,1.7
11885,2023-05-05 00:15:00,1.5
11886,2023-05-05 00:30:00,15.3
11887,2023-05-05 00:45:00,17.1
11888,2023-05-05 01:00:00,15.2
11889,2023-05-05 01:15:00,15.4
11890,2023-05-05 01:30:00,14.9
11891,2023-05-05 01:45:00,14.8
11892,2023-05-05 02:00:00,15.3
11893,2023-05-05 02:15:00,20.5
11894,2023-05-05 02:30:00,18.7
11895,2023-05-05 02:45:00,18.2
11896,2023-05-05 03:00:00,14.5
11897,2023-05-05 03:15:00,3.9
11898,2023-05-05 03:30:00,4.3
11899,2023-05-05 03:45:00,3.9
11900,2023-05-05 04:00:00,7.6
11901,2023-05-05 04:15:00,4.0
11902,2023-05-05 04:30:00,4.3
11903,2023-05-05 04:45:00,5.0
11904,2023-05-05 05:00:00,4.3
11905,2023-05-05 05:15:00,3.9
11906,2023-05-05 05:30:00,4.7
11907,2023-05-05 05:45:00,3.7
11908,2023-05-05 06:00:00,4.1
11909,2023-05-05 06:15:00,3.8
11910,2023-05-05 06:30:00,3.9
11911,2023-05-05 06:45:00,4.0
11912,2023-05-05 07:00:00,4.0
11913,2023-05-05 07:15:00,4.0
11914,2023-05-05 07:30:00,4.8
11915,2023-05-05 07:45:00,4.1
11916,2023-05-05 08:00:00,4.1
11917,2023-05-05 08:15:00,4.7
11918,2023-05-05 08:30:00,3.8
11919,2023-05-05 08:45:00,10.2
11920,2023-05-05 09:00:00,4.9
11921,2023-05-05 09:15:00,4.9
11922,2023-05-05 09:30:00,3.7
11923,2023-05-05 09:45:00,6.5
11924,2023-05-05 10:00:00,5.1
11925,2023-05-05 10:15:00,4.3
11926,2023-05-05 10:30:00,4.3
11927,2023-05-05 10:45:00,5.3
11928,2023-05-05 11:00:00,2.3
11929,2023-05-05 11:15:00,2.5
11930,2023-05-05 11:30:00,2.2
11931,2023-05-05 11:45:00,1.7
11932,2023-05-05 12:00:00,2.0
11933,2023-05-05 12:15:00,2.1
11934,2023-05-05 12:30:00,2.0
11935,2023-05-05 12:45:00,2.0
11936,2023-05-05 13:00:00,4.4
11937,2023-05-05 13:15:00,2.5
11938,2023-05-05 13:30:00,2.4
11939,2023-05-05 13:45:00,1.4
11940,2023-05-05 14:00:00,3.8
11941,2023-05-05 14:15:00,2.2
11942,2023-05-05 14:30:00,1.8
11943,2023-05-05 14:45:00,2.2
11944,2023-05-05 15:00:00,1.9
11945,2023-05-05 15:15:00,3.2
11946,2023-05-05 15:30:00,5.2
11947,2023-05-05 15:45:00,1.3
11948,2023-05-05 16:00:00,2.2
11949,2023-05-05 16:15:00,1.6
11950,2023-05-05 16:30:00,5.5
11951,2023-05-05 16:45:00,2.6
11952,2023-05-05 17:00:00,4.5
11953,2023-05-05 17:15:00,2.8
11954,2023-05-05 17:30:00,6.0
11955,2023-05-05 17:45:00,3.0
11956,2023-05-05 18:00:00,1.1
11957,2023-05-05 18:15:00,3.2
11958,2023-05-05 18:30:00,2.3
11959,2023-05-05 18:45:00,1.1
11960,2023-05-05 19:00:00,3.2
11961,2023-05-05 19:15:00,2.3
11962,2023-05-05 19:30:00,2.1
11963,2023-05-05 19:45:00,1.9
11964,2023-05-05 20:00:00,2.2
11965,2023-05-05 20:15:00,2.3
11966,2023-05-05 20:30:00,6.0
11967,2023-05-05 20:45:00,3.1
11968,2023-05-05 21:00:00,2.1
11969,2023-05-05 21:15:00,2.4
11970,2023-05-05 21:30:00,8.0
11971,2023-05-05 21:45:00,1.8
11972,2023-05-05 22:00:00,2.7
11973,2023-05-05 22:15:00,2.7
11974,2023-05-05 22:30:00,2.9
11975,2023-05-05 22:45:00,4.3
11976,2023-05-05 23:00:00,3.4
11977,2023-05-05 23:15:00,1.8
11978,2023-05-05 23:30:00,2.9
11979,2023-05-05 23:45:00,2.7
11980,2023-05-06 00:00:00,5.1
11981,2023-05-06 00:15:00,1.9
11982,2023-05-06 00:30:00,5.6
11983,2023-05-06 00:45:00,4.2
11984,2023-05-06 01:00:00,4.6
11985,2023-05-06 01:15:00,4.7
11986,2023-05-06 01:30:00,4.4
11987,2023-05-06 01:45:00,7.8
11988,2023-05-06 02:00:00,5.3
11989,2023-05-06 02:15:00,3.7
11990,2023-05-06 02:30:00,5.1
11991,2023-05-06 02:45:00,5.5
11992,2023-05-06 03:00:00,4.5
11993,2023-05-06 03:15:00,5.2
11994,2023-05-06 03:30:00,4.1
11995,2023-05-06 03:45:00,4.5
11996,2023-05-06 04:00:00,8.2
11997,2023-05-06 04:15:00,4.7
11998,2023-05-06 04:30:00,4.0
11999,2023-05-06 04:45:00,4.9
12000,2023-05-06 05:00:00,4.7
12001,2023-05-06 05:15:00,4.2
12002,2023-05-06 05:30:00,4.2
12003,2023-05-06 05:45:00,4.8
12004,2023-05-06 06:00:00,4.6
12005,2023-05-06 06:15:00,4.6
12006,2023-05-06 06:30:00,4.2
12007,2023-05-06 06:45:00,4.1
12008,2023-05-06 07:00:00,5.0
12009,2023-05-06 07:15:00,4.3
12010,2023-05-06 07:30:00,3.7
12011,2023-05-06 07:45:00,5.2
12012,2023-05-06 08:00:00,4.3
12013,2023-05-06 08:15:00,4.3
12014,2023-05-06 08:30:00,4.2
12015,2023-05-06 08:45:00,4.6
12016,2023-05-06 09:00:00,5.1
12017,2023-05-06 09:15:00,4.4
12018,2023-05-06 09:30:00,4.0
12019,2023-05-06 09:45:00,3.0
12020,2023-05-06 10:00:00,2.0
12021,2023-05-06 10:15:00,1.7
12022,2023-05-06 10:30:00,2.5
12023,2023-05-06 10:45:00,7.2
12024,2023-05-06 11:00:00,1.5
12025,2023-05-06 11:15:00,1.9
12026,2023-05-06 11:30:00,1.7
12027,2023-05-06 11:45:00,1.7
12028,2023-05-06 12:00:00,2.7
12029,2023-05-06 12:15:00,1.4
12030,2023-05-06 12:30:00,4.4
12031,2023-05-06 12:45:00,3.2
12032,2023-05-06 13:00:00,2.1
12033,2023-05-06 13:15:00,2.8
12034,2023-05-06 13:30:00,1.9
12035,2023-05-06 13:45:00,2.5
12036,2023-05-06 14:00:00,2.7
12037,2023-05-06 14:15:00,2.1
12038,2023-05-06 14:30:00,2.2
12039,2023-05-06 14:45:00,1.8
12040,2023-05-06 15:00:00,5.3
12041,2023-05-06 15:15:00,2.0
12042,2023-05-06 15:30:00,6.4
12043,2023-05-06 15:45:00,5.0
12044,2023-05-06 16:00:00,2.0
12045,2023-05-06 16:15:00,1.8
12046,2023-05-06 16:30:00,1.7
12047,2023-05-06 16:45:00,3.5
12048,2023-05-06 17:00:00,2.0
12049,2023-05-06 17:15:00,2.1
12050,2023-05-06 17:30:00,2.1
12051,2023-05-06 17:45:00,2.0
12052,2023-05-06 18:00:00,5.2
12053,2023-05-06 18:15:00,2.8
12054,2023-05-06 18:30:00,3.6
12055,2023-05-06 18:45:00,2.9
12056,2023-05-06 19:00:00,3.0
12057,2023-05-06 19:15:00,2.9
12058,2023-05-06 19:30:00,2.4
12059,2023-05-06 19:45:00,2.4
12060,2023-05-06 20:00:00,2.7
12061,2023-05-06 20:15:00,2.5
12062,2023-05-06 20:30:00,2.5
12063,2023-05-06 20:45:00,2.9
12064,2023-05-06 21:00:00,1.4
12065,2023-05-06 21:15:00,3.9
12066,2023-05-06 21:30:00,2.8
12067,2023-05-06 21:45:00,2.2
12068,2023-05-06 22:00:00,4.1
12069,2023-05-06 22:15:00,4.8
12070,2023-05-06 22:30:00,2.7
12071,2023-05-06 22:45:00,2.3
12072,2023-05-06 23:00:00,1.8
12073,2023-05-06 23:15:00,2.0
12074,2023-05-06 23:30:00,2.3
12075,2023-05-06 23:45:00,2.9
12076,2023-05-07 00:00:00,2.8
12077,2023-05-07 00:15:00,2.8
12078,2023-05-07 00:30:00,5.1
12079,2023-05-07 00:45:00,4.1
12080,2023-05-07 01:00:00,4.6
12081,2023-05-07 01:15:00,5.2
12082,2023-05-07 01:30:00,4.9
12083,2023-05-07 01:45:00,4.3
12084,2023-05-07 02:00:00,5.0
12085,2023-05-07 02:15:00,7.8
12086,2023-05-07 02:30:00,5.1
12087,2023-05-07 02:45:00,5.0
12088,2023-05-07 03:00:00,4.3
12089,2023-05-07 03:15:00,4.5
12090,2023-05-07 03:30:00,4.9
12091,2023-05-07 03:45:00,4.4
12092,2023-05-07 04:00:00,4.3
12093,2023-05-07 04:15:00,5.4
12094,2023-05-07 04:30:00,4.1
12095,2023-05-07 04:45:00,4.4
12096,2023-05-07 05:00:00,4.5
12097,2023-05-07 05:15:00,4.8
12098,2023-05-07 05:30:00,4.5
12099,2023-05-07 05:45:00,8.7
12100,2023-05-07 06:00:00,8.1
12101,2023-05-07 06:15:00,4.9
12102,2023-05-07 06:30:00,6.3
12103,2023-05-07 06:45:00,4.5
12104,2023-05-07 07:00:00,4.1
12105,2023-05-07 07:15:00,5.2
12106,2023-05-07 07:30:00,4.2
12107,2023-05-07 07:45:00,4.9
12108,2023-05-07 08:00:00,4.2
12109,2023-05-07 08:15:00,3.8
12110,2023-05-07 08:30:00,5.0
12111,2023-05-07 08:45:00,4.8
12112,2023-05-07 09:00:00,4.3
12113,2023-05-07 09:15:00,4.8
12114,2023-05-07 09:30:00,4.5
12115,2023-05-07 09:45:00,6.0
12116,2023-05-07 10:00:00,1.4
12117,2023-05-07 10:15:00,1.3
12118,2023-05-07 10:30:00,2.3
12119,2023-05-07 10:45:00,1.4
12120,2023-05-07 11:00:00,1.6
12121,2023-05-07 11:15:00,2.6
12122,2023-05-07 11:30:00,1.8
12123,2023-05-07 11:45:00,2.6
12124,2023-05-07 12:00:00,3.0
12125,2023-05-07 12:15:00,2.7
12126,2023-05-07 12:30:00,2.1
12127,2023-05-07 12:45:00,4.5
12128,2023-05-07 13:00:00,2.4
12129,2023-05-07 13:15:00,2.5
12130,2023-05-07 13:30:00,5.1
12131,2023-05-07 13:45:00,1.6
12132,2023-05-07 14:00:00,2.5
12133,2023-05-07 14:15:00,2.1
12134,2023-05-07 14:30:00,2.0
12135,2023-05-07 14:45:00,4.7
12136,2023-05-07 15:00:00,7.6
12137,2023-05-07 15:15:00,6.6
12138,2023-05-07 15:30:00,2.7
12139,2023-05-07 15:45:00,1.9
12140,2023-05-07 16:00:00,2.6
12141,2023-05-07 16:15:00,4.1
12142,2023-05-07 16:30:00,2.7
12143,2023-05-07 16:45:00,2.2
12144,2023-05-07 17:00:00,2.9
12145,2023-05-07 17:15:00,2.5
12146,2023-05-07 17:30:00,3.1
12147,2023-05-07 17:45:00,6.4
12148,2023-05-07 18:00:00,6.2
12149,2023-05-07 18:15:00,3.1
12150,2023-05-07 18:30:00,5.4
12151,2023-05-07 18:45:00,3.2
12152,2023-05-07 19:00:00,3.9
12153,2023-05-07 19:15:00,5.3
12154,2023-05-07 19:30:00,3.3
12155,2023-05-07 19:45:00,6.1
12156,2023-05-07 20:00:00,5.3
12157,2023-05-07 20:15:00,5.3
12158,2023-05-07 20:30:00,2.1
12159,2023-05-07 20:45:00,5.9
12160,2023-05-07 21:00:00,3.9
12161,2023-05-07 21:15:00,2.9
12162,2023-05-07 21:30:00,3.8
12163,2023-05-07 21:45:00,1.6
12164,2023-05-07 22:00:00,2.1
12165,2023-05-07 22:15:00,4.2
12166,2023-05-07 22:30:00,5.6
12167,2023-05-07 22:45:00,7.2
12168,2023-05-07 23:00:00,3.3
12169,2023-05-07 23:15:00,2.6
12170,2023-05-07 23:30:00,2.3
12171,2023-05-07 23:45:00,3.3
12172,2023-05-08 00:00:00,2.4
12173,2023-05-08 00:15:00,5.5
12174,2023-05-08 00:30:00,4.9
12175,2023-05-08 00:45:00,4.8
12176,2023-05-08 01:00:00,4.9
12177,2023-05-08 01:15:00,5.5
12178,2023-05-08 01:30:00,4.7
12179,2023-05-08 01:45:00,5.3
12180,2023-05-08 02:00:00,5.5
12181,2023-05-08 02:15:00,5.5
12182,2023-05-08 02:30:00,4.5
12183,2023-05-08 02:45:00,6.6
12184,2023-05-08 03:00:00,4.8
12185,2023-05-08 03:15:00,5.0
12186,2023-05-08 03:30:00,5.3
12187,2023-05-08 03:45:00,5.7
12188,2023-05-08 04:00:00,4.4
12189,2023-05-08 04:15:00,5.9
12190,2023-05-08 04:30:00,5.2
12191,2023-05-08 04:45:00,5.1
12192,2023-05-08 05:00:00,5.0
12193,2023-05-08 05:15:00,4.8
12194,2023-05-08 05:30:00,8.7
12195,2023-05-08 05:45:00,5.8
12196,2023-05-08 06:00:00,4.7
12197,2023-05-08 06:15:00,5.3
12198,2023-05-08 06:30:00,4.6
12199,2023-05-08 06:45:00,6.1
12200,2023-05-08 07:00:00,4.8
12201,2023-05-08 07:15:00,4.7
12202,2023-05-08 07:30:00,5.9
12203,2023-05-08 07:45:00,4.6
12204,2023-05-08 08:00:00,4.5
12205,2023-05-08 08:15:00,5.2
12206,2023-05-08 08:30:00,7.5
12207,2023-05-08 08:45:00,8.4
12208,2023-05-08 09:00:00,5.3
12209,2023-05-08 09:15:00,4.6
12210,2023-05-08 09:30:00,5.8
12211,2023-05-08 09:45:00,5.4
12212,2023-05-08 10:00:00,2.7
12213,2023-05-08 10:15:00,2.7
12214,2023-05-08 10:30:00,2.4
12215,2023-05-08 10:45:00,2.3
12216,2023-05-08 11:00:00,2.5
12217,2023-05-08 11:15:00,1.6
12218,2023-05-08 11:30:00,2.3
12219,2023-05-08 11:45:00,1.8
12220,2023-05-08 12:00:00,4.3
12221,2023-05-08 12:15:00,2.7
12222,2023-05-08 12:30:00,6.0
12223,2023-05-08 12:45:00,5.6
12224,2023-05-08 13:00:00,2.5
12225,2023-05-08 13:15:00,2.3
12226,2023-05-08 13:30:00,3.6
12227,2023-05-08 13:45:00,3.0
12228,2023-05-08 14:00:00,2.5
12229,2023-05-08 14:15:00,3.7
12230,2023-05-08 14:30:00,1.7
12231,2023-05-08 14:45:00,4.4
12232,2023-05-08 15:00:00,2.4
12233,2023-05-08 15:15:00,3.8
12234,2023-05-08 15:30:00,4.0
12235,2023-05-08 15:45:00,4.6
12236,2023-05-08 16:00:00,3.2
12237,2023-05-08 16:15:00,3.8
12238,2023-05-08 16:30:00,3.9
12239,2023-05-08 16:45:00,2.5
12240,2023-05-08 17:00:00,1.4
12241,2023-05-08 17:15:00,4.5
12242,2023-05-08 17:30:00,5.2
12243,2023-05-08 17:45:00,5.0
12244,2023-05-08 18:00:00,7.9
12245,2023-05-08 18:15:00,5.8
12246,2023-05-08 18:30:00,5.1
12247,2023-05-08 18:45:00,4.4
12248,2023-05-08 19:00:00,2.5
12249,2023-05-08 19:15:00,5.2
12250,2023-05-08 19:30:00,4.5
12251,2023-05-08 19:45:00,3.2
12252,2023-05-08 20:00:00,2.4
12253,2023-05-08 20:15:00,5.4
12254,2023-05-08 20:30:00,6.9
12255,2023-05-08 20:45:00,5.3
12256,2023-05-08 21:00:00,5.7
12257,2023-05-08 21:15:00,5.0
12258,2023-05-08 21:30:00,5.2
12259,2023-05-08 21:45:00,5.5
12260,2023-05-08 22:00:00,5.0
12261,2023-05-08 22:15:00,5.0
12262,2023-05-08 22:30:00,6.5
12263,2023-05-08 22:45:00,4.9
12264,2023-05-08 23:00:00,4.7
12265,2023-05-08 23:15:00,7.8
12266,2023-05-08 23:30:00,3.0
12267,2023-05-08 23:45:00,5.7
12268,2023-05-09 00:00:00,6.3
12269,2023-05-09 00:15:00,4.1
12270,2023-05-09 00:30:00,7.5
12271,2023-05-09 00:45:00,4.4
12272,2023-05-09 01:00:00,7.2
12273,2023-05-09 01:15:00,4.2
12274,2023-05-09 01:30:00,4.7
12275,2023-05-09 01:45:00,6.8
12276,2023-05-09 02:00:00,7.2
12277,2023-05-09 02:15:00,4.8
12278,2023-05-09 02:30:00,7.6
12279,2023-05-09 02:45:00,6.7
12280,2023-05-09 03:00:00,5.3
12281,2023-05-09 03:15:00,4.7
12282,2023-05-09 03:30:00,4.6
12283,2023-05-09 03:45:00,5.4
12284,2023-05-09 04:00:00,8.5
12285,2023-05-09 04:15:00,4.4
12286,2023-05-09 04:30:00,5.7
12287,2023-05-09 04:45:00,9.3
12288,2023-05-09 05:00:00,5.3
12289,2023-05-09 05:15:00,4.4
12290,2023-05-09 05:30:00,4.7
12291,2023-05-09 05:45:00,4.4
12292,2023-05-09 06:00:00,4.4
12293,2023-05-09 06:15:00,4.9
12294,2023-05-09 06:30:00,4.1
12295,2023-05-09 06:45:00,4.0
12296,2023-05-09 07:00:00,4.9
12297,2023-05-09 07:15:00,4.4
12298,2023-05-09 07:30:00,4.6
12299,2023-05-09 07:45:00,5.1
12300,2023-05-09 08:00:00,7.4
12301,2023-05-09 08:15:00,8.0
12302,2023-05-09 08:30:00,4.5
12303,2023-05-09 08:45:00,3.9
12304,2023-05-09 09:00:00,4.8
12305,2023-05-09 09:15:00,4.2
12306,2023-05-09 09:30:00,4.7
12307,2023-05-09 09:45:00,8.3
12308,2023-05-09 10:00:00,4.8
12309,2023-05-09 10:15:00,2.0
12310,2023-05-09 10:30:00,2.0
12311,2023-05-09 10:45:00,1.8
12312,2023-05-09 11:00:00,1.7
12313,2023-05-09 11:15:00,2.1
12314,2023-05-09 11:30:00,2.3
12315,2023-05-09 11:45:00,2.9
12316,2023-05-09 12:00:00,4.8
12317,2023-05-09 12:15:00,4.4
12318,2023-05-09 12:30:00,8.3
12319,2023-05-09 12:45:00,2.3
12320,2023-05-09 13:00:00,2.1
12321,2023-05-09 13:15:00,1.9
12322,2023-05-09 13:30:00,4.1
12323,2023-05-09 13:45:00,1.9
12324,2023-05-09 14:00:00,2.7
12325,2023-05-09 14:15:00,2.3
12326,2023-05-09 14:30:00,1.7
12327,2023-05-09 14:45:00,8.0
12328,2023-05-09 15:00:00,4.2
12329,2023-05-09 15:15:00,1.6
12330,2023-05-09 15:30:00,2.6
12331,2023-05-09 15:45:00,2.5
12332,2023-05-09 16:00:00,2.3
12333,2023-05-09 16:15:00,2.3
12334,2023-05-09 16:30:00,1.5
12335,2023-05-09 16:45:00,1.6
12336,2023-05-09 17:00:00,5.2
12337,2023-05-09 17:15:00,5.0
12338,2023-05-09 17:30:00,5.6
12339,2023-05-09 17:45:00,4.9
12340,2023-05-09 18:00:00,2.2
12341,2023-05-09 18:15:00,5.3
12342,2023-05-09 18:30:00,5.1
12343,2023-05-09 18:45:00,1.5
12344,2023-05-09 19:00:00,2.1
12345,2023-05-09 19:15:00,1.7
12346,2023-05-09 19:30:00,2.7
12347,2023-05-09 19:45:00,1.7
12348,2023-05-09 20:00:00,2.0
12349,2023-05-09 20:15:00,2.7
12350,2023-05-09 20:30:00,2.9
12351,2023-05-09 20:45:00,2.4
12352,2023-05-09 21:00:00,13.9
12353,2023-05-09 21:15:00,17.8
12354,2023-05-09 21:30:00,13.0
12355,2023-05-09 21:45:00,12.6
12356,2023-05-09 22:00:00,11.8
12357,2023-05-09 22:15:00,16.3
12358,2023-05-09 22:30:00,12.7
12359,2023-05-09 22:45:00,12.5
12360,2023-05-09 23:00:00,3.1
12361,2023-05-09 23:15:00,2.7
12362,2023-05-09 23:30:00,2.7
12363,2023-05-09 23:45:00,2.8
12364,2023-05-10 00:00:00,3.8
12365,2023-05-10 00:15:00,2.0
12366,2023-05-10 00:30:00,5.5
12367,2023-05-10 00:45:00,4.6
12368,2023-05-10 01:00:00,5.3
12369,2023-05-10 01:15:00,5.6
12370,2023-05-10 01:30:00,4.9
12371,2023-05-10 01:45:00,11.5
12372,2023-05-10 02:00:00,4.5
12373,2023-05-10 02:15:00,6.6
12374,2023-05-10 02:30:00,6.0
12375,2023-05-10 02:45:00,5.3
12376,2023-05-10 03:00:00,4.7
12377,2023-05-10 03:15:00,5.4
12378,2023-05-10 03:30:00,4.7
12379,2023-05-10 03:45:00,5.6
12380,2023-05-10 04:00:00,6.0
12381,2023-05-10 04:15:00,5.4
12382,2023-05-10 04:30:00,4.8
12383,2023-05-10 04:45:00,6.2
12384,2023-05-10 05:00:00,4.9
12385,2023-05-10 05:15:00,4.7
12386,2023-05-10 05:30:00,5.8
12387,2023-05-10 05:45:00,4.7
12388,2023-05-10 06:00:00,4.4
12389,2023-05-10 06:15:00,5.9
12390,2023-05-10 06:30:00,4.3
12391,2023-05-10 06:45:00,4.3
12392,2023-05-10 07:00:00,4.9
12393,2023-05-10 07:15:00,4.6
12394,2023-05-10 07:30:00,4.4
12395,2023-05-10 07:45:00,5.1
12396,2023-05-10 08:00:00,7.7
12397,2023-05-10 08:15:00,4.8
12398,2023-05-10 08:30:00,4.8
12399,2023-05-10 08:45:00,5.9
12400,2023-05-10 09:00:00,5.2
12401,2023-05-10 09:15:00,4.9
12402,2023-05-10 09:30:00,5.3
12403,2023-05-10 09:45:00,2.3
12404,2023-05-10 10:00:00,1.6
12405,2023-05-10 10:15:00,1.7
12406,2023-05-10 10:30:00,1.7
12407,2023-05-10 10:45:00,1.9
12408,2023-05-10 11:00:00,2.5
12409,2023-05-10 11:15:00,2.0
12410,2023-05-10 11:30:00,1.4
12411,2023-05-10 11:45:00,5.4
12412,2023-05-10 12:00:00,5.6
12413,2023-05-10 12:15:00,2.5
12414,2023-05-10 12:30:00,7.9
12415,2023-05-10 12:45:00,1.7
12416,2023-05-10 13:00:00,2.3
12417,2023-05-10 13:15:00,3.0
12418,2023-05-10 13:30:00,2.1
12419,2023-05-10 13:45:00,2.7
12420,2023-05-10 14:00:00,2.8
12421,2023-05-10 14:15:00,3.5
12422,2023-05-10 14:30:00,2.2
12423,2023-05-10 14:45:00,2.4
12424,2023-05-10 15:00:00,3.0
12425,2023-05-10 15:15:00,3.8
12426,2023-05-10 15:30:00,5.9
12427,2023-05-10 15:45:00,6.0
12428,2023-05-10 16:00:00,6.8
12429,2023-05-10 16:15:00,1.7
12430,2023-05-10 16:30:00,2.2
12431,2023-05-10 16:45:00,1.9
12432,2023-05-10 17:00:00,1.8
12433,2023-05-10 17:15:00,2.5
12434,2023-05-10 17:30:00,1.9
12435,2023-05-10 17:45:00,2.5
12436,2023-05-10 18:00:00,1.7
12437,2023-05-10 18:15:00,2.3
12438,2023-05-10 18:30:00,10.6
12439,2023-05-10 18:45:00,1.6
12440,2023-05-10 19:00:00,1.2
12441,2023-05-10 19:15:00,1.9
12442,2023-05-10 19:30:00,2.1
12443,2023-05-10 19:45:00,1.4
12444,2023-05-10 20:00:00,2.1
12445,2023-05-10 20:15:00,1.8
12446,2023-05-10 20:30:00,2.5
12447,2023-05-10 20:45:00,2.6
12448,2023-05-10 21:00:00,1.5
12449,2023-05-10 21:15:00,3.0
12450,2023-05-10 21:30:00,1.5
12451,2023-05-10 21:45:00,1.8
12452,2023-05-10 22:00:00,2.8
12453,2023-05-10 22:15:00,7.4
12454,2023-05-10 22:30:00,1.5
12455,2023-05-10 22:45:00,2.1
12456,2023-05-10 23:00:00,1.3
12457,2023-05-10 23:15:00,1.9
12458,2023-05-10 23:30:00,2.4
12459,2023-05-10 23:45:00,2.0
12460,2023-05-11 00:00:00,2.0
12461,2023-05-11 00:15:00,1.5
12462,2023-05-11 00:30:00,4.4
12463,2023-05-11 00:45:00,4.3
12464,2023-05-11 01:00:00,4.3
12465,2023-05-11 01:15:00,4.1
12466,2023-05-11 01:30:00,4.3
12467,2023-05-11 01:45:00,4.2
12468,2023-05-11 02:00:00,5.2
12469,2023-05-11 02:15:00,5.0
12470,2023-05-11 02:30:00,5.0
12471,2023-05-11 02:45:00,4.5
12472,2023-05-11 03:00:00,4.2
12473,2023-05-11 03:15:00,5.0
12474,2023-05-11 03:30:00,4.3
12475,2023-05-11 03:45:00,4.5
12476,2023-05-11 04:00:00,14.2
12477,2023-05-11 04:15:00,7.3
12478,2023-05-11 04:30:00,4.1
12479,2023-05-11 04:45:00,4.7
12480,2023-05-11 05:00:00,4.6
12481,2023-05-11 05:15:00,4.6
12482,2023-05-11 05:30:00,4.9
12483,2023-05-11 05:45:00,4.5
12484,2023-05-11 06:00:00,4.4
12485,2023-05-11 06:15:00,4.3
12486,2023-05-11 06:30:00,4.4
12487,2023-05-11 06:45:00,4.0
12488,2023-05-11 07:00:00,4.5
12489,2023-05-11 07:15:00,4.7
12490,2023-05-11 07:30:00,5.4
12491,2023-05-11 07:45:00,4.7
12492,2023-05-11 08:00:00,4.7
12493,2023-05-11 08:15:00,4.4
12494,2023-05-11 08:30:00,4.3
12495,2023-05-11 08:45:00,4.5
12496,2023-05-11 09:00:00,4.7
12497,2023-05-11 09:15:00,4.2
12498,2023-05-11 09:30:00,4.0
12499,2023-05-11 09:45:00,2.9
12500,2023-05-11 10:00:00,1.3
12501,2023-05-11 10:15:00,1.3
12502,2023-05-11 10:30:00,2.6
12503,2023-05-11 10:45:00,1.7
12504,2023-05-11 11:00:00,2.2
12505,2023-05-11 11:15:00,9.5
12506,2023-05-11 11:30:00,1.5
12507,2023-05-11 11:45:00,1.9
12508,2023-05-11 12:00:00,5.1
12509,2023-05-11 12:15:00,1.5
12510,2023-05-11 12:30:00,1.3
12511,2023-05-11 12:45:00,2.2
12512,2023-05-11 13:00:00,1.6
12513,2023-05-11 13:15:00,4.5
12514,2023-05-11 13:30:00,5.1
12515,2023-05-11 13:45:00,2.9
12516,2023-05-11 14:00:00,1.5
12517,2023-05-11 14:15:00,4.7
12518,2023-05-11 14:30:00,6.7
12519,2023-05-11 14:45:00,1.5
12520,2023-05-11 15:00:00,1.7
12521,2023-05-11 15:15:00,2.1
12522,2023-05-11 15:30:00,2.1
12523,2023-05-11 15:45:00,1.8
12524,2023-05-11 16:00:00,2.0
12525,2023-05-11 16:15:00,2.0
12526,2023-05-11 16:30:00,2.7
12527,2023-05-11 16:45:00,8.0
12528,2023-05-11 17:00:00,2.3
12529,2023-05-11 17:15:00,2.6
12530,2023-05-11 17:30:00,2.2
12531,2023-05-11 17:45:00,1.5
12532,2023-05-11 18:00:00,1.7
12533,2023-05-11 18:15:00,2.2
12534,2023-05-11 18:30:00,1.7
12535,2023-05-11 18:45:00,1.7
12536,2023-05-11 19:00:00,7.7
12537,2023-05-11 19:15:00,5.4
12538,2023-05-11 19:30:00,5.6
12539,2023-05-11 19:45:00,3.0
12540,2023-05-11 20:00:00,2.7
12541,2023-05-11 20:15:00,2.4
12542,2023-05-11 20:30:00,1.7
12543,2023-05-11 20:45:00,2.5
12544,2023-05-11 21:00:00,2.0
12545,2023-05-11 21:15:00,2.3
12546,2023-05-11 21:30:00,2.3
12547,2023-05-11 21:45:00,1.7
12548,2023-05-11 22:00:00,1.8
12549,2023-05-11 22:15:00,3.4
12550,2023-05-11 22:30:00,2.6
12551,2023-05-11 22:45:00,2.6
12552,2023-05-11 23:00:00,1.8
12553,2023-05-11 23:15:00,7.6
12554,2023-05-11 23:30:00,1.7
12555,2023-05-11 23:45:00,3.0
12556,2023-05-12 00:00:00,2.1
12557,2023-05-12 00:15:00,2.1
12558,2023-05-12 00:30:00,16.4
12559,2023-05-12 00:45:00,15.1
12560,2023-05-12 01:00:00,15.6
12561,2023-05-12 01:15:00,15.1
12562,2023-05-12 01:30:00,14.6
12563,2023-05-12 01:45:00,15.5
12564,2023-05-12 02:00:00,15.3
12565,2023-05-12 02:15:00,15.6
12566,2023-05-12 02:30:00,14.4
12567,2023-05-12 02:45:00,15.6
12568,2023-05-12 03:00:00,15.0
12569,2023-05-12 03:15:00,15.0
12570,2023-05-12 03:30:00,15.3
12571,2023-05-12 03:45:00,13.5
12572,2023-05-12 04:00:00,5.6
12573,2023-05-12 04:15:00,4.9
12574,2023-05-12 04:30:00,5.2
12575,2023-05-12 04:45:00,4.9
12576,2023-05-12 05:00:00,4.5
12577,2023-05-12 05:15:00,4.9
12578,2023-05-12 05:30:00,5.8
12579,2023-05-12 05:45:00,4.4
12580,2023-05-12 06:00:00,5.0
12581,2023-05-12 06:15:00,4.5
12582,2023-05-12 06:30:00,4.8
12583,2023-05-12 06:45:00,10.9
12584,2023-05-12 07:00:00,5.6
12585,2023-05-12 07:15:00,4.8
12586,2023-05-12 07:30:00,4.6
12587,2023-05-12 07:45:00,4.2
12588,2023-05-12 08:00:00,4.5
12589,2023-05-12 08:15:00,4.5
12590,2023-05-12 08:30:00,4.2
12591,2023-05-12 08:45:00,4.0
12592,2023-05-12 09:00:00,4.0
12593,2023-05-12 09:15:00,4.1
12594,2023-05-12 09:30:00,4.7
12595,2023-05-12 09:45:00,2.9
12596,2023-05-12 10:00:00,2.9
12597,2023-05-12 10:15:00,4.8
12598,2023-05-12 10:30:00,1.8
12599,2023-05-12 10:45:00,6.1
12600,2023-05-12 11:00:00,1.9
12601,2023-05-12 11:15:00,1.8
12602,2023-05-12 11:30:00,5.5
12603,2023-05-12 11:45:00,2.5
12604,2023-05-12 12:00:00,2.1
12605,2023-05-12 12:15:00,1.6
12606,2023-05-12 12:30:00,1.5
12607,2023-05-12 12:45:00,2.6
12608,2023-05-12 13:00:00,2.9
12609,2023-05-12 13:15:00,2.3
12610,2023-05-12 13:30:00,2.2
12611,2023-05-12 13:45:00,1.7
12612,2023-05-12 14:00:00,5.0
12613,2023-05-12 14:15:00,1.6
12614,2023-05-12 14:30:00,2.5
12615,2023-05-12 14:45:00,2.2
12616,2023-05-12 15:00:00,2.1
12617,2023-05-12 15:15:00,7.5
12618,2023-05-12 15:30:00,2.5
12619,2023-05-12 15:45:00,2.9
12620,2023-05-12 16:00:00,1.5
12621,2023-05-12 16:15:00,2.7
12622,2023-05-12 16:30:00,1.9
12623,2023-05-12 16:45:00,2.1
12624,2023-05-12 17:00:00,1.8
12625,2023-05-12 17:15:00,1.7
12626,2023-05-12 17:30:00,2.2
12627,2023-05-12 17:45:00,2.0
12628,2023-05-12 18:00:00,2.0
12629,2023-05-12 18:15:00,2.0
12630,2023-05-12 18:30:00,2.1
12631,2023-05-12 18:45:00,6.4
12632,2023-05-12 19:00:00,2.4
12633,2023-05-12 19:15:00,2.9
12634,2023-05-12 19:30:00,5.7
12635,2023-05-12 19:45:00,1.4
12636,2023-05-12 20:00:00,3.3
12637,2023-05-12 20:15:00,1.7
12638,2023-05-12 20:30:00,2.9
12639,2023-05-12 20:45:00,6.2
12640,2023-05-12 21:00:00,1.7
12641,2023-05-12 21:15:00,2.4
12642,2023-05-12 21:30:00,1.6
12643,2023-05-12 21:45:00,2.7
12644,2023-05-12 22:00:00,2.0
12645,2023-05-12 22:15:00,3.1
12646,2023-05-12 22:30:00,2.4
12647,2023-05-12 22:45:00,2.0
12648,2023-05-12 23:00:00,1.6
12649,2023-05-12 23:15:00,1.7
12650,2023-05-12 23:30:00,1.7
12651,2023-05-12 23:45:00,2.5
12652,2023-05-13 00:00:00,11.2
12653,2023-05-13 00:15:00,10.8
12654,2023-05-13 00:30:00,13.3
12655,2023-05-13 00:45:00,14.0
12656,2023-05-13 01:00:00,14.2
12657,2023-05-13 01:15:00,13.1
12658,2023-05-13 01:30:00,14.2
12659,2023-05-13 01:45:00,13.6
12660,2023-05-13 02:00:00,15.0
12661,2023-05-13 02:15:00,13.4
12662,2023-05-13 02:30:00,13.3
12663,2023-05-13 02:45:00,5.0
12664,2023-05-13 03:00:00,4.3
12665,2023-05-13 03:15:00,4.5
12666,2023-05-13 03:30:00,4.2
12667,2023-05-13 03:45:00,4.3
12668,2023-05-13 04:00:00,4.8
12669,2023-05-13 04:15:00,5.5
12670,2023-05-13 04:30:00,5.0
12671,2023-05-13 04:45:00,5.1
12672,2023-05-13 05:00:00,4.5
12673,2023-05-13 05:15:00,8.6
12674,2023-05-13 05:30:00,5.0
12675,2023-05-13 05:45:00,5.0
12676,2023-05-13 06:00:00,4.8
12677,2023-05-13 06:15:00,5.1
12678,2023-05-13 06:30:00,4.8
12679,2023-05-13 06:45:00,4.8
12680,2023-05-13 07:00:00,4.4
12681,2023-05-13 07:15:00,5.7
12682,2023-05-13 07:30:00,4.8
12683,2023-05-13 07:45:00,6.0
12684,2023-05-13 08:00:00,4.4
12685,2023-05-13 08:15:00,5.0
12686,2023-05-13 08:30:00,5.1
12687,2023-05-13 08:45:00,4.4
12688,2023-05-13 09:00:00,4.7
12689,2023-05-13 09:15:00,3.8
12690,2023-05-13 09:30:00,4.2
12691,2023-05-13 09:45:00,1.7
12692,2023-05-13 10:00:00,1.9
12693,2023-05-13 10:15:00,1.7
12694,2023-05-13 10:30:00,2.7
12695,2023-05-13 10:45:00,1.5
12696,2023-05-13 11:00:00,5.0
12697,2023-05-13 11:15:00,2.2
12698,2023-05-13 11:30:00,1.8
12699,2023-05-13 11:45:00,2.2
12700,2023-05-13 12:00:00,1.3
12701,2023-05-13 12:15:00,2.0
12702,2023-05-13 12:30:00,3.0
12703,2023-05-13 12:45:00,7.5
12704,2023-05-13 13:00:00,2.1
12705,2023-05-13 13:15:00,2.2
12706,2023-05-13 13:30:00,1.8
12707,2023-05-13 13:45:00,5.2
12708,2023-05-13 14:00:00,5.5
12709,2023-05-13 14:15:00,2.3
12710,2023-05-13 14:30:00,2.3
12711,2023-05-13 14:45:00,2.1
12712,2023-05-13 15:00:00,3.7
12713,2023-05-13 15:15:00,2.4
12714,2023-05-13 15:30:00,2.4
12715,2023-05-13 15:45:00,2.2
12716,2023-05-13 16:00:00,2.4
12717,2023-05-13 16:15:00,1.9
12718,2023-05-13 16:30:00,2.4
12719,2023-05-13 16:45:00,3.6
12720,2023-05-13 17:00:00,2.4
12721,2023-05-13 17:15:00,2.4
12722,2023-05-13 17:30:00,1.6
12723,2023-05-13 17:45:00,2.7
12724,2023-05-13 18:00:00,1.9
12725,2023-05-13 18:15:00,3.3
12726,2023-05-13 18:30:00,2.6
12727,2023-05-13 18:45:00,2.1
12728,2023-05-13 19:00:00,3.0
12729,2023-05-13 19:15:00,2.2
12730,2023-05-13 19:30:00,2.7
12731,2023-05-13 19:45:00,2.5
12732,2023-05-13 20:00:00,2.3
12733,2023-05-13 20:15:00,8.9
12734,2023-05-13 20:30:00,2.8
12735,2023-05-13 20:45:00,8.9
12736,2023-05-13 21:00:00,2.9
12737,2023-05-13 21:15:00,2.4
12738,2023-05-13 21:30:00,3.3
12739,2023-05-13 21:45:00,2.1
12740,2023-05-13 22:00:00,6.0
12741,2023-05-13 22:15:00,5.4
12742,2023-05-13 22:30:00,2.9
12743,2023-05-13 22:45:00,3.6
12744,2023-05-13 23:00:00,3.1
12745,2023-05-13 23:15:00,2.9
12746,2023-05-13 23:30:00,2.2
12747,2023-05-13 23:45:00,2.9
12748,2023-05-14 00:00:00,2.5
12749,2023-05-14 00:15:00,2.6
12750,2023-05-14 00:30:00,5.4
12751,2023-05-14 00:45:00,4.8
12752,2023-05-14 01:00:00,5.2
12753,2023-05-14 01:15:00,4.8
12754,2023-05-14 01:30:00,6.3
12755,2023-05-14 01:45:00,5.1
12756,2023-05-14 02:00:00,5.1
12757,2023-05-14 02:15:00,4.4
12758,2023-05-14 02:30:00,6.5
12759,2023-05-14 02:45:00,5.1
12760,2023-05-14 03:00:00,8.8
12761,2023-05-14 03:15:00,4.9
12762,2023-05-14 03:30:00,5.2
12763,2023-05-14 03:45:00,4.7
12764,2023-05-14 04:00:00,6.3
12765,2023-05-14 04:15:00,5.3
12766,2023-05-14 04:30:00,6.1
12767,2023-05-14 04:45:00,5.0
12768,2023-05-14 05:00:00,4.9
12769,2023-05-14 05:15:00,5.2
12770,2023-05-14 05:30:00,4.8
12771,2023-05-14 05:45:00,5.3
12772,2023-05-14 06:00:00,8.0
12773,2023-05-14 06:15:00,5.5
12774,2023-05-14 06:30:00,5.0
12775,2023-05-14 06:45:00,5.4
12776,2023-05-14 07:00:00,4.9
12777,2023-05-14 07:15:00,4.9
12778,2023-05-14 07:30:00,5.2
12779,2023-05-14 07:45:00,5.4
12780,2023-05-14 08:00:00,4.2
12781,2023-05-14 08:15:00,5.4
12782,2023-05-14 08:30:00,5.0
12783,2023-05-14 08:45:00,4.4
12784,2023-05-14 09:00:00,5.4
12785,2023-05-14 09:15:00,5.3
12786,2023-05-14 09:30:00,5.3
12787,2023-05-14 09:45:00,2.0
12788,2023-05-14 10:00:00,9.4
12789,2023-05-14 10:15:00,15.8
12790,2023-05-14 10:30:00,9.4
12791,2023-05-14 10:45:00,9.1
12792,2023-05-14 11:00:00,10.5
12793,2023-05-14 11:15:00,10.4
12794,2023-05-14 11:30:00,9.4
12795,2023-05-14 11:45:00,9.6
12796,2023-05-14 12:00:00,10.8
12797,2023-05-14 12:15:00,9.1
12798,2023-05-14 12:30:00,9.7
12799,2023-05-14 12:45:00,9.7
12800,2023-05-14 13:00:00,13.4
12801,2023-05-14 13:15:00,9.8
12802,2023-05-14 13:30:00,9.7
12803,2023-05-14 13:45:00,9.1
12804,2023-05-14 14:00:00,9.2
12805,2023-05-14 14:15:00,12.7
12806,2023-05-14 14:30:00,10.1
12807,2023-05-14 14:45:00,9.3
12808,2023-05-14 15:00:00,9.8
12809,2023-05-14 15:15:00,15.0
12810,2023-05-14 15:30:00,12.6
12811,2023-05-14 15:45:00,12.2
12812,2023-05-14 16:00:00,13.5
12813,2023-05-14 16:15:00,31.6
12814,2023-05-14 16:30:00,27.6
12815,2023-05-14 16:45:00,24.8
12816,2023-05-14 17:00:00,31.2
12817,2023-05-14 17:15:00,26.7
12818,2023-05-14 17:30:00,32.5
12819,2023-05-14 17:45:00,32.1
12820,2023-05-14 18:00:00,29.9
12821,2023-05-14 18:15:00,30.3
12822,2023-05-14 18:30:00,30.2
12823,2023-05-14 18:45:00,33.0
12824,2023-05-14 19:00:00,29.8
12825,2023-05-14 19:15:00,34.0
12826,2023-05-14 19:30:00,30.2
12827,2023-05-14 19:45:00,33.1
12828,2023-05-14 20:00:00,23.8
12829,2023-05-14 20:15:00,23.1
12830,2023-05-14 20:30:00,14.7
12831,2023-05-14 20:45:00,20.7
12832,2023-05-14 21:00:00,14.8
12833,2023-05-14 21:15:00,9.3
12834,2023-05-14 21:30:00,10.0
12835,2023-05-14 21:45:00,4.6
12836,2023-05-14 22:00:00,4.8
12837,2023-05-14 22:15:00,8.5
12838,2023-05-14 22:30:00,8.8
12839,2023-05-14 22:45:00,2.2
12840,2023-05-14 23:00:00,2.3
12841,2023-05-14 23:15:00,2.1
12842,2023-05-14 23:30:00,2.2
12843,2023-05-14 23:45:00,2.6
12844,2023-05-15 00:00:00,2.7
12845,2023-05-15 00:15:00,2.0
12846,2023-05-15 00:30:00,5.6
12847,2023-05-15 00:45:00,5.5
12848,2023-05-15 01:00:00,4.8
12849,2023-05-15 01:15:00,5.0
12850,2023-05-15 01:30:00,4.8
12851,2023-05-15 01:45:00,4.6
12852,2023-05-15 02:00:00,4.8
12853,2023-05-15 02:15:00,4.3
12854,2023-05-15 02:30:00,4.9
12855,2023-05-15 02:45:00,5.3
12856,2023-05-15 03:00:00,4.8
12857,2023-05-15 03:15:00,4.9
12858,2023-05-15 03:30:00,8.9
12859,2023-05-15 03:45:00,4.6
12860,2023-05-15 04:00:00,4.3
12861,2023-05-15 04:15:00,5.2
12862,2023-05-15 04:30:00,4.1
12863,2023-05-15 04:45:00,10.6
12864,2023-05-15 05:00:00,5.6
12865,2023-05-15 05:15:00,4.8
12866,2023-05-15 05:30:00,4.3
12867,2023-05-15 05:45:00,5.3
12868,2023-05-15 06:00:00,5.7
12869,2023-05-15 06:15:00,4.4
12870,2023-05-15 06:30:00,5.2
12871,2023-05-15 06:45:00,4.6
12872,2023-05-15 07:00:00,4.6
12873,2023-05-15 07:15:00,8.6
12874,2023-05-15 07:30:00,4.2
12875,2023-05-15 07:45:00,4.8
12876,2023-05-15 08:00:00,4.9
12877,2023-05-15 08:15:00,4.3
12878,2023-05-15 08:30:00,4.3
12879,2023-05-15 08:45:00,4.5
12880,2023-05-15 09:00:00,4.7
12881,2023-05-15 09:15:00,4.2
12882,2023-05-15 09:30:00,4.5
12883,2023-05-15 09:45:00,2.0
12884,2023-05-15 10:00:00,1.7
12885,2023-05-15 10:15:00,2.3
12886,2023-05-15 10:30:00,2.5
12887,2023-05-15 10:45:00,1.7
12888,2023-05-15 11:00:00,1.8
12889,2023-05-15 11:15:00,2.2
12890,2023-05-15 11:30:00,1.8
12891,2023-05-15 11:45:00,7.4
12892,2023-05-15 12:00:00,3.2
12893,2023-05-15 12:15:00,2.3
12894,2023-05-15 12:30:00,3.0
12895,2023-05-15 12:45:00,5.0
12896,2023-05-15 13:00:00,2.2
12897,2023-05-15 13:15:00,3.9
12898,2023-05-15 13:30:00,7.9
12899,2023-05-15 13:45:00,8.1
12900,2023-05-15 14:00:00,5.3
12901,2023-05-15 14:15:00,2.4
12902,2023-05-15 14:30:00,4.5
12903,2023-05-15 14:45:00,2.4
12904,2023-05-15 15:00:00,3.1
12905,2023-05-15 15:15:00,2.4
12906,2023-05-15 15:30:00,3.3
12907,2023-05-15 15:45:00,2.8
12908,2023-05-15 16:00:00,5.4
12909,2023-05-15 16:15:00,3.2
12910,2023-05-15 16:30:00,2.3
12911,2023-05-15 16:45:00,3.4
12912,2023-05-15 17:00:00,2.8
12913,2023-05-15 17:15:00,2.5
12914,2023-05-15 17:30:00,3.1
12915,2023-05-15 17:45:00,2.1
12916,2023-05-15 18:00:00,2.6
12917,2023-05-15 18:15:00,2.8
12918,2023-05-15 18:30:00,2.6
12919,2023-05-15 18:45:00,2.5
12920,2023-05-15 19:00:00,3.5
12921,2023-05-15 19:15:00,2.7
12922,2023-05-15 19:30:00,5.6
12923,2023-05-15 19:45:00,3.6
12924,2023-05-15 20:00:00,5.2
12925,2023-05-15 20:15:00,2.5
12926,2023-05-15 20:30:00,3.2
12927,2023-05-15 20:45:00,3.0
12928,2023-05-15 21:00:00,6.6
12929,2023-05-15 21:15:00,5.2
12930,2023-05-15 21:30:00,3.1
12931,2023-05-15 21:45:00,2.5
12932,2023-05-15 22:00:00,2.3
12933,2023-05-15 22:15:00,7.1
12934,2023-05-15 22:30:00,2.9
12935,2023-05-15 22:45:00,2.9
12936,2023-05-15 23:00:00,3.5
12937,2023-05-15 23:15:00,2.6
12938,2023-05-15 23:30:00,2.0
12939,2023-05-15 23:45:00,3.4
12940,2023-05-16 00:00:00,3.4
12941,2023-05-16 00:15:00,2.8
12942,2023-05-16 00:30:00,5.3
12943,2023-05-16 00:45:00,4.7
12944,2023-05-16 01:00:00,4.4
12945,2023-05-16 01:15:00,6.1
12946,2023-05-16 01:30:00,6.7
12947,2023-05-16 01:45:00,4.3
12948,2023-05-16 02:00:00,5.5
12949,2023-05-16 02:15:00,4.8
12950,2023-05-16 02:30:00,5.0
12951,2023-05-16 02:45:00,4.8
12952,2023-05-16 03:00:00,5.2
12953,2023-05-16 03:15:00,5.4
12954,2023-05-16 03:30:00,4.4
12955,2023-05-16 03:45:00,4.9
12956,2023-05-16 04:00:00,4.7
12957,2023-05-16 04:15:00,4.9
12958,2023-05-16 04:30:00,5.4
12959,2023-05-16 04:45:00,4.5
12960,2023-05-16 05:00:00,7.6
12961,2023-05-16 05:15:00,6.1
12962,2023-05-16 05:30:00,4.7
12963,2023-05-16 05:45:00,4.7
12964,2023-05-16 06:00:00,4.4
12965,2023-05-16 06:15:00,4.9
12966,2023-05-16 06:30:00,5.1
12967,2023-05-16 06:45:00,4.4
12968,2023-05-16 07:00:00,5.5
12969,2023-05-16 07:15:00,4.3
12970,2023-05-16 07:30:00,5.6
12971,2023-05-16 07:45:00,5.3
12972,2023-05-16 08:00:00,4.8
12973,2023-05-16 08:15:00,4.6
12974,2023-05-16 08:30:00,4.7
12975,2023-05-16 08:45:00,4.9
12976,2023-05-16 09:00:00,4.4
12977,2023-05-16 09:15:00,4.4
12978,2023-05-16 09:30:00,6.0
12979,2023-05-16 09:45:00,1.7
12980,2023-05-16 10:00:00,3.0
12981,2023-05-16 10:15:00,3.1
12982,2023-05-16 10:30:00,3.0
12983,2023-05-16 10:45:00,5.4
12984,2023-05-16 11:00:00,2.5
12985,2023-05-16 11:15:00,5.2
12986,2023-05-16 11:30:00,1.9
12987,2023-05-16 11:45:00,4.7
12988,2023-05-16 12:00:00,2.1
12989,2023-05-16 12:15:00,2.4
12990,2023-05-16 12:30:00,7.5
12991,2023-05-16 12:45:00,7.7
12992,2023-05-16 13:00:00,3.5
12993,2023-05-16 13:15:00,2.2
12994,2023-05-16 13:30:00,1.6
12995,2023-05-16 13:45:00,3.1
12996,2023-05-16 14:00:00,2.9
12997,2023-05-16 14:15:00,3.0
12998,2023-05-16 14:30:00,2.3
12999,2023-05-16 14:45:00,8.8
13000,2023-05-16 15:00:00,2.3
13001,2023-05-16 15:15:00,9.1
13002,2023-05-16 15:30:00,2.9
13003,2023-05-16 15:45:00,3.9
13004,2023-05-16 16:00:00,2.4
13005,2023-05-16 16:15:00,3.0
13006,2023-05-16 16:30:00,3.4
13007,2023-05-16 16:45:00,5.0
13008,2023-05-16 17:00:00,3.3
13009,2023-05-16 17:15:00,5.3
13010,2023-05-16 17:30:00,3.7
13011,2023-05-16 17:45:00,2.9
13012,2023-05-16 18:00:00,3.1
13013,2023-05-16 18:15:00,3.2
13014,2023-05-16 18:30:00,3.4
13015,2023-05-16 18:45:00,2.5
13016,2023-05-16 19:00:00,3.5
13017,2023-05-16 19:15:00,3.1
13018,2023-05-16 19:30:00,2.7
13019,2023-05-16 19:45:00,6.1
13020,2023-05-16 20:00:00,5.7
13021,2023-05-16 20:15:00,4.9
13022,2023-05-16 20:30:00,6.4
13023,2023-05-16 20:45:00,6.3
13024,2023-05-16 21:00:00,2.7
13025,2023-05-16 21:15:00,3.9
13026,2023-05-16 21:30:00,2.9
13027,2023-05-16 21:45:00,3.6
13028,2023-05-16 22:00:00,5.2
13029,2023-05-16 22:15:00,5.3
13030,2023-05-16 22:30:00,2.8
13031,2023-05-16 22:45:00,1.9
13032,2023-05-16 23:00:00,10.4
13033,2023-05-16 23:15:00,9.1
13034,2023-05-16 23:30:00,10.1
13035,2023-05-16 23:45:00,11.7
13036,2023-05-17 00:00:00,11.6
13037,2023-05-17 00:15:00,12.3
13038,2023-05-17 00:30:00,12.5
13039,2023-05-17 00:45:00,14.2
13040,2023-05-17 01:00:00,11.8
13041,2023-05-17 01:15:00,11.3
13042,2023-05-17 01:30:00,12.4
13043,2023-05-17 01:45:00,12.4
13044,2023-05-17 02:00:00,12.5
13045,2023-05-17 02:15:00,13.0
13046,2023-05-17 02:30:00,12.0
13047,2023-05-17 02:45:00,5.9
13048,2023-05-17 03:00:00,4.6
13049,2023-05-17 03:15:00,5.4
13050,2023-05-17 03:30:00,7.8
13051,2023-05-17 03:45:00,5.1
13052,2023-05-17 04:00:00,5.9
13053,2023-05-17 04:15:00,5.3
13054,2023-05-17 04:30:00,8.8
13055,2023-05-17 04:45:00,7.5
13056,2023-05-17 05:00:00,4.5
13057,2023-05-17 05:15:00,4.1
13058,2023-05-17 05:30:00,6.3
13059,2023-05-17 05:45:00,4.8
13060,2023-05-17 06:00:00,4.1
13061,2023-05-17 06:15:00,4.9
13062,2023-05-17 06:30:00,5.3
13063,2023-05-17 06:45:00,4.4
13064,2023-05-17 07:00:00,5.4
13065,2023-05-17 07:15:00,4.3
13066,2023-05-17 07:30:00,4.4
13067,2023-05-17 07:45:00,5.6
13068,2023-05-17 08:00:00,5.3
13069,2023-05-17 08:15:00,4.7
13070,2023-05-17 08:30:00,4.2
13071,2023-05-17 08:45:00,4.7
13072,2023-05-17 09:00:00,6.3
13073,2023-05-17 09:15:00,4.4
13074,2023-05-17 09:30:00,8.6
13075,2023-05-17 09:45:00,3.2
13076,2023-05-17 10:00:00,1.8
13077,2023-05-17 10:15:00,2.8
13078,2023-05-17 10:30:00,3.2
13079,2023-05-17 10:45:00,2.0
13080,2023-05-17 11:00:00,2.4
13081,2023-05-17 11:15:00,2.1
13082,2023-05-17 11:30:00,1.8
13083,2023-05-17 11:45:00,5.8
13084,2023-05-17 12:00:00,4.1
13085,2023-05-17 12:15:00,2.2
13086,2023-05-17 12:30:00,2.4
13087,2023-05-17 12:45:00,7.2
13088,2023-05-17 13:00:00,2.5
13089,2023-05-17 13:15:00,2.2
13090,2023-05-17 13:30:00,3.4
13091,2023-05-17 13:45:00,2.8
13092,2023-05-17 14:00:00,1.8
13093,2023-05-17 14:15:00,2.9
13094,2023-05-17 14:30:00,2.1
13095,2023-05-17 14:45:00,2.7
13096,2023-05-17 15:00:00,2.9
13097,2023-05-17 15:15:00,2.2
13098,2023-05-17 15:30:00,2.2
13099,2023-05-17 15:45:00,10.3
13100,2023-05-17 16:00:00,2.1
13101,2023-05-17 16:15:00,2.4
13102,2023-05-17 16:30:00,5.2
13103,2023-05-17 16:45:00,3.0
13104,2023-05-17 17:00:00,1.9
13105,2023-05-17 17:15:00,8.9
13106,2023-05-17 17:30:00,2.9
13107,2023-05-17 17:45:00,3.0
13108,2023-05-17 18:00:00,5.8
13109,2023-05-17 18:15:00,4.6
13110,2023-05-17 18:30:00,2.7
13111,2023-05-17 18:45:00,2.4
13112,2023-05-17 19:00:00,2.8
13113,2023-05-17 19:15:00,2.2
13114,2023-05-17 19:30:00,2.9
13115,2023-05-17 19:45:00,5.4
13116,2023-05-17 20:00:00,4.9
13117,2023-05-17 20:15:00,2.8
13118,2023-05-17 20:30:00,3.3
13119,2023-05-17 20:45:00,1.8
13120,2023-05-17 21:00:00,2.8
13121,2023-05-17 21:15:00,1.8
13122,2023-05-17 21:30:00,3.0
13123,2023-05-17 21:45:00,2.6
13124,2023-05-17 22:00:00,5.5
13125,2023-05-17 22:15:00,4.8
13126,2023-05-17 22:30:00,2.3
13127,2023-05-17 22:45:00,4.9
13128,2023-05-17 23:00:00,2.4
13129,2023-05-17 23:15:00,3.2
13130,2023-05-17 23:30:00,1.7
13131,2023-05-17 23:45:00,2.6
13132,2023-05-18 00:00:00,6.1
13133,2023-05-18 00:15:00,8.7
13134,2023-05-18 00:30:00,17.3
13135,2023-05-18 00:45:00,13.4
13136,2023-05-18 01:00:00,12.1
13137,2023-05-18 01:15:00,17.2
13138,2023-05-18 01:30:00,12.7
13139,2023-05-18 01:45:00,10.0
13140,2023-05-18 02:00:00,4.6
13141,2023-05-18 02:15:00,5.5
13142,2023-05-18 02:30:00,4.7
13143,2023-05-18 02:45:00,4.6
13144,2023-05-18 03:00:00,6.1
13145,2023-05-18 03:15:00,4.1
13146,2023-05-18 03:30:00,4.2
13147,2023-05-18 03:45:00,6.2
13148,2023-05-18 04:00:00,4.1
13149,2023-05-18 04:15:00,4.5
13150,2023-05-18 04:30:00,5.3
13151,2023-05-18 04:45:00,4.7
13152,2023-05-18 05:00:00,4.6
13153,2023-05-18 05:15:00,7.0
13154,2023-05-18 05:30:00,4.3
13155,2023-05-18 05:45:00,4.5
13156,2023-05-18 06:00:00,7.5
13157,2023-05-18 06:15:00,4.9
13158,2023-05-18 06:30:00,4.1
13159,2023-05-18 06:45:00,4.9
13160,2023-05-18 07:00:00,7.9
13161,2023-05-18 07:15:00,8.0
13162,2023-05-18 07:30:00,4.5
13163,2023-05-18 07:45:00,5.1
13164,2023-05-18 08:00:00,4.6
13165,2023-05-18 08:15:00,4.1
13166,2023-05-18 08:30:00,5.7
13167,2023-05-18 08:45:00,4.1
13168,2023-05-18 09:00:00,4.4
13169,2023-05-18 09:15:00,9.0
13170,2023-05-18 09:30:00,4.7
13171,2023-05-18 09:45:00,1.8
13172,2023-05-18 10:00:00,2.6
13173,2023-05-18 10:15:00,1.5
13174,2023-05-18 10:30:00,1.9
13175,2023-05-18 10:45:00,2.1
13176,2023-05-18 11:00:00,2.0
13177,2023-05-18 11:15:00,1.8
13178,2023-05-18 11:30:00,2.0
13179,2023-05-18 11:45:00,2.0
13180,2023-05-18 12:00:00,1.4
13181,2023-05-18 12:15:00,3.1
13182,2023-05-18 12:30:00,2.0
13183,2023-05-18 12:45:00,1.5
13184,2023-05-18 13:00:00,1.6
13185,2023-05-18 13:15:00,1.9
13186,2023-05-18 13:30:00,1.7
13187,2023-05-18 13:45:00,14.4
13188,2023-05-18 14:00:00,15.0
13189,2023-05-18 14:15:00,14.9
13190,2023-05-18 14:30:00,14.7
13191,2023-05-18 14:45:00,18.6
13192,2023-05-18 15:00:00,16.4
13193,2023-05-18 15:15:00,13.5
13194,2023-05-18 15:30:00,12.4
13195,2023-05-18 15:45:00,10.6
13196,2023-05-18 16:00:00,9.7
13197,2023-05-18 16:15:00,3.3
13198,2023-05-18 16:30:00,1.7
13199,2023-05-18 16:45:00,2.3
13200,2023-05-18 17:00:00,2.7
13201,2023-05-18 17:15:00,2.5
13202,2023-05-18 17:30:00,2.4
13203,2023-05-18 17:45:00,2.7
13204,2023-05-18 18:00:00,2.6
13205,2023-05-18 18:15:00,2.2
13206,2023-05-18 18:30:00,2.2
13207,2023-05-18 18:45:00,1.7
13208,2023-05-18 19:00:00,3.0
13209,2023-05-18 19:15:00,1.7
13210,2023-05-18 19:30:00,2.5
13211,2023-05-18 19:45:00,3.0
13212,2023-05-18 20:00:00,3.1
13213,2023-05-18 20:15:00,2.8
13214,2023-05-18 20:30:00,2.6
13215,2023-05-18 20:45:00,1.9
13216,2023-05-18 21:00:00,2.3
13217,2023-05-18 21:15:00,4.7
13218,2023-05-18 21:30:00,2.8
13219,2023-05-18 21:45:00,2.3
13220,2023-05-18 22:00:00,2.7
13221,2023-05-18 22:15:00,7.8
13222,2023-05-18 22:30:00,6.1
13223,2023-05-18 22:45:00,2.5
13224,2023-05-18 23:00:00,2.4
13225,2023-05-18 23:15:00,2.1
13226,2023-05-18 23:30:00,3.1
13227,2023-05-18 23:45:00,1.4
13228,2023-05-19 00:00:00,2.8
13229,2023-05-19 00:15:00,2.6
13230,2023-05-19 00:30:00,11.5
13231,2023-05-19 00:45:00,12.9
13232,2023-05-19 01:00:00,12.5
13233,2023-05-19 01:15:00,11.5
13234,2023-05-19 01:30:00,11.5
13235,2023-05-19 01:45:00,11.2
13236,2023-05-19 02:00:00,12.3
13237,2023-05-19 02:15:00,11.7
13238,2023-05-19 02:30:00,10.9
13239,2023-05-19 02:45:00,11.4
13240,2023-05-19 03:00:00,12.5
13241,2023-05-19 03:15:00,5.3
13242,2023-05-19 03:30:00,4.4
13243,2023-05-19 03:45:00,5.5
13244,2023-05-19 04:00:00,5.0
13245,2023-05-19 04:15:00,4.2
13246,2023-05-19 04:30:00,4.7
13247,2023-05-19 04:45:00,4.5
13248,2023-05-19 05:00:00,8.1
13249,2023-05-19 05:15:00,8.4
13250,2023-05-19 05:30:00,4.9
13251,2023-05-19 05:45:00,5.0
13252,2023-05-19 06:00:00,4.5
13253,2023-05-19 06:15:00,4.8
13254,2023-05-19 06:30:00,3.9
13255,2023-05-19 06:45:00,4.0
13256,2023-05-19 07:00:00,5.1
13257,2023-05-19 07:15:00,7.7
13258,2023-05-19 07:30:00,7.7
13259,2023-05-19 07:45:00,4.7
13260,2023-05-19 08:00:00,4.4
13261,2023-05-19 08:15:00,5.2
13262,2023-05-19 08:30:00,4.5
13263,2023-05-19 08:45:00,4.9
13264,2023-05-19 09:00:00,4.2
13265,2023-05-19 09:15:00,4.1
13266,2023-05-19 09:30:00,4.4
13267,2023-05-19 09:45:00,1.9
13268,2023-05-19 10:00:00,2.6
13269,2023-05-19 10:15:00,3.0
13270,2023-05-19 10:30:00,3.0
13271,2023-05-19 10:45:00,2.6
13272,2023-05-19 11:00:00,2.8
13273,2023-05-19 11:15:00,5.3
13274,2023-05-19 11:30:00,5.0
13275,2023-05-19 11:45:00,5.8
13276,2023-05-19 12:00:00,5.1
13277,2023-05-19 12:15:00,5.8
13278,2023-05-19 12:30:00,6.5
13279,2023-05-19 12:45:00,9.6
13280,2023-05-19 13:00:00,5.0
13281,2023-05-19 13:15:00,5.9
13282,2023-05-19 13:30:00,6.0
13283,2023-05-19 13:45:00,5.0
13284,2023-05-19 14:00:00,7.5
13285,2023-05-19 14:15:00,2.5
13286,2023-05-19 14:30:00,2.3
13287,2023-05-19 14:45:00,3.1
13288,2023-05-19 15:00:00,4.5
13289,2023-05-19 15:15:00,3.4
13290,2023-05-19 15:30:00,5.1
13291,2023-05-19 15:45:00,2.8
13292,2023-05-19 16:00:00,2.5
13293,2023-05-19 16:15:00,4.6
13294,2023-05-19 16:30:00,2.9
13295,2023-05-19 16:45:00,5.5
13296,2023-05-19 17:00:00,3.9
13297,2023-05-19 17:15:00,2.6
13298,2023-05-19 17:30:00,3.1
13299,2023-05-19 17:45:00,3.3
13300,2023-05-19 18:00:00,3.6
13301,2023-05-19 18:15:00,2.9
13302,2023-05-19 18:30:00,2.4
13303,2023-05-19 18:45:00,2.8
13304,2023-05-19 19:00:00,2.3
13305,2023-05-19 19:15:00,5.5
13306,2023-05-19 19:30:00,5.7
13307,2023-05-19 19:45:00,2.4
13308,2023-05-19 20:00:00,2.0
13309,2023-05-19 20:15:00,5.1
13310,2023-05-19 20:30:00,2.6
13311,2023-05-19 20:45:00,2.4
13312,2023-05-19 21:00:00,3.3
13313,2023-05-19 21:15:00,3.8
13314,2023-05-19 21:30:00,3.7
13315,2023-05-19 21:45:00,3.9
13316,2023-05-19 22:00:00,2.3
13317,2023-05-19 22:15:00,2.9
13318,2023-05-19 22:30:00,2.5
13319,2023-05-19 22:45:00,5.0
13320,2023-05-19 23:00:00,4.1
13321,2023-05-19 23:15:00,2.7
13322,2023-05-19 23:30:00,9.5
13323,2023-05-19 23:45:00,9.5
13324,2023-05-20 00:00:00,10.0
13325,2023-05-20 00:15:00,12.3
13326,2023-05-20 00:30:00,12.4
13327,2023-05-20 00:45:00,11.8
13328,2023-05-20 01:00:00,12.2
13329,2023-05-20 01:15:00,12.5
13330,2023-05-20 01:30:00,4.5
13331,2023-05-20 01:45:00,5.1
13332,2023-05-20 02:00:00,4.8
13333,2023-05-20 02:15:00,4.5
13334,2023-05-20 02:30:00,5.3
13335,2023-05-20 02:45:00,3.7
13336,2023-05-20 03:00:00,5.1
13337,2023-05-20 03:15:00,4.5
13338,2023-05-20 03:30:00,4.7
13339,2023-05-20 03:45:00,5.2
13340,2023-05-20 04:00:00,5.3
13341,2023-05-20 04:15:00,5.0
13342,2023-05-20 04:30:00,3.6
13343,2023-05-20 04:45:00,4.6
13344,2023-05-20 05:00:00,5.1
13345,2023-05-20 05:15:00,4.1
13346,2023-05-20 05:30:00,7.1
13347,2023-05-20 05:45:00,5.2
13348,2023-05-20 06:00:00,4.5
13349,2023-05-20 06:15:00,6.5
13350,2023-05-20 06:30:00,8.1
13351,2023-05-20 06:45:00,4.7
13352,2023-05-20 07:00:00,4.7
13353,2023-05-20 07:15:00,9.5
13354,2023-05-20 07:30:00,4.9
13355,2023-05-20 07:45:00,4.8
13356,2023-05-20 08:00:00,5.6
13357,2023-05-20 08:15:00,4.7
13358,2023-05-20 08:30:00,4.2
13359,2023-05-20 08:45:00,5.0
13360,2023-05-20 09:00:00,4.6
13361,2023-05-20 09:15:00,4.9
13362,2023-05-20 09:30:00,9.0
13363,2023-05-20 09:45:00,4.7
13364,2023-05-20 10:00:00,5.9
13365,2023-05-20 10:15:00,2.2
13366,2023-05-20 10:30:00,2.2
13367,2023-05-20 10:45:00,2.3
13368,2023-05-20 11:00:00,2.2
13369,2023-05-20 11:15:00,3.2
13370,2023-05-20 11:30:00,6.1
13371,2023-05-20 11:45:00,6.0
13372,2023-05-20 12:00:00,2.7
13373,2023-05-20 12:15:00,3.0
13374,2023-05-20 12:30:00,2.8
13375,2023-05-20 12:45:00,2.2
13376,2023-05-20 13:00:00,2.4
13377,2023-05-20 13:15:00,1.9
13378,2023-05-20 13:30:00,2.6
13379,2023-05-20 13:45:00,3.1
13380,2023-05-20 14:00:00,1.6
13381,2023-05-20 14:15:00,3.4
13382,2023-05-20 14:30:00,2.6
13383,2023-05-20 14:45:00,2.5
13384,2023-05-20 15:00:00,2.7
13385,2023-05-20 15:15:00,2.6
13386,2023-05-20 15:30:00,2.2
13387,2023-05-20 15:45:00,4.5
13388,2023-05-20 16:00:00,3.8
13389,2023-05-20 16:15:00,3.3
13390,2023-05-20 16:30:00,2.7
13391,2023-05-20 16:45:00,3.9
13392,2023-05-20 17:00:00,2.3
13393,2023-05-20 17:15:00,2.7
13394,2023-05-20 17:30:00,2.5
13395,2023-05-20 17:45:00,1.9
13396,2023-05-20 18:00:00,3.0
13397,2023-05-20 18:15:00,2.2
13398,2023-05-20 18:30:00,2.0
13399,2023-05-20 18:45:00,3.1
13400,2023-05-20 19:00:00,1.8
13401,2023-05-20 19:15:00,3.1
13402,2023-05-20 19:30:00,4.2
13403,2023-05-20 19:45:00,3.1
13404,2023-05-20 20:00:00,3.3
13405,2023-05-20 20:15:00,1.4
13406,2023-05-20 20:30:00,4.9
13407,2023-05-20 20:45:00,3.4
13408,2023-05-20 21:00:00,2.3
13409,2023-05-20 21:15:00,2.9
13410,2023-05-20 21:30:00,2.6
13411,2023-05-20 21:45:00,2.0
13412,2023-05-20 22:00:00,2.3
13413,2023-05-20 22:15:00,2.2
13414,2023-05-20 22:30:00,1.9
13415,2023-05-20 22:45:00,2.1
13416,2023-05-20 23:00:00,3.0
13417,2023-05-20 23:15:00,1.7
13418,2023-05-20 23:30:00,5.3
13419,2023-05-20 23:45:00,2.8
13420,2023-05-21 00:00:00,1.6
13421,2023-05-21 00:15:00,6.1
13422,2023-05-21 00:30:00,3.9
13423,2023-05-21 00:45:00,4.5
13424,2023-05-21 01:00:00,5.3
13425,2023-05-21 01:15:00,4.1
13426,2023-05-21 01:30:00,5.8
13427,2023-05-21 01:45:00,4.6
13428,2023-05-21 02:00:00,4.3
13429,2023-05-21 02:15:00,4.7
13430,2023-05-21 02:30:00,5.2
13431,2023-05-21 02:45:00,5.4
13432,2023-05-21 03:00:00,5.7
13433,2023-05-21 03:15:00,4.1
13434,2023-05-21 03:30:00,5.0
13435,2023-05-21 03:45:00,5.4
13436,2023-05-21 04:00:00,4.9
13437,2023-05-21 04:15:00,4.7
13438,2023-05-21 04:30:00,4.2
13439,2023-05-21 04:45:00,4.1
13440,2023-05-21 05:00:00,5.2
13441,2023-05-21 05:15:00,4.9
13442,2023-05-21 05:30:00,4.9
13443,2023-05-21 05:45:00,4.0
13444,2023-05-21 06:00:00,4.7
13445,2023-05-21 06:15:00,5.2
13446,2023-05-21 06:30:00,4.0
13447,2023-05-21 06:45:00,4.7
13448,2023-05-21 07:00:00,5.3
13449,2023-05-21 07:15:00,3.9
13450,2023-05-21 07:30:00,4.4
13451,2023-05-21 07:45:00,4.4
13452,2023-05-21 08:00:00,5.1
13453,2023-05-21 08:15:00,4.3
13454,2023-05-21 08:30:00,4.8
13455,2023-05-21 08:45:00,5.7
13456,2023-05-21 09:00:00,4.6
13457,2023-05-21 09:15:00,4.2
13458,2023-05-21 09:30:00,4.5
13459,2023-05-21 09:45:00,4.7
13460,2023-05-21 10:00:00,5.3
13461,2023-05-21 10:15:00,2.4
13462,2023-05-21 10:30:00,2.5
13463,2023-05-21 10:45:00,2.4
13464,2023-05-21 11:00:00,1.7
13465,2023-05-21 11:15:00,2.8
13466,2023-05-21 11:30:00,1.6
13467,2023-05-21 11:45:00,2.9
13468,2023-05-21 12:00:00,2.4
13469,2023-05-21 12:15:00,2.6
13470,2023-05-21 12:30:00,3.0
13471,2023-05-21 12:45:00,2.8
13472,2023-05-21 13:00:00,1.3
13473,2023-05-21 13:15:00,3.1
13474,2023-05-21 13:30:00,2.4
13475,2023-05-21 13:45:00,1.4
13476,2023-05-21 14:00:00,2.6
13477,2023-05-21 14:15:00,2.1
13478,2023-05-21 14:30:00,5.7
13479,2023-05-21 14:45:00,1.6
13480,2023-05-21 15:00:00,3.7
13481,2023-05-21 15:15:00,3.4
13482,2023-05-21 15:30:00,2.5
13483,2023-05-21 15:45:00,3.0
13484,2023-05-21 16:00:00,2.0
13485,2023-05-21 16:15:00,6.9
13486,2023-05-21 16:30:00,9.0
13487,2023-05-21 16:45:00,5.0
13488,2023-05-21 17:00:00,2.2
13489,2023-05-21 17:15:00,2.8
13490,2023-05-21 17:30:00,2.6
13491,2023-05-21 17:45:00,2.1
13492,2023-05-21 18:00:00,3.8
13493,2023-05-21 18:15:00,2.5
13494,2023-05-21 18:30:00,5.1
13495,2023-05-21 18:45:00,2.7
13496,2023-05-21 19:00:00,3.0
13497,2023-05-21 19:15:00,5.3
13498,2023-05-21 19:30:00,2.0
13499,2023-05-21 19:45:00,3.5
13500,2023-05-21 20:00:00,3.4
13501,2023-05-21 20:15:00,1.5
13502,2023-05-21 20:30:00,4.4
13503,2023-05-21 20:45:00,1.6
13504,2023-05-21 21:00:00,3.0
13505,2023-05-21 21:15:00,5.3
13506,2023-05-21 21:30:00,2.0
13507,2023-05-21 21:45:00,3.1
13508,2023-05-21 22:00:00,6.3
13509,2023-05-21 22:15:00,3.0
13510,2023-05-21 22:30:00,2.0
13511,2023-05-21 22:45:00,2.3
13512,2023-05-21 23:00:00,4.1
13513,2023-05-21 23:15:00,5.2
13514,2023-05-21 23:30:00,1.6
13515,2023-05-21 23:45:00,1.8
13516,2023-05-22 00:00:00,2.2
13517,2023-05-22 00:15:00,1.5
13518,2023-05-22 00:30:00,4.4
13519,2023-05-22 00:45:00,5.7
13520,2023-05-22 01:00:00,5.0
13521,2023-05-22 01:15:00,5.0
13522,2023-05-22 01:30:00,5.4
13523,2023-05-22 01:45:00,4.7
13524,2023-05-22 02:00:00,5.6
13525,2023-05-22 02:15:00,5.1
13526,2023-05-22 02:30:00,5.2
13527,2023-05-22 02:45:00,7.3
13528,2023-05-22 03:00:00,8.4
13529,2023-05-22 03:15:00,5.1
13530,2023-05-22 03:30:00,4.5
13531,2023-05-22 03:45:00,5.1
13532,2023-05-22 04:00:00,4.6
13533,2023-05-22 04:15:00,4.5
13534,2023-05-22 04:30:00,4.4
13535,2023-05-22 04:45:00,4.9
13536,2023-05-22 05:00:00,5.5
13537,2023-05-22 05:15:00,4.6
13538,2023-05-22 05:30:00,3.9
13539,2023-05-22 05:45:00,5.0
13540,2023-05-22 06:00:00,4.8
13541,2023-05-22 06:15:00,5.1
13542,2023-05-22 06:30:00,4.5
13543,2023-05-22 06:45:00,4.8
13544,2023-05-22 07:00:00,5.0
13545,2023-05-22 07:15:00,4.2
13546,2023-05-22 07:30:00,4.7
13547,2023-05-22 07:45:00,5.5
13548,2023-05-22 08:00:00,4.4
13549,2023-05-22 08:15:00,4.4
13550,2023-05-22 08:30:00,4.7
13551,2023-05-22 08:45:00,4.9
13552,2023-05-22 09:00:00,3.8
13553,2023-05-22 09:15:00,5.1
13554,2023-05-22 09:30:00,5.1
13555,2023-05-22 09:45:00,1.7
13556,2023-05-22 10:00:00,3.1
13557,2023-05-22 10:15:00,1.7
13558,2023-05-22 10:30:00,1.8
13559,2023-05-22 10:45:00,2.3
13560,2023-05-22 11:00:00,1.7
13561,2023-05-22 11:15:00,2.0
13562,2023-05-22 11:30:00,4.2
13563,2023-05-22 11:45:00,5.8
13564,2023-05-22 12:00:00,2.5
13565,2023-05-22 12:15:00,2.3
13566,2023-05-22 12:30:00,5.2
13567,2023-05-22 12:45:00,6.0
13568,2023-05-22 13:00:00,5.3
13569,2023-05-22 13:15:00,4.6
13570,2023-05-22 13:30:00,2.8
13571,2023-05-22 13:45:00,2.0
13572,2023-05-22 14:00:00,4.3
13573,2023-05-22 14:15:00,5.9
13574,2023-05-22 14:30:00,2.1
13575,2023-05-22 14:45:00,4.5
13576,2023-05-22 15:00:00,1.7
13577,2023-05-22 15:15:00,4.2
13578,2023-05-22 15:30:00,1.6
13579,2023-05-22 15:45:00,5.2
13580,2023-05-22 16:00:00,4.0
13581,2023-05-22 16:15:00,1.9
13582,2023-05-22 16:30:00,9.6
13583,2023-05-22 16:45:00,2.5
13584,2023-05-22 17:00:00,5.5
13585,2023-05-22 17:15:00,3.2
13586,2023-05-22 17:30:00,3.3
13587,2023-05-22 17:45:00,9.7
13588,2023-05-22 18:00:00,4.1
13589,2023-05-22 18:15:00,5.6
13590,2023-05-22 18:30:00,2.4
13591,2023-05-22 18:45:00,3.5
13592,2023-05-22 19:00:00,2.5
13593,2023-05-22 19:15:00,3.6
13594,2023-05-22 19:30:00,2.3
13595,2023-05-22 19:45:00,3.5
13596,2023-05-22 20:00:00,6.0
13597,2023-05-22 20:15:00,6.0
13598,2023-05-22 20:30:00,4.0
13599,2023-05-22 20:45:00,4.9
13600,2023-05-22 21:00:00,3.9
13601,2023-05-22 21:15:00,4.9
13602,2023-05-22 21:30:00,2.4
13603,2023-05-22 21:45:00,2.8
13604,2023-05-22 22:00:00,2.6
13605,2023-05-22 22:15:00,3.1
13606,2023-05-22 22:30:00,2.7
13607,2023-05-22 22:45:00,2.9
13608,2023-05-22 23:00:00,2.3
13609,2023-05-22 23:15:00,2.2
13610,2023-05-22 23:30:00,1.9
13611,2023-05-22 23:45:00,1.9
13612,2023-05-23 00:00:00,3.5
13613,2023-05-23 00:15:00,2.8
13614,2023-05-23 00:30:00,4.3
13615,2023-05-23 00:45:00,4.7
13616,2023-05-23 01:00:00,5.5
13617,2023-05-23 01:15:00,5.9
13618,2023-05-23 01:30:00,6.0
13619,2023-05-23 01:45:00,5.5
13620,2023-05-23 02:00:00,5.8
13621,2023-05-23 02:15:00,5.6
13622,2023-05-23 02:30:00,5.5
13623,2023-05-23 02:45:00,10.0
13624,2023-05-23 03:00:00,5.0
13625,2023-05-23 03:15:00,5.3
13626,2023-05-23 03:30:00,5.5
13627,2023-05-23 03:45:00,4.6
13628,2023-05-23 04:00:00,8.0
13629,2023-05-23 04:15:00,6.4
13630,2023-05-23 04:30:00,4.7
13631,2023-05-23 04:45:00,6.3
13632,2023-05-23 05:00:00,4.7
13633,2023-05-23 05:15:00,5.8
13634,2023-05-23 05:30:00,5.7
13635,2023-05-23 05:45:00,5.5
13636,2023-05-23 06:00:00,5.7
13637,2023-05-23 06:15:00,4.8
13638,2023-05-23 06:30:00,5.7
13639,2023-05-23 06:45:00,6.1
13640,2023-05-23 07:00:00,5.0
13641,2023-05-23 07:15:00,5.1
13642,2023-05-23 07:30:00,6.1
13643,2023-05-23 07:45:00,5.3
13644,2023-05-23 08:00:00,5.1
13645,2023-05-23 08:15:00,4.7
13646,2023-05-23 08:30:00,5.1
13647,2023-05-23 08:45:00,5.8
13648,2023-05-23 09:00:00,5.0
13649,2023-05-23 09:15:00,6.4
13650,2023-05-23 09:30:00,4.9
13651,2023-05-23 09:45:00,3.6
13652,2023-05-23 10:00:00,3.0
13653,2023-05-23 10:15:00,2.9
13654,2023-05-23 10:30:00,4.0
13655,2023-05-23 10:45:00,2.1
13656,2023-05-23 11:00:00,2.3
13657,2023-05-23 11:15:00,2.0
13658,2023-05-23 11:30:00,2.0
13659,2023-05-23 11:45:00,3.5
13660,2023-05-23 12:00:00,4.4
13661,2023-05-23 12:15:00,2.3
13662,2023-05-23 12:30:00,5.1
13663,2023-05-23 12:45:00,8.1
13664,2023-05-23 13:00:00,3.8
13665,2023-05-23 13:15:00,1.2
13666,2023-05-23 13:30:00,4.6
13667,2023-05-23 13:45:00,5.2
13668,2023-05-23 14:00:00,3.8
13669,2023-05-23 14:15:00,2.4
13670,2023-05-23 14:30:00,3.9
13671,2023-05-23 14:45:00,5.2
13672,2023-05-23 15:00:00,6.4
13673,2023-05-23 15:15:00,7.9
13674,2023-05-23 15:30:00,5.2
13675,2023-05-23 15:45:00,4.5
13676,2023-05-23 16:00:00,4.2
13677,2023-05-23 16:15:00,3.1
13678,2023-05-23 16:30:00,2.5
13679,2023-05-23 16:45:00,1.9
13680,2023-05-23 17:00:00,5.0
13681,2023-05-23 17:15:00,3.2
13682,2023-05-23 17:30:00,3.6
13683,2023-05-23 17:45:00,2.4
13684,2023-05-23 18:00:00,4.4
13685,2023-05-23 18:15:00,2.5
13686,2023-05-23 18:30:00,2.1
13687,2023-05-23 18:45:00,3.5
13688,2023-05-23 19:00:00,3.5
13689,2023-05-23 19:15:00,4.0
13690,2023-05-23 19:30:00,2.5
13691,2023-05-23 19:45:00,3.5
13692,2023-05-23 20:00:00,5.9
13693,2023-05-23 20:15:00,4.0
13694,2023-05-23 20:30:00,10.1
13695,2023-05-23 20:45:00,7.2
13696,2023-05-23 21:00:00,4.4
13697,2023-05-23 21:15:00,2.1
13698,2023-05-23 21:30:00,2.4
13699,2023-05-23 21:45:00,1.9
13700,2023-05-23 22:00:00,3.6
13701,2023-05-23 22:15:00,3.9
13702,2023-05-23 22:30:00,2.1
13703,2023-05-23 22:45:00,2.3
13704,2023-05-23 23:00:00,5.4
13705,2023-05-23 23:15:00,2.8
13706,2023-05-23 23:30:00,3.2
13707,2023-05-23 23:45:00,2.4
13708,2023-05-24 00:00:00,2.4
13709,2023-05-24 00:15:00,3.5
13710,2023-05-24 00:30:00,2.8
13711,2023-05-24 00:45:00,6.1
13712,2023-05-24 01:00:00,4.6
13713,2023-05-24 01:15:00,5.0
13714,2023-05-24 01:30:00,4.7
13715,2023-05-24 01:45:00,5.0
13716,2023-05-24 02:00:00,5.0
13717,2023-05-24 02:15:00,4.4
13718,2023-05-24 02:30:00,5.7
13719,2023-05-24 02:45:00,4.7
13720,2023-05-24 03:00:00,6.7
13721,2023-05-24 03:15:00,5.0
13722,2023-05-24 03:30:00,5.4
13723,2023-05-24 03:45:00,5.0
13724,2023-05-24 04:00:00,4.5
13725,2023-05-24 04:15:00,5.1
13726,2023-05-24 04:30:00,5.9
13727,2023-05-24 04:45:00,4.5
13728,2023-05-24 05:00:00,4.6
13729,2023-05-24 05:15:00,4.4
13730,2023-05-24 05:30:00,5.1
13731,2023-05-24 05:45:00,5.3
13732,2023-05-24 06:00:00,5.1
13733,2023-05-24 06:15:00,4.5
13734,2023-05-24 06:30:00,5.2
13735,2023-05-24 06:45:00,5.5
13736,2023-05-24 07:00:00,4.7
13737,2023-05-24 07:15:00,5.2
13738,2023-05-24 07:30:00,5.4
13739,2023-05-24 07:45:00,5.0
13740,2023-05-24 08:00:00,5.1
13741,2023-05-24 08:15:00,4.1
13742,2023-05-24 08:30:00,4.9
13743,2023-05-24 08:45:00,4.6
13744,2023-05-24 09:00:00,4.9
13745,2023-05-24 09:15:00,5.4
13746,2023-05-24 09:30:00,4.2
13747,2023-05-24 09:45:00,2.7
13748,2023-05-24 10:00:00,2.9
13749,2023-05-24 10:15:00,3.1
13750,2023-05-24 10:30:00,2.4
13751,2023-05-24 10:45:00,3.7
13752,2023-05-24 11:00:00,2.5
13753,2023-05-24 11:15:00,4.1
13754,2023-05-24 11:30:00,1.8
13755,2023-05-24 11:45:00,1.7
13756,2023-05-24 12:00:00,2.3
13757,2023-05-24 12:15:00,3.1
13758,2023-05-24 12:30:00,2.4
13759,2023-05-24 12:45:00,3.0
13760,2023-05-24 13:00:00,1.9
13761,2023-05-24 13:15:00,2.8
13762,2023-05-24 13:30:00,3.2
13763,2023-05-24 13:45:00,6.0
13764,2023-05-24 14:00:00,2.5
13765,2023-05-24 14:15:00,3.3
13766,2023-05-24 14:30:00,3.1
13767,2023-05-24 14:45:00,7.1
13768,2023-05-24 15:00:00,6.8
13769,2023-05-24 15:15:00,5.4
13770,2023-05-24 15:30:00,4.1
13771,2023-05-24 15:45:00,4.2
13772,2023-05-24 16:00:00,3.7
13773,2023-05-24 16:15:00,4.3
13774,2023-05-24 16:30:00,6.7
13775,2023-05-24 16:45:00,7.0
13776,2023-05-24 17:00:00,3.7
13777,2023-05-24 17:15:00,3.9
13778,2023-05-24 17:30:00,4.7
13779,2023-05-24 17:45:00,3.9
13780,2023-05-24 18:00:00,7.3
13781,2023-05-24 18:15:00,4.7
13782,2023-05-24 18:30:00,3.5
13783,2023-05-24 18:45:00,4.3
13784,2023-05-24 19:00:00,6.7
13785,2023-05-24 19:15:00,3.6
13786,2023-05-24 19:30:00,5.1
13787,2023-05-24 19:45:00,3.9
13788,2023-05-24 20:00:00,7.3
13789,2023-05-24 20:15:00,4.8
13790,2023-05-24 20:30:00,4.1
13791,2023-05-24 20:45:00,4.4
13792,2023-05-24 21:00:00,4.1
13793,2023-05-24 21:15:00,3.6
13794,2023-05-24 21:30:00,3.4
13795,2023-05-24 21:45:00,5.9
13796,2023-05-24 22:00:00,2.9
13797,2023-05-24 22:15:00,2.7
13798,2023-05-24 22:30:00,2.9
13799,2023-05-24 22:45:00,3.0
13800,2023-05-24 23:00:00,4.8
13801,2023-05-24 23:15:00,3.7
13802,2023-05-24 23:30:00,2.8
13803,2023-05-24 23:45:00,2.8
13804,2023-05-25 00:00:00,3.3
13805,2023-05-25 00:15:00,3.9
13806,2023-05-25 00:30:00,7.1
13807,2023-05-25 00:45:00,6.0
13808,2023-05-25 01:00:00,8.8
13809,2023-05-25 01:15:00,10.2
13810,2023-05-25 01:30:00,6.3
13811,2023-05-25 01:45:00,4.8
13812,2023-05-25 02:00:00,9.4
13813,2023-05-25 02:15:00,5.8
13814,2023-05-25 02:30:00,5.3
13815,2023-05-25 02:45:00,5.9
13816,2023-05-25 03:00:00,6.2
13817,2023-05-25 03:15:00,4.7
13818,2023-05-25 03:30:00,4.9
13819,2023-05-25 03:45:00,4.4
13820,2023-05-25 04:00:00,5.7
13821,2023-05-25 04:15:00,4.9
13822,2023-05-25 04:30:00,4.6
13823,2023-05-25 04:45:00,8.2
13824,2023-05-25 05:00:00,4.0
13825,2023-05-25 05:15:00,5.9
13826,2023-05-25 05:30:00,4.8
13827,2023-05-25 05:45:00,5.5
13828,2023-05-25 06:00:00,4.8
13829,2023-05-25 06:15:00,5.3
13830,2023-05-25 06:30:00,5.3
13831,2023-05-25 06:45:00,5.1
13832,2023-05-25 07:00:00,6.2
13833,2023-05-25 07:15:00,4.9
13834,2023-05-25 07:30:00,5.4
13835,2023-05-25 07:45:00,5.3
13836,2023-05-25 08:00:00,5.0
13837,2023-05-25 08:15:00,4.5
13838,2023-05-25 08:30:00,4.9
13839,2023-05-25 08:45:00,5.5
13840,2023-05-25 09:00:00,4.8
13841,2023-05-25 09:15:00,5.0
13842,2023-05-25 09:30:00,3.0
13843,2023-05-25 09:45:00,2.6
13844,2023-05-25 10:00:00,2.8
13845,2023-05-25 10:15:00,2.7
13846,2023-05-25 10:30:00,2.3
13847,2023-05-25 10:45:00,1.9
13848,2023-05-25 11:00:00,1.8
13849,2023-05-25 11:15:00,3.9
13850,2023-05-25 11:30:00,2.8
13851,2023-05-25 11:45:00,3.4
13852,2023-05-25 12:00:00,2.1
13853,2023-05-25 12:15:00,11.8
13854,2023-05-25 12:30:00,2.5
13855,2023-05-25 12:45:00,5.9
13856,2023-05-25 13:00:00,4.2
13857,2023-05-25 13:15:00,5.4
13858,2023-05-25 13:30:00,3.0
13859,2023-05-25 13:45:00,3.7
13860,2023-05-25 14:00:00,7.0
13861,2023-05-25 14:15:00,6.4
13862,2023-05-25 14:30:00,2.2
13863,2023-05-25 14:45:00,2.3
13864,2023-05-25 15:00:00,2.9
13865,2023-05-25 15:15:00,5.8
13866,2023-05-25 15:30:00,7.1
13867,2023-05-25 15:45:00,6.3
13868,2023-05-25 16:00:00,5.6
13869,2023-05-25 16:15:00,2.2
13870,2023-05-25 16:30:00,3.1
13871,2023-05-25 16:45:00,3.3
13872,2023-05-25 17:00:00,4.4
13873,2023-05-25 17:15:00,5.4
13874,2023-05-25 17:30:00,3.2
13875,2023-05-25 17:45:00,4.0
13876,2023-05-25 18:00:00,2.8
13877,2023-05-25 18:15:00,5.7
13878,2023-05-25 18:30:00,3.1
13879,2023-05-25 18:45:00,2.9
13880,2023-05-25 19:00:00,3.3
13881,2023-05-25 19:15:00,6.6
13882,2023-05-25 19:30:00,5.7
13883,2023-05-25 19:45:00,7.5
13884,2023-05-25 20:00:00,3.0
13885,2023-05-25 20:15:00,3.5
13886,2023-05-25 20:30:00,5.7
13887,2023-05-25 20:45:00,8.8
13888,2023-05-25 21:00:00,3.6
13889,2023-05-25 21:15:00,4.1
13890,2023-05-25 21:30:00,3.6
13891,2023-05-25 21:45:00,7.8
13892,2023-05-25 22:00:00,10.8
13893,2023-05-25 22:15:00,2.4
13894,2023-05-25 22:30:00,3.2
13895,2023-05-25 22:45:00,4.1
13896,2023-05-25 23:00:00,3.0
13897,2023-05-25 23:15:00,4.0
13898,2023-05-25 23:30:00,3.3
13899,2023-05-25 23:45:00,3.5
13900,2023-05-26 00:00:00,2.8
13901,2023-05-26 00:15:00,3.6
13902,2023-05-26 00:30:00,4.0
13903,2023-05-26 00:45:00,6.0
13904,2023-05-26 01:00:00,5.7
13905,2023-05-26 01:15:00,5.6
13906,2023-05-26 01:30:00,4.7
13907,2023-05-26 01:45:00,7.4
13908,2023-05-26 02:00:00,6.0
13909,2023-05-26 02:15:00,7.5
13910,2023-05-26 02:30:00,5.9
13911,2023-05-26 02:45:00,6.6
13912,2023-05-26 03:00:00,5.5
13913,2023-05-26 03:15:00,5.8
13914,2023-05-26 03:30:00,9.4
13915,2023-05-26 03:45:00,7.0
13916,2023-05-26 04:00:00,6.3
13917,2023-05-26 04:15:00,5.6
13918,2023-05-26 04:30:00,5.4
13919,2023-05-26 04:45:00,6.9
13920,2023-05-26 05:00:00,5.4
13921,2023-05-26 05:15:00,5.0
13922,2023-05-26 05:30:00,6.4
13923,2023-05-26 05:45:00,6.1
13924,2023-05-26 06:00:00,6.4
13925,2023-05-26 06:15:00,5.8
13926,2023-05-26 06:30:00,6.2
13927,2023-05-26 06:45:00,6.9
13928,2023-05-26 07:00:00,5.2
13929,2023-05-26 07:15:00,5.3
13930,2023-05-26 07:30:00,5.7
13931,2023-05-26 07:45:00,6.9
13932,2023-05-26 08:00:00,5.8
13933,2023-05-26 08:15:00,6.5
13934,2023-05-26 08:30:00,5.8
13935,2023-05-26 08:45:00,6.2
13936,2023-05-26 09:00:00,5.4
13937,2023-05-26 09:15:00,5.1
13938,2023-05-26 09:30:00,2.8
13939,2023-05-26 09:45:00,4.2
13940,2023-05-26 10:00:00,2.9
13941,2023-05-26 10:15:00,3.4
13942,2023-05-26 10:30:00,3.6
13943,2023-05-26 10:45:00,3.5
13944,2023-05-26 11:00:00,2.7
13945,2023-05-26 11:15:00,6.7
13946,2023-05-26 11:30:00,3.2
13947,2023-05-26 11:45:00,4.1
13948,2023-05-26 12:00:00,3.1
13949,2023-05-26 12:15:00,3.5
13950,2023-05-26 12:30:00,2.8
13951,2023-05-26 12:45:00,5.7
13952,2023-05-26 13:00:00,3.1
13953,2023-05-26 13:15:00,3.6
13954,2023-05-26 13:30:00,3.4
13955,2023-05-26 13:45:00,4.7
13956,2023-05-26 14:00:00,3.5
13957,2023-05-26 14:15:00,2.4
13958,2023-05-26 14:30:00,2.6
13959,2023-05-26 14:45:00,7.4
13960,2023-05-26 15:00:00,2.7
13961,2023-05-26 15:15:00,3.8
13962,2023-05-26 15:30:00,7.9
13963,2023-05-26 15:45:00,4.1
13964,2023-05-26 16:00:00,5.1
13965,2023-05-26 16:15:00,6.6
13966,2023-05-26 16:30:00,3.0
13967,2023-05-26 16:45:00,3.9
13968,2023-05-26 17:00:00,3.3
13969,2023-05-26 17:15:00,6.5
13970,2023-05-26 17:30:00,6.9
13971,2023-05-26 17:45:00,7.8
13972,2023-05-26 18:00:00,5.4
13973,2023-05-26 18:15:00,6.5
13974,2023-05-26 18:30:00,5.1
13975,2023-05-26 18:45:00,4.3
13976,2023-05-26 19:00:00,6.3
13977,2023-05-26 19:15:00,4.6
13978,2023-05-26 19:30:00,6.5
13979,2023-05-26 19:45:00,4.6
13980,2023-05-26 20:00:00,3.1
13981,2023-05-26 20:15:00,3.5
13982,2023-05-26 20:30:00,3.0
13983,2023-05-26 20:45:00,5.0
13984,2023-05-26 21:00:00,3.4
13985,2023-05-26 21:15:00,6.8
13986,2023-05-26 21:30:00,4.5
13987,2023-05-26 21:45:00,7.8
13988,2023-05-26 22:00:00,7.2
13989,2023-05-26 22:15:00,3.4
13990,2023-05-26 22:30:00,2.7
13991,2023-05-26 22:45:00,3.9
13992,2023-05-26 23:00:00,9.4
13993,2023-05-26 23:15:00,4.3
13994,2023-05-26 23:30:00,3.4
13995,2023-05-26 23:45:00,5.5
13996,2023-05-27 00:00:00,3.2
13997,2023-05-27 00:15:00,3.0
13998,2023-05-27 00:30:00,4.2
13999,2023-05-27 00:45:00,5.7
14000,2023-05-27 01:00:00,6.4
14001,2023-05-27 01:15:00,5.4
14002,2023-05-27 01:30:00,6.3
14003,2023-05-27 01:45:00,9.1
14004,2023-05-27 02:00:00,7.0
14005,2023-05-27 02:15:00,6.9
14006,2023-05-27 02:30:00,7.6
14007,2023-05-27 02:45:00,6.2
14008,2023-05-27 03:00:00,6.4
14009,2023-05-27 03:15:00,5.3
14010,2023-05-27 03:30:00,6.5
14011,2023-05-27 03:45:00,5.3
14012,2023-05-27 04:00:00,5.9
14013,2023-05-27 04:15:00,7.1
14014,2023-05-27 04:30:00,9.2
14015,2023-05-27 04:45:00,6.6
14016,2023-05-27 05:00:00,6.1
14017,2023-05-27 05:15:00,6.4
14018,2023-05-27 05:30:00,6.5
14019,2023-05-27 05:45:00,5.9
14020,2023-05-27 06:00:00,5.8
14021,2023-05-27 06:15:00,6.3
14022,2023-05-27 06:30:00,6.2
14023,2023-05-27 06:45:00,6.5
14024,2023-05-27 07:00:00,6.3
14025,2023-05-27 07:15:00,6.3
14026,2023-05-27 07:30:00,7.3
14027,2023-05-27 07:45:00,6.6
14028,2023-05-27 08:00:00,5.2
14029,2023-05-27 08:15:00,5.6
14030,2023-05-27 08:30:00,5.9
14031,2023-05-27 08:45:00,5.3
14032,2023-05-27 09:00:00,5.8
14033,2023-05-27 09:15:00,6.0
14034,2023-05-27 09:30:00,4.0
14035,2023-05-27 09:45:00,4.6
14036,2023-05-27 10:00:00,2.7
14037,2023-05-27 10:15:00,9.0
14038,2023-05-27 10:30:00,6.7
14039,2023-05-27 10:45:00,6.8
14040,2023-05-27 11:00:00,11.4
14041,2023-05-27 11:15:00,6.7
14042,2023-05-27 11:30:00,9.7
14043,2023-05-27 11:45:00,7.8
14044,2023-05-27 12:00:00,27.4
14045,2023-05-27 12:15:00,27.8
14046,2023-05-27 12:30:00,21.9
14047,2023-05-27 12:45:00,29.2
14048,2023-05-27 13:00:00,36.5
14049,2023-05-27 13:15:00,22.8
14050,2023-05-27 13:30:00,29.0
14051,2023-05-27 13:45:00,27.4
14052,2023-05-27 14:00:00,23.2
14053,2023-05-27 14:15:00,26.5
14054,2023-05-27 14:30:00,37.9
14055,2023-05-27 14:45:00,29.3
14056,2023-05-27 15:00:00,35.3
14057,2023-05-27 15:15:00,32.6
14058,2023-05-27 15:30:00,28.1
14059,2023-05-27 15:45:00,19.4
14060,2023-05-27 16:00:00,22.5
14061,2023-05-27 16:15:00,19.4
14062,2023-05-27 16:30:00,25.8
14063,2023-05-27 16:45:00,21.3
14064,2023-05-27 17:00:00,26.8
14065,2023-05-27 17:15:00,26.5
14066,2023-05-27 17:30:00,16.4
14067,2023-05-27 17:45:00,21.0
14068,2023-05-27 18:00:00,24.4
14069,2023-05-27 18:15:00,21.9
14070,2023-05-27 18:30:00,18.1
14071,2023-05-27 18:45:00,22.4
14072,2023-05-27 19:00:00,16.8
14073,2023-05-27 19:15:00,23.2
14074,2023-05-27 19:30:00,15.4
14075,2023-05-27 19:45:00,13.0
14076,2023-05-27 20:00:00,15.5
14077,2023-05-27 20:15:00,11.6
14078,2023-05-27 20:30:00,10.8
14079,2023-05-27 20:45:00,10.9
14080,2023-05-27 21:00:00,10.9
14081,2023-05-27 21:15:00,11.1
14082,2023-05-27 21:30:00,6.3
14083,2023-05-27 21:45:00,4.8
14084,2023-05-27 22:00:00,2.7
14085,2023-05-27 22:15:00,2.9
14086,2023-05-27 22:30:00,3.5
14087,2023-05-27 22:45:00,2.8
14088,2023-05-27 23:00:00,3.6
14089,2023-05-27 23:15:00,3.4
14090,2023-05-27 23:30:00,2.9
14091,2023-05-27 23:45:00,3.4
14092,2023-05-28 00:00:00,3.2
14093,2023-05-28 00:15:00,3.9
14094,2023-05-28 00:30:00,3.5
14095,2023-05-28 00:45:00,5.8
14096,2023-05-28 01:00:00,6.0
14097,2023-05-28 01:15:00,6.3
14098,2023-05-28 01:30:00,6.4
14099,2023-05-28 01:45:00,5.4
14100,2023-05-28 02:00:00,6.9
14101,2023-05-28 02:15:00,5.3
14102,2023-05-28 02:30:00,6.5
14103,2023-05-28 02:45:00,5.3
14104,2023-05-28 03:00:00,6.1
14105,2023-05-28 03:15:00,6.3
14106,2023-05-28 03:30:00,5.7
14107,2023-05-28 03:45:00,5.6
14108,2023-05-28 04:00:00,5.7
14109,2023-05-28 04:15:00,5.1
14110,2023-05-28 04:30:00,5.8
14111,2023-05-28 04:45:00,6.4
14112,2023-05-28 05:00:00,6.2
14113,2023-05-28 05:15:00,5.7
14114,2023-05-28 05:30:00,5.6
14115,2023-05-28 05:45:00,9.3
14116,2023-05-28 06:00:00,5.3
14117,2023-05-28 06:15:00,9.4
14118,2023-05-28 06:30:00,9.5
14119,2023-05-28 06:45:00,5.4
14120,2023-05-28 07:00:00,5.6
14121,2023-05-28 07:15:00,4.9
14122,2023-05-28 07:30:00,5.3
14123,2023-05-28 07:45:00,6.5
14124,2023-05-28 08:00:00,5.8
14125,2023-05-28 08:15:00,6.6
14126,2023-05-28 08:30:00,5.2
14127,2023-05-28 08:45:00,6.0
14128,2023-05-28 09:00:00,6.0
14129,2023-05-28 09:15:00,5.4
14130,2023-05-28 09:30:00,2.5
14131,2023-05-28 09:45:00,3.0
14132,2023-05-28 10:00:00,2.0
14133,2023-05-28 10:15:00,8.5
14134,2023-05-28 10:30:00,3.1
14135,2023-05-28 10:45:00,3.1
14136,2023-05-28 11:00:00,2.0
14137,2023-05-28 11:15:00,2.8
14138,2023-05-28 11:30:00,2.9
14139,2023-05-28 11:45:00,1.8
14140,2023-05-28 12:00:00,2.8
14141,2023-05-28 12:15:00,2.3
14142,2023-05-28 12:30:00,3.4
14143,2023-05-28 12:45:00,3.3
14144,2023-05-28 13:00:00,3.3
14145,2023-05-28 13:15:00,3.4
14146,2023-05-28 13:30:00,7.2
14147,2023-05-28 13:45:00,2.4
14148,2023-05-28 14:00:00,2.3
14149,2023-05-28 14:15:00,3.6
14150,2023-05-28 14:30:00,2.0
14151,2023-05-28 14:45:00,2.4
14152,2023-05-28 15:00:00,9.1
14153,2023-05-28 15:15:00,3.1
14154,2023-05-28 15:30:00,3.2
14155,2023-05-28 15:45:00,3.5
14156,2023-05-28 16:00:00,3.6
14157,2023-05-28 16:15:00,3.5
14158,2023-05-28 16:30:00,3.3
14159,2023-05-28 16:45:00,2.7
14160,2023-05-28 17:00:00,2.7
14161,2023-05-28 17:15:00,3.3
14162,2023-05-28 17:30:00,2.4
14163,2023-05-28 17:45:00,3.6
14164,2023-05-28 18:00:00,2.6
14165,2023-05-28 18:15:00,3.3
14166,2023-05-28 18:30:00,6.5
14167,2023-05-28 18:45:00,3.7
14168,2023-05-28 19:00:00,3.6
14169,2023-05-28 19:15:00,2.8
14170,2023-05-28 19:30:00,7.4
14171,2023-05-28 19:45:00,3.3
14172,2023-05-28 20:00:00,6.7
14173,2023-05-28 20:15:00,3.3
14174,2023-05-28 20:30:00,4.1
14175,2023-05-28 20:45:00,4.0
14176,2023-05-28 21:00:00,3.5
14177,2023-05-28 21:15:00,2.6
14178,2023-05-28 21:30:00,3.3
14179,2023-05-28 21:45:00,3.3
14180,2023-05-28 22:00:00,3.3
14181,2023-05-28 22:15:00,3.7
14182,2023-05-28 22:30:00,3.7
14183,2023-05-28 22:45:00,3.3
14184,2023-05-28 23:00:00,2.4
14185,2023-05-28 23:15:00,3.5
14186,2023-05-28 23:30:00,3.0
14187,2023-05-28 23:45:00,3.8
14188,2023-05-29 00:00:00,2.3
14189,2023-05-29 00:15:00,11.2
14190,2023-05-29 00:30:00,10.9
14191,2023-05-29 00:45:00,13.3
14192,2023-05-29 01:00:00,14.3
14193,2023-05-29 01:15:00,14.0
14194,2023-05-29 01:30:00,12.8
14195,2023-05-29 01:45:00,13.6
14196,2023-05-29 02:00:00,13.2
14197,2023-05-29 02:15:00,13.6
14198,2023-05-29 02:30:00,16.5
14199,2023-05-29 02:45:00,18.5
14200,2023-05-29 03:00:00,12.8
14201,2023-05-29 03:15:00,13.1
14202,2023-05-29 03:30:00,15.7
14203,2023-05-29 03:45:00,16.3
14204,2023-05-29 04:00:00,13.3
14205,2023-05-29 04:15:00,12.9
14206,2023-05-29 04:30:00,12.3
14207,2023-05-29 04:45:00,13.4
14208,2023-05-29 05:00:00,12.4
14209,2023-05-29 05:15:00,12.4
14210,2023-05-29 05:30:00,11.9
14211,2023-05-29 05:45:00,13.7
14212,2023-05-29 06:00:00,12.6
14213,2023-05-29 06:15:00,12.7
14214,2023-05-29 06:30:00,12.4
14215,2023-05-29 06:45:00,12.9
14216,2023-05-29 07:00:00,12.5
14217,2023-05-29 07:15:00,13.2
14218,2023-05-29 07:30:00,12.4
14219,2023-05-29 07:45:00,13.1
14220,2023-05-29 08:00:00,12.4
14221,2023-05-29 08:15:00,12.9
14222,2023-05-29 08:30:00,13.1
14223,2023-05-29 08:45:00,15.7
14224,2023-05-29 09:00:00,15.2
14225,2023-05-29 09:15:00,15.7
14226,2023-05-29 09:30:00,2.9
14227,2023-05-29 09:45:00,2.3
14228,2023-05-29 10:00:00,3.1
14229,2023-05-29 10:15:00,4.0
14230,2023-05-29 10:30:00,3.0
14231,2023-05-29 10:45:00,2.9
14232,2023-05-29 11:00:00,3.0
14233,2023-05-29 11:15:00,3.4
14234,2023-05-29 11:30:00,3.6
14235,2023-05-29 11:45:00,3.0
14236,2023-05-29 12:00:00,3.6
14237,2023-05-29 12:15:00,3.0
14238,2023-05-29 12:30:00,3.2
14239,2023-05-29 12:45:00,2.7
14240,2023-05-29 13:00:00,2.9
14241,2023-05-29 13:15:00,2.2
14242,2023-05-29 13:30:00,2.4
14243,2023-05-29 13:45:00,2.8
14244,2023-05-29 14:00:00,3.0
14245,2023-05-29 14:15:00,2.6
14246,2023-05-29 14:30:00,2.3
14247,2023-05-29 14:45:00,3.4
14248,2023-05-29 15:00:00,3.8
14249,2023-05-29 15:15:00,2.6
14250,2023-05-29 15:30:00,4.2
14251,2023-05-29 15:45:00,3.5
14252,2023-05-29 16:00:00,7.0
14253,2023-05-29 16:15:00,4.0
14254,2023-05-29 16:30:00,3.7
14255,2023-05-29 16:45:00,3.2
14256,2023-05-29 17:00:00,3.4
14257,2023-05-29 17:15:00,3.0
14258,2023-05-29 17:30:00,4.0
14259,2023-05-29 17:45:00,4.1
14260,2023-05-29 18:00:00,3.2
14261,2023-05-29 18:15:00,3.7
14262,2023-05-29 18:30:00,4.1
14263,2023-05-29 18:45:00,3.2
14264,2023-05-29 19:00:00,3.3
14265,2023-05-29 19:15:00,3.3
14266,2023-05-29 19:30:00,3.6
14267,2023-05-29 19:45:00,8.4
14268,2023-05-29 20:00:00,4.1
14269,2023-05-29 20:15:00,3.6
14270,2023-05-29 20:30:00,3.1
14271,2023-05-29 20:45:00,4.1
14272,2023-05-29 21:00:00,3.5
14273,2023-05-29 21:15:00,4.1
14274,2023-05-29 21:30:00,3.6
14275,2023-05-29 21:45:00,2.7
14276,2023-05-29 22:00:00,2.6
14277,2023-05-29 22:15:00,4.6
14278,2023-05-29 22:30:00,4.8
14279,2023-05-29 22:45:00,3.5
14280,2023-05-29 23:00:00,3.7
14281,2023-05-29 23:15:00,6.9
14282,2023-05-29 23:30:00,2.2
14283,2023-05-29 23:45:00,7.2
14284,2023-05-30 00:00:00,4.1
14285,2023-05-30 00:15:00,4.1
14286,2023-05-30 00:30:00,1.8
14287,2023-05-30 00:45:00,6.1
14288,2023-05-30 01:00:00,6.7
14289,2023-05-30 01:15:00,5.7
14290,2023-05-30 01:30:00,5.1
14291,2023-05-30 01:45:00,6.6
14292,2023-05-30 02:00:00,4.8
14293,2023-05-30 02:15:00,5.4
14294,2023-05-30 02:30:00,6.0
14295,2023-05-30 02:45:00,6.2
14296,2023-05-30 03:00:00,6.6
14297,2023-05-30 03:15:00,5.9
14298,2023-05-30 03:30:00,7.5
14299,2023-05-30 03:45:00,5.5
14300,2023-05-30 04:00:00,6.4
14301,2023-05-30 04:15:00,6.3
14302,2023-05-30 04:30:00,6.3
14303,2023-05-30 04:45:00,5.8
14304,2023-05-30 05:00:00,7.3
14305,2023-05-30 05:15:00,5.5
14306,2023-05-30 05:30:00,6.3
14307,2023-05-30 05:45:00,5.6
14308,2023-05-30 06:00:00,5.6
14309,2023-05-30 06:15:00,5.3
14310,2023-05-30 06:30:00,5.9
14311,2023-05-30 06:45:00,6.3
14312,2023-05-30 07:00:00,5.3
14313,2023-05-30 07:15:00,6.3
14314,2023-05-30 07:30:00,6.1
14315,2023-05-30 07:45:00,5.6
14316,2023-05-30 08:00:00,5.2
14317,2023-05-30 08:15:00,9.7
14318,2023-05-30 08:30:00,5.1
14319,2023-05-30 08:45:00,5.5
14320,2023-05-30 09:00:00,6.1
14321,2023-05-30 09:15:00,5.7
14322,2023-05-30 09:30:00,3.6
14323,2023-05-30 09:45:00,3.0
14324,2023-05-30 10:00:00,2.8
14325,2023-05-30 10:15:00,4.6
14326,2023-05-30 10:30:00,2.8
14327,2023-05-30 10:45:00,4.0
14328,2023-05-30 11:00:00,6.0
14329,2023-05-30 11:15:00,3.3
14330,2023-05-30 11:30:00,3.4
14331,2023-05-30 11:45:00,4.9
14332,2023-05-30 12:00:00,3.2
14333,2023-05-30 12:15:00,4.5
14334,2023-05-30 12:30:00,2.8
14335,2023-05-30 12:45:00,6.6
14336,2023-05-30 13:00:00,3.5
14337,2023-05-30 13:15:00,3.7
14338,2023-05-30 13:30:00,8.7
14339,2023-05-30 13:45:00,5.6
14340,2023-05-30 14:00:00,3.3
14341,2023-05-30 14:15:00,5.3
14342,2023-05-30 14:30:00,6.3
14343,2023-05-30 14:45:00,6.3
14344,2023-05-30 15:00:00,2.8
14345,2023-05-30 15:15:00,5.2
14346,2023-05-30 15:30:00,7.3
14347,2023-05-30 15:45:00,5.4
14348,2023-05-30 16:00:00,3.4
14349,2023-05-30 16:15:00,8.4
14350,2023-05-30 16:30:00,3.6
14351,2023-05-30 16:45:00,2.7
14352,2023-05-30 17:00:00,2.7
14353,2023-05-30 17:15:00,3.4
14354,2023-05-30 17:30:00,5.2
14355,2023-05-30 17:45:00,3.8
14356,2023-05-30 18:00:00,3.2
14357,2023-05-30 18:15:00,6.4
14358,2023-05-30 18:30:00,6.1
14359,2023-05-30 18:45:00,5.1
14360,2023-05-30 19:00:00,6.3
14361,2023-05-30 19:15:00,3.8
14362,2023-05-30 19:30:00,4.1
14363,2023-05-30 19:45:00,3.1
14364,2023-05-30 20:00:00,5.4
14365,2023-05-30 20:15:00,3.1
14366,2023-05-30 20:30:00,3.8
14367,2023-05-30 20:45:00,9.5
14368,2023-05-30 21:00:00,5.0
14369,2023-05-30 21:15:00,3.3
14370,2023-05-30 21:30:00,7.9
14371,2023-05-30 21:45:00,2.7
14372,2023-05-30 22:00:00,4.3
14373,2023-05-30 22:15:00,4.2
14374,2023-05-30 22:30:00,4.2
14375,2023-05-30 22:45:00,3.5
14376,2023-05-30 23:00:00,7.9
14377,2023-05-30 23:15:00,3.6
14378,2023-05-30 23:30:00,3.2
14379,2023-05-30 23:45:00,2.6
14380,2023-05-31 00:00:00,4.5
14381,2023-05-31 00:15:00,2.7
14382,2023-05-31 00:30:00,3.5
14383,2023-05-31 00:45:00,5.9
14384,2023-05-31 01:00:00,7.6
14385,2023-05-31 01:15:00,5.3
14386,2023-05-31 01:30:00,7.1
14387,2023-05-31 01:45:00,5.8
14388,2023-05-31 02:00:00,6.4
14389,2023-05-31 02:15:00,5.4
14390,2023-05-31 02:30:00,7.0
14391,2023-05-31 02:45:00,7.0
14392,2023-05-31 03:00:00,5.1
14393,2023-05-31 03:15:00,6.5
14394,2023-05-31 03:30:00,5.6
14395,2023-05-31 03:45:00,6.6
14396,2023-05-31 04:00:00,6.2
14397,2023-05-31 04:15:00,6.2
14398,2023-05-31 04:30:00,6.1
14399,2023-05-31 04:45:00,6.1
14400,2023-05-31 05:00:00,6.4
14401,2023-05-31 05:15:00,6.1
14402,2023-05-31 05:30:00,5.9
14403,2023-05-31 05:45:00,6.7
14404,2023-05-31 06:00:00,8.7
14405,2023-05-31 06:15:00,5.8
14406,2023-05-31 06:30:00,7.3
14407,2023-05-31 06:45:00,6.1
14408,2023-05-31 07:00:00,5.1
14409,2023-05-31 07:15:00,5.8
14410,2023-05-31 07:30:00,6.2
14411,2023-05-31 07:45:00,5.2
14412,2023-05-31 08:00:00,6.2
14413,2023-05-31 08:15:00,5.7
14414,2023-05-31 08:30:00,7.2
14415,2023-05-31 08:45:00,5.6
14416,2023-05-31 09:00:00,6.8
14417,2023-05-31 09:15:00,6.3
14418,2023-05-31 09:30:00,3.4
14419,2023-05-31 09:45:00,2.6
14420,2023-05-31 10:00:00,3.7
14421,2023-05-31 10:15:00,3.3
14422,2023-05-31 10:30:00,2.7
14423,2023-05-31 10:45:00,5.6
14424,2023-05-31 11:00:00,3.2
14425,2023-05-31 11:15:00,3.4
14426,2023-05-31 11:30:00,3.3
14427,2023-05-31 11:45:00,2.7
14428,2023-05-31 12:00:00,3.3
14429,2023-05-31 12:15:00,4.2
14430,2023-05-31 12:30:00,3.8
14431,2023-05-31 12:45:00,3.7
14432,2023-05-31 13:00:00,7.5
14433,2023-05-31 13:15:00,10.7
14434,2023-05-31 13:30:00,2.8
14435,2023-05-31 13:45:00,2.8
14436,2023-05-31 14:00:00,4.0
14437,2023-05-31 14:15:00,3.6
14438,2023-05-31 14:30:00,3.6
14439,2023-05-31 14:45:00,6.0
14440,2023-05-31 15:00:00,3.5
14441,2023-05-31 15:15:00,3.0
14442,2023-05-31 15:30:00,3.3
14443,2023-05-31 15:45:00,4.1
14444,2023-05-31 16:00:00,4.5
14445,2023-05-31 16:15:00,3.2
14446,2023-05-31 16:30:00,3.6
14447,2023-05-31 16:45:00,4.0
14448,2023-05-31 17:00:00,3.8
14449,2023-05-31 17:15:00,3.7
14450,2023-05-31 17:30:00,5.9
14451,2023-05-31 17:45:00,4.3
14452,2023-05-31 18:00:00,2.6
14453,2023-05-31 18:15:00,4.9
14454,2023-05-31 18:30:00,3.9
14455,2023-05-31 18:45:00,5.4
14456,2023-05-31 19:00:00,4.2
14457,2023-05-31 19:15:00,3.8
14458,2023-05-31 19:30:00,3.6
14459,2023-05-31 19:45:00,4.4
14460,2023-05-31 20:00:00,6.6
14461,2023-05-31 20:15:00,2.9
14462,2023-05-31 20:30:00,9.2
14463,2023-05-31 20:45:00,8.8
14464,2023-05-31 21:00:00,5.8
14465,2023-05-31 21:15:00,5.1
14466,2023-05-31 21:30:00,3.6
14467,2023-05-31 21:45:00,3.5
14468,2023-05-31 22:00:00,3.9
14469,2023-05-31 22:15:00,2.8
14470,2023-05-31 22:30:00,3.7
14471,2023-05-31 22:45:00,2.9
14472,2023-05-31 23:00:00,3.2
14473,2023-05-31 23:15:00,3.3
14474,2023-05-31 23:30:00,2.6
14475,2023-05-31 23:45:00,3.3
14476,2023-06-01 00:00:00,3.6
14477,2023-06-01 00:15:00,2.8
14478,2023-06-01 00:30:00,3.1
14479,2023-06-01 00:45:00,6.7
14480,2023-06-01 01:00:00,7.4
14481,2023-06-01 01:15:00,6.2
14482,2023-06-01 01:30:00,9.4
14483,2023-06-01 01:45:00,10.0
14484,2023-06-01 02:00:00,6.2
14485,2023-06-01 02:15:00,5.5
14486,2023-06-01 02:30:00,6.0
14487,2023-06-01 02:45:00,5.9
14488,2023-06-01 03:00:00,6.5
14489,2023-06-01 03:15:00,5.1
14490,2023-06-01 03:30:00,6.0
14491,2023-06-01 03:45:00,5.9
14492,2023-06-01 04:00:00,6.8
14493,2023-06-01 04:15:00,5.6
14494,2023-06-01 04:30:00,6.0
14495,2023-06-01 04:45:00,5.5
14496,2023-06-01 05:00:00,6.3
14497,2023-06-01 05:15:00,5.2
14498,2023-06-01 05:30:00,4.8
14499,2023-06-01 05:45:00,6.4
14500,2023-06-01 06:00:00,8.2
14501,2023-06-01 06:15:00,5.6
14502,2023-06-01 06:30:00,6.0
14503,2023-06-01 06:45:00,5.9
14504,2023-06-01 07:00:00,5.3
14505,2023-06-01 07:15:00,5.6
14506,2023-06-01 07:30:00,5.1
14507,2023-06-01 07:45:00,5.2
14508,2023-06-01 08:00:00,5.6
14509,2023-06-01 08:15:00,6.1
14510,2023-06-01 08:30:00,5.9
14511,2023-06-01 08:45:00,5.9
14512,2023-06-01 09:00:00,5.7
14513,2023-06-01 09:15:00,5.1
14514,2023-06-01 09:30:00,2.2
14515,2023-06-01 09:45:00,5.1
14516,2023-06-01 10:00:00,2.3
14517,2023-06-01 10:15:00,2.7
14518,2023-06-01 10:30:00,2.9
14519,2023-06-01 10:45:00,3.0
14520,2023-06-01 11:00:00,6.6
14521,2023-06-01 11:15:00,4.0
14522,2023-06-01 11:30:00,3.2
14523,2023-06-01 11:45:00,4.0
14524,2023-06-01 12:00:00,2.2
14525,2023-06-01 12:15:00,3.7
14526,2023-06-01 12:30:00,3.1
14527,2023-06-01 12:45:00,3.6
14528,2023-06-01 13:00:00,2.8
14529,2023-06-01 13:15:00,2.9
14530,2023-06-01 13:30:00,6.1
14531,2023-06-01 13:45:00,4.1
14532,2023-06-01 14:00:00,2.1
14533,2023-06-01 14:15:00,3.3
14534,2023-06-01 14:30:00,3.3
14535,2023-06-01 14:45:00,2.5
14536,2023-06-01 15:00:00,3.1
14537,2023-06-01 15:15:00,3.1
14538,2023-06-01 15:30:00,4.2
14539,2023-06-01 15:45:00,3.5
14540,2023-06-01 16:00:00,2.9
14541,2023-06-01 16:15:00,2.6
14542,2023-06-01 16:30:00,3.3
14543,2023-06-01 16:45:00,2.6
14544,2023-06-01 17:00:00,4.6
14545,2023-06-01 17:15:00,4.4
14546,2023-06-01 17:30:00,3.8
14547,2023-06-01 17:45:00,2.8
14548,2023-06-01 18:00:00,3.3
14549,2023-06-01 18:15:00,3.5
14550,2023-06-01 18:30:00,3.2
14551,2023-06-01 18:45:00,3.4
14552,2023-06-01 19:00:00,3.5
14553,2023-06-01 19:15:00,3.8
14554,2023-06-01 19:30:00,3.7
14555,2023-06-01 19:45:00,3.3
14556,2023-06-01 20:00:00,3.0
14557,2023-06-01 20:15:00,2.9
14558,2023-06-01 20:30:00,7.4
14559,2023-06-01 20:45:00,4.3
14560,2023-06-01 21:00:00,2.5
14561,2023-06-01 21:15:00,3.8
14562,2023-06-01 21:30:00,4.9
14563,2023-06-01 21:45:00,4.0
14564,2023-06-01 22:00:00,2.9
14565,2023-06-01 22:15:00,4.0
14566,2023-06-01 22:30:00,3.2
14567,2023-06-01 22:45:00,4.0
14568,2023-06-01 23:00:00,2.8
14569,2023-06-01 23:15:00,4.3
14570,2023-06-01 23:30:00,3.3
14571,2023-06-01 23:45:00,4.4
14572,2023-06-02 00:00:00,3.4
14573,2023-06-02 00:15:00,4.7
14574,2023-06-02 00:30:00,2.9
14575,2023-06-02 00:45:00,5.6
14576,2023-06-02 01:00:00,5.3
14577,2023-06-02 01:15:00,6.6
14578,2023-06-02 01:30:00,6.0
14579,2023-06-02 01:45:00,6.2
14580,2023-06-02 02:00:00,4.5
14581,2023-06-02 02:15:00,5.6
14582,2023-06-02 02:30:00,5.8
14583,2023-06-02 02:45:00,6.6
14584,2023-06-02 03:00:00,5.7
14585,2023-06-02 03:15:00,5.3
14586,2023-06-02 03:30:00,6.3
14587,2023-06-02 03:45:00,6.3
14588,2023-06-02 04:00:00,5.4
14589,2023-06-02 04:15:00,5.2
14590,2023-06-02 04:30:00,6.6
14591,2023-06-02 04:45:00,9.2
14592,2023-06-02 05:00:00,5.7
14593,2023-06-02 05:15:00,5.5
14594,2023-06-02 05:30:00,6.5
14595,2023-06-02 05:45:00,5.9
14596,2023-06-02 06:00:00,5.7
14597,2023-06-02 06:15:00,6.4
14598,2023-06-02 06:30:00,6.0
14599,2023-06-02 06:45:00,5.3
14600,2023-06-02 07:00:00,5.7
14601,2023-06-02 07:15:00,5.3
14602,2023-06-02 07:30:00,5.5
14603,2023-06-02 07:45:00,6.4
14604,2023-06-02 08:00:00,5.3
14605,2023-06-02 08:15:00,6.3
14606,2023-06-02 08:30:00,5.6
14607,2023-06-02 08:45:00,5.7
14608,2023-06-02 09:00:00,5.5
14609,2023-06-02 09:15:00,5.5
14610,2023-06-02 09:30:00,3.2
14611,2023-06-02 09:45:00,4.2
14612,2023-06-02 10:00:00,2.4
14613,2023-06-02 10:15:00,3.8
14614,2023-06-02 10:30:00,3.2
14615,2023-06-02 10:45:00,6.5
14616,2023-06-02 11:00:00,6.8
14617,2023-06-02 11:15:00,3.0
14618,2023-06-02 11:30:00,6.3
14619,2023-06-02 11:45:00,8.0
14620,2023-06-02 12:00:00,2.7
14621,2023-06-02 12:15:00,3.1
14622,2023-06-02 12:30:00,2.9
14623,2023-06-02 12:45:00,4.3
14624,2023-06-02 13:00:00,2.3
14625,2023-06-02 13:15:00,4.0
14626,2023-06-02 13:30:00,2.5
14627,2023-06-02 13:45:00,3.1
14628,2023-06-02 14:00:00,2.5
14629,2023-06-02 14:15:00,2.9
14630,2023-06-02 14:30:00,2.7
14631,2023-06-02 14:45:00,3.3
14632,2023-06-02 15:00:00,3.5
14633,2023-06-02 15:15:00,2.6
14634,2023-06-02 15:30:00,7.8
14635,2023-06-02 15:45:00,6.4
14636,2023-06-02 16:00:00,4.2
14637,2023-06-02 16:15:00,2.6
14638,2023-06-02 16:30:00,3.4
14639,2023-06-02 16:45:00,3.0
14640,2023-06-02 17:00:00,3.7
14641,2023-06-02 17:15:00,11.0
14642,2023-06-02 17:30:00,4.5
14643,2023-06-02 17:45:00,3.5
14644,2023-06-02 18:00:00,3.0
14645,2023-06-02 18:15:00,6.2
14646,2023-06-02 18:30:00,4.0
14647,2023-06-02 18:45:00,3.3
14648,2023-06-02 19:00:00,4.2
14649,2023-06-02 19:15:00,4.6
14650,2023-06-02 19:30:00,5.0
14651,2023-06-02 19:45:00,9.2
14652,2023-06-02 20:00:00,7.9
14653,2023-06-02 20:15:00,3.1
14654,2023-06-02 20:30:00,4.1
14655,2023-06-02 20:45:00,4.3
14656,2023-06-02 21:00:00,5.0
14657,2023-06-02 21:15:00,2.6
14658,2023-06-02 21:30:00,4.5
14659,2023-06-02 21:45:00,3.1
14660,2023-06-02 22:00:00,4.1
14661,2023-06-02 22:15:00,3.3
14662,2023-06-02 22:30:00,4.8
14663,2023-06-02 22:45:00,3.4
14664,2023-06-02 23:00:00,5.2
14665,2023-06-02 23:15:00,3.2
14666,2023-06-02 23:30:00,4.3
14667,2023-06-02 23:45:00,2.7
14668,2023-06-03 00:00:00,5.0
14669,2023-06-03 00:15:00,3.1
14670,2023-06-03 00:30:00,3.1
14671,2023-06-03 00:45:00,5.9
14672,2023-06-03 01:00:00,7.0
14673,2023-06-03 01:15:00,5.3
14674,2023-06-03 01:30:00,5.7
14675,2023-06-03 01:45:00,7.3
14676,2023-06-03 02:00:00,6.0
14677,2023-06-03 02:15:00,7.9
14678,2023-06-03 02:30:00,5.9
14679,2023-06-03 02:45:00,7.5
14680,2023-06-03 03:00:00,11.9
14681,2023-06-03 03:15:00,6.4
14682,2023-06-03 03:30:00,6.1
14683,2023-06-03 03:45:00,5.2
14684,2023-06-03 04:00:00,6.3
14685,2023-06-03 04:15:00,6.4
14686,2023-06-03 04:30:00,5.5
14687,2023-06-03 04:45:00,4.7
14688,2023-06-03 05:00:00,10.1
14689,2023-06-03 05:15:00,9.7
14690,2023-06-03 05:30:00,6.4
14691,2023-06-03 05:45:00,5.2
14692,2023-06-03 06:00:00,5.9
14693,2023-06-03 06:15:00,5.9
14694,2023-06-03 06:30:00,5.6
14695,2023-06-03 06:45:00,5.7
14696,2023-06-03 07:00:00,5.5
14697,2023-06-03 07:15:00,5.3
14698,2023-06-03 07:30:00,6.5
14699,2023-06-03 07:45:00,4.9
14700,2023-06-03 08:00:00,6.1
14701,2023-06-03 08:15:00,6.5
14702,2023-06-03 08:30:00,5.9
14703,2023-06-03 08:45:00,6.2
14704,2023-06-03 09:00:00,5.4
14705,2023-06-03 09:15:00,5.5
14706,2023-06-03 09:30:00,3.5
14707,2023-06-03 09:45:00,2.7
14708,2023-06-03 10:00:00,2.0
14709,2023-06-03 10:15:00,4.2
14710,2023-06-03 10:30:00,3.4
14711,2023-06-03 10:45:00,2.5
14712,2023-06-03 11:00:00,3.3
14713,2023-06-03 11:15:00,5.8
14714,2023-06-03 11:30:00,3.2
14715,2023-06-03 11:45:00,2.6
14716,2023-06-03 12:00:00,5.3
14717,2023-06-03 12:15:00,2.3
14718,2023-06-03 12:30:00,3.7
14719,2023-06-03 12:45:00,3.3
14720,2023-06-03 13:00:00,4.3
14721,2023-06-03 13:15:00,2.3
14722,2023-06-03 13:30:00,4.5
14723,2023-06-03 13:45:00,2.8
14724,2023-06-03 14:00:00,4.0
14725,2023-06-03 14:15:00,6.0
14726,2023-06-03 14:30:00,4.4
14727,2023-06-03 14:45:00,3.3
14728,2023-06-03 15:00:00,2.5
14729,2023-06-03 15:15:00,3.4
14730,2023-06-03 15:30:00,3.9
14731,2023-06-03 15:45:00,3.6
14732,2023-06-03 16:00:00,4.0
14733,2023-06-03 16:15:00,3.7
14734,2023-06-03 16:30:00,8.3
14735,2023-06-03 16:45:00,4.0
14736,2023-06-03 17:00:00,3.3
14737,2023-06-03 17:15:00,2.4
14738,2023-06-03 17:30:00,3.0
14739,2023-06-03 17:45:00,2.7
14740,2023-06-03 18:00:00,3.4
14741,2023-06-03 18:15:00,2.0
14742,2023-06-03 18:30:00,3.6
14743,2023-06-03 18:45:00,4.6
14744,2023-06-03 19:00:00,3.1
14745,2023-06-03 19:15:00,3.6
14746,2023-06-03 19:30:00,3.8
14747,2023-06-03 19:45:00,3.8
14748,2023-06-03 20:00:00,4.1
14749,2023-06-03 20:15:00,3.8
14750,2023-06-03 20:30:00,2.6
14751,2023-06-03 20:45:00,3.0
14752,2023-06-03 21:00:00,3.1
14753,2023-06-03 21:15:00,3.2
14754,2023-06-03 21:30:00,3.3
14755,2023-06-03 21:45:00,7.3
14756,2023-06-03 22:00:00,4.3
14757,2023-06-03 22:15:00,6.6
14758,2023-06-03 22:30:00,6.5
14759,2023-06-03 22:45:00,4.5
14760,2023-06-03 23:00:00,2.7
14761,2023-06-03 23:15:00,2.5
14762,2023-06-03 23:30:00,3.7
14763,2023-06-03 23:45:00,3.3
14764,2023-06-04 00:00:00,6.0
14765,2023-06-04 00:15:00,4.3
14766,2023-06-04 00:30:00,3.0
14767,2023-06-04 00:45:00,4.3
14768,2023-06-04 01:00:00,8.5
14769,2023-06-04 01:15:00,6.3
14770,2023-06-04 01:30:00,6.3
14771,2023-06-04 01:45:00,4.8
14772,2023-06-04 02:00:00,6.5
14773,2023-06-04 02:15:00,6.0
14774,2023-06-04 02:30:00,5.5
14775,2023-06-04 02:45:00,5.6
14776,2023-06-04 03:00:00,5.5
14777,2023-06-04 03:15:00,6.3
14778,2023-06-04 03:30:00,5.0
14779,2023-06-04 03:45:00,5.5
14780,2023-06-04 04:00:00,5.7
14781,2023-06-04 04:15:00,10.8
14782,2023-06-04 04:30:00,6.0
14783,2023-06-04 04:45:00,6.6
14784,2023-06-04 05:00:00,5.1
14785,2023-06-04 05:15:00,5.3
14786,2023-06-04 05:30:00,6.3
14787,2023-06-04 05:45:00,5.2
14788,2023-06-04 06:00:00,8.6
14789,2023-06-04 06:15:00,5.7
14790,2023-06-04 06:30:00,5.6
14791,2023-06-04 06:45:00,4.6
14792,2023-06-04 07:00:00,9.9
14793,2023-06-04 07:15:00,5.8
14794,2023-06-04 07:30:00,5.8
14795,2023-06-04 07:45:00,5.5
14796,2023-06-04 08:00:00,4.9
14797,2023-06-04 08:15:00,5.9
14798,2023-06-04 08:30:00,5.7
14799,2023-06-04 08:45:00,9.4
14800,2023-06-04 09:00:00,5.8
14801,2023-06-04 09:15:00,5.5
14802,2023-06-04 09:30:00,4.7
14803,2023-06-04 09:45:00,2.4
14804,2023-06-04 10:00:00,4.9
14805,2023-06-04 10:15:00,3.2
14806,2023-06-04 10:30:00,2.9
14807,2023-06-04 10:45:00,1.8
14808,2023-06-04 11:00:00,2.3
14809,2023-06-04 11:15:00,2.9
14810,2023-06-04 11:30:00,4.2
14811,2023-06-04 11:45:00,2.8
14812,2023-06-04 12:00:00,4.2
14813,2023-06-04 12:15:00,3.6
14814,2023-06-04 12:30:00,3.8
14815,2023-06-04 12:45:00,2.2
14816,2023-06-04 13:00:00,3.2
14817,2023-06-04 13:15:00,3.8
14818,2023-06-04 13:30:00,4.0
14819,2023-06-04 13:45:00,2.6
14820,2023-06-04 14:00:00,6.3
14821,2023-06-04 14:15:00,6.3
14822,2023-06-04 14:30:00,9.0
14823,2023-06-04 14:45:00,2.4
14824,2023-06-04 15:00:00,3.6
14825,2023-06-04 15:15:00,3.2
14826,2023-06-04 15:30:00,2.3
14827,2023-06-04 15:45:00,1.9
14828,2023-06-04 16:00:00,2.9
14829,2023-06-04 16:15:00,3.8
14830,2023-06-04 16:30:00,1.9
14831,2023-06-04 16:45:00,2.7
14832,2023-06-04 17:00:00,1.8
14833,2023-06-04 17:15:00,4.0
14834,2023-06-04 17:30:00,2.5
14835,2023-06-04 17:45:00,3.2
14836,2023-06-04 18:00:00,2.4
14837,2023-06-04 18:15:00,4.0
14838,2023-06-04 18:30:00,3.9
14839,2023-06-04 18:45:00,3.0
14840,2023-06-04 19:00:00,3.5
14841,2023-06-04 19:15:00,3.7
14842,2023-06-04 19:30:00,3.0
14843,2023-06-04 19:45:00,2.6
14844,2023-06-04 20:00:00,4.3
14845,2023-06-04 20:15:00,2.5
14846,2023-06-04 20:30:00,3.5
14847,2023-06-04 20:45:00,2.4
14848,2023-06-04 21:00:00,2.4
14849,2023-06-04 21:15:00,2.4
14850,2023-06-04 21:30:00,3.3
14851,2023-06-04 21:45:00,2.5
14852,2023-06-04 22:00:00,1.9
14853,2023-06-04 22:15:00,3.2
14854,2023-06-04 22:30:00,6.0
14855,2023-06-04 22:45:00,6.1
14856,2023-06-04 23:00:00,2.4
14857,2023-06-04 23:15:00,4.2
14858,2023-06-04 23:30:00,3.6
14859,2023-06-04 23:45:00,3.6
14860,2023-06-05 00:00:00,8.0
14861,2023-06-05 00:15:00,3.4
14862,2023-06-05 00:30:00,5.5
14863,2023-06-05 00:45:00,3.6
14864,2023-06-05 01:00:00,5.6
14865,2023-06-05 01:15:00,5.8
14866,2023-06-05 01:30:00,6.6
14867,2023-06-05 01:45:00,4.9
14868,2023-06-05 02:00:00,5.3
14869,2023-06-05 02:15:00,5.5
14870,2023-06-05 02:30:00,5.3
14871,2023-06-05 02:45:00,5.9
14872,2023-06-05 03:00:00,5.7
14873,2023-06-05 03:15:00,6.1
14874,2023-06-05 03:30:00,6.4
14875,2023-06-05 03:45:00,5.0
14876,2023-06-05 04:00:00,4.9
14877,2023-06-05 04:15:00,5.1
14878,2023-06-05 04:30:00,5.6
14879,2023-06-05 04:45:00,5.0
14880,2023-06-05 05:00:00,5.0
14881,2023-06-05 05:15:00,5.6
14882,2023-06-05 05:30:00,5.9
14883,2023-06-05 05:45:00,8.7
14884,2023-06-05 06:00:00,8.4
14885,2023-06-05 06:15:00,6.1
14886,2023-06-05 06:30:00,5.4
14887,2023-06-05 06:45:00,5.5
14888,2023-06-05 07:00:00,5.7
14889,2023-06-05 07:15:00,4.9
14890,2023-06-05 07:30:00,5.8
14891,2023-06-05 07:45:00,5.7
14892,2023-06-05 08:00:00,6.2
14893,2023-06-05 08:15:00,5.5
14894,2023-06-05 08:30:00,6.3
14895,2023-06-05 08:45:00,6.0
14896,2023-06-05 09:00:00,5.3
14897,2023-06-05 09:15:00,5.0
14898,2023-06-05 09:30:00,6.7
14899,2023-06-05 09:45:00,3.2
14900,2023-06-05 10:00:00,2.7
14901,2023-06-05 10:15:00,2.5
14902,2023-06-05 10:30:00,2.8
14903,2023-06-05 10:45:00,2.9
14904,2023-06-05 11:00:00,5.1
14905,2023-06-05 11:15:00,1.6
14906,2023-06-05 11:30:00,3.0
14907,2023-06-05 11:45:00,2.9
14908,2023-06-05 12:00:00,3.3
14909,2023-06-05 12:15:00,2.2
14910,2023-06-05 12:30:00,6.5
14911,2023-06-05 12:45:00,3.8
14912,2023-06-05 13:00:00,2.6
14913,2023-06-05 13:15:00,8.1
14914,2023-06-05 13:30:00,3.2
14915,2023-06-05 13:45:00,2.6
14916,2023-06-05 14:00:00,5.3
14917,2023-06-05 14:15:00,5.4
14918,2023-06-05 14:30:00,2.8
14919,2023-06-05 14:45:00,4.0
14920,2023-06-05 15:00:00,3.2
14921,2023-06-05 15:15:00,2.4
14922,2023-06-05 15:30:00,10.7
14923,2023-06-05 15:45:00,4.4
14924,2023-06-05 16:00:00,9.0
14925,2023-06-05 16:15:00,2.4
14926,2023-06-05 16:30:00,2.8
14927,2023-06-05 16:45:00,11.0
14928,2023-06-05 17:00:00,2.9
14929,2023-06-05 17:15:00,3.1
14930,2023-06-05 17:30:00,3.2
14931,2023-06-05 17:45:00,2.3
14932,2023-06-05 18:00:00,4.3
14933,2023-06-05 18:15:00,2.4
14934,2023-06-05 18:30:00,2.4
14935,2023-06-05 18:45:00,6.1
14936,2023-06-05 19:00:00,7.0
14937,2023-06-05 19:15:00,3.7
14938,2023-06-05 19:30:00,7.2
14939,2023-06-05 19:45:00,3.1
14940,2023-06-05 20:00:00,3.6
14941,2023-06-05 20:15:00,3.4
14942,2023-06-05 20:30:00,3.4
14943,2023-06-05 20:45:00,3.1
14944,2023-06-05 21:00:00,2.8
14945,2023-06-05 21:15:00,5.2
14946,2023-06-05 21:30:00,3.3
14947,2023-06-05 21:45:00,2.6
14948,2023-06-05 22:00:00,3.1
14949,2023-06-05 22:15:00,1.8
14950,2023-06-05 22:30:00,2.7
14951,2023-06-05 22:45:00,3.1
14952,2023-06-05 23:00:00,3.1
14953,2023-06-05 23:15:00,2.5
14954,2023-06-05 23:30:00,2.5
14955,2023-06-05 23:45:00,2.8
14956,2023-06-06 00:00:00,3.1
14957,2023-06-06 00:15:00,2.8
14958,2023-06-06 00:30:00,2.3
14959,2023-06-06 00:45:00,6.5
14960,2023-06-06 01:00:00,4.9
14961,2023-06-06 01:15:00,5.3
14962,2023-06-06 01:30:00,4.8
14963,2023-06-06 01:45:00,6.3
14964,2023-06-06 02:00:00,5.7
14965,2023-06-06 02:15:00,5.7
14966,2023-06-06 02:30:00,5.3
14967,2023-06-06 02:45:00,5.4
14968,2023-06-06 03:00:00,6.1
14969,2023-06-06 03:15:00,5.6
14970,2023-06-06 03:30:00,6.5
14971,2023-06-06 03:45:00,9.2
14972,2023-06-06 04:00:00,9.1
14973,2023-06-06 04:15:00,5.8
14974,2023-06-06 04:30:00,4.9
14975,2023-06-06 04:45:00,5.6
14976,2023-06-06 05:00:00,5.8
14977,2023-06-06 05:15:00,6.3
14978,2023-06-06 05:30:00,4.3
14979,2023-06-06 05:45:00,6.1
14980,2023-06-06 06:00:00,5.7
14981,2023-06-06 06:15:00,6.5
14982,2023-06-06 06:30:00,4.5
14983,2023-06-06 06:45:00,5.8
14984,2023-06-06 07:00:00,4.5
14985,2023-06-06 07:15:00,5.5
14986,2023-06-06 07:30:00,4.9
14987,2023-06-06 07:45:00,5.0
14988,2023-06-06 08:00:00,5.9
14989,2023-06-06 08:15:00,5.1
14990,2023-06-06 08:30:00,5.6
14991,2023-06-06 08:45:00,4.6
14992,2023-06-06 09:00:00,6.2
14993,2023-06-06 09:15:00,5.7
14994,2023-06-06 09:30:00,3.1
14995,2023-06-06 09:45:00,3.4
14996,2023-06-06 10:00:00,2.6
14997,2023-06-06 10:15:00,3.1
14998,2023-06-06 10:30:00,2.9
14999,2023-06-06 10:45:00,2.4
15000,2023-06-06 11:00:00,2.0
15001,2023-06-06 11:15:00,2.4
15002,2023-06-06 11:30:00,3.1
15003,2023-06-06 11:45:00,2.5
15004,2023-06-06 12:00:00,2.4
15005,2023-06-06 12:15:00,2.6
15006,2023-06-06 12:30:00,5.9
15007,2023-06-06 12:45:00,2.7
15008,2023-06-06 13:00:00,2.6
15009,2023-06-06 13:15:00,3.2
15010,2023-06-06 13:30:00,3.6
15011,2023-06-06 13:45:00,4.2
15012,2023-06-06 14:00:00,3.5
15013,2023-06-06 14:15:00,3.2
15014,2023-06-06 14:30:00,4.1
15015,2023-06-06 14:45:00,2.9
15016,2023-06-06 15:00:00,8.8
15017,2023-06-06 15:15:00,3.7
15018,2023-06-06 15:30:00,3.1
15019,2023-06-06 15:45:00,3.2
15020,2023-06-06 16:00:00,2.1
15021,2023-06-06 16:15:00,2.0
15022,2023-06-06 16:30:00,2.5
15023,2023-06-06 16:45:00,2.9
15024,2023-06-06 17:00:00,2.1
15025,2023-06-06 17:15:00,3.0
15026,2023-06-06 17:30:00,2.3
15027,2023-06-06 17:45:00,3.7
15028,2023-06-06 18:00:00,3.1
15029,2023-06-06 18:15:00,3.0
15030,2023-06-06 18:30:00,3.6
15031,2023-06-06 18:45:00,2.5
15032,2023-06-06 19:00:00,4.1
15033,2023-06-06 19:15:00,5.6
15034,2023-06-06 19:30:00,3.5
15035,2023-06-06 19:45:00,2.7
15036,2023-06-06 20:00:00,4.1
15037,2023-06-06 20:15:00,2.8
15038,2023-06-06 20:30:00,3.2
15039,2023-06-06 20:45:00,7.7
15040,2023-06-06 21:00:00,3.5
15041,2023-06-06 21:15:00,2.7
15042,2023-06-06 21:30:00,3.5
15043,2023-06-06 21:45:00,3.5
15044,2023-06-06 22:00:00,2.1
15045,2023-06-06 22:15:00,6.1
15046,2023-06-06 22:30:00,3.8
15047,2023-06-06 22:45:00,5.7
15048,2023-06-06 23:00:00,3.0
15049,2023-06-06 23:15:00,3.7
15050,2023-06-06 23:30:00,2.9
15051,2023-06-06 23:45:00,2.8
15052,2023-06-07 00:00:00,2.8
15053,2023-06-07 00:15:00,2.7
15054,2023-06-07 00:30:00,2.5
15055,2023-06-07 00:45:00,5.5
15056,2023-06-07 01:00:00,6.0
15057,2023-06-07 01:15:00,6.0
15058,2023-06-07 01:30:00,5.3
15059,2023-06-07 01:45:00,6.3
15060,2023-06-07 02:00:00,4.7
15061,2023-06-07 02:15:00,6.4
15062,2023-06-07 02:30:00,4.8
15063,2023-06-07 02:45:00,5.6
15064,2023-06-07 03:00:00,5.2
15065,2023-06-07 03:15:00,4.9
15066,2023-06-07 03:30:00,5.7
15067,2023-06-07 03:45:00,5.4
15068,2023-06-07 04:00:00,5.6
15069,2023-06-07 04:15:00,5.5
15070,2023-06-07 04:30:00,8.7
15071,2023-06-07 04:45:00,4.6
15072,2023-06-07 05:00:00,5.4
15073,2023-06-07 05:15:00,5.7
15074,2023-06-07 05:30:00,4.9
15075,2023-06-07 05:45:00,5.3
15076,2023-06-07 06:00:00,7.2
15077,2023-06-07 06:15:00,9.5
15078,2023-06-07 06:30:00,5.4
15079,2023-06-07 06:45:00,5.2
15080,2023-06-07 07:00:00,5.1
15081,2023-06-07 07:15:00,5.0
15082,2023-06-07 07:30:00,5.9
15083,2023-06-07 07:45:00,5.4
15084,2023-06-07 08:00:00,5.3
15085,2023-06-07 08:15:00,4.6
15086,2023-06-07 08:30:00,11.6
15087,2023-06-07 08:45:00,5.9
15088,2023-06-07 09:00:00,4.7
15089,2023-06-07 09:15:00,6.1
15090,2023-06-07 09:30:00,4.7
15091,2023-06-07 09:45:00,3.4
15092,2023-06-07 10:00:00,2.0
15093,2023-06-07 10:15:00,2.4
15094,2023-06-07 10:30:00,3.3
15095,2023-06-07 10:45:00,2.8
15096,2023-06-07 11:00:00,3.6
15097,2023-06-07 11:15:00,2.0
15098,2023-06-07 11:30:00,6.6
15099,2023-06-07 11:45:00,6.9
15100,2023-06-07 12:00:00,6.8
15101,2023-06-07 12:15:00,3.2
15102,2023-06-07 12:30:00,2.2
15103,2023-06-07 12:45:00,2.6
15104,2023-06-07 13:00:00,2.7
15105,2023-06-07 13:15:00,3.3
15106,2023-06-07 13:30:00,
15107,2023-06-07 13:45:00,2.4
15108,2023-06-07 14:00:00,3.2
15109,2023-06-07 14:15:00,2.4
15110,2023-06-07 14:30:00,2.5
15111,2023-06-07 14:45:00,2.9
15112,2023-06-07 15:00:00,3.6
15113,2023-06-07 15:15:00,3.4
15114,2023-06-07 15:30:00,2.4
15115,2023-06-07 15:45:00,2.8
15116,2023-06-07 16:00:00,3.3
15117,2023-06-07 16:15:00,2.4
15118,2023-06-07 16:30:00,3.0
15119,2023-06-07 16:45:00,2.9
15120,2023-06-07 17:00:00,2.5
15121,2023-06-07 17:15:00,1.9
15122,2023-06-07 17:30:00,3.3
15123,2023-06-07 17:45:00,3.1
15124,2023-06-07 18:00:00,2.3
15125,2023-06-07 18:15:00,2.6
15126,2023-06-07 18:30:00,6.2
15127,2023-06-07 18:45:00,3.4
15128,2023-06-07 19:00:00,3.9
15129,2023-06-07 19:15:00,2.5
15130,2023-06-07 19:30:00,6.8
15131,2023-06-07 19:45:00,2.8
15132,2023-06-07 20:00:00,2.6
15133,2023-06-07 20:15:00,3.0
15134,2023-06-07 20:30:00,3.0
15135,2023-06-07 20:45:00,2.1
15136,2023-06-07 21:00:00,3.0
15137,2023-06-07 21:15:00,3.2
15138,2023-06-07 21:30:00,2.3
15139,2023-06-07 21:45:00,5.5
15140,2023-06-07 22:00:00,3.1
15141,2023-06-07 22:15:00,2.9
15142,2023-06-07 22:30:00,2.9
15143,2023-06-07 22:45:00,2.3
15144,2023-06-07 23:00:00,3.6
15145,2023-06-07 23:15:00,2.3
15146,2023-06-07 23:30:00,3.3
15147,2023-06-07 23:45:00,2.3
15148,2023-06-08 00:00:00,2.8
15149,2023-06-08 00:15:00,3.1
15150,2023-06-08 00:30:00,3.8
15151,2023-06-08 00:45:00,5.4
15152,2023-06-08 01:00:00,5.4
15153,2023-06-08 01:15:00,5.4
15154,2023-06-08 01:30:00,5.5
15155,2023-06-08 01:45:00,4.7
15156,2023-06-08 02:00:00,9.0
15157,2023-06-08 02:15:00,5.5
15158,2023-06-08 02:30:00,5.2
15159,2023-06-08 02:45:00,5.7
15160,2023-06-08 03:00:00,5.3
15161,2023-06-08 03:15:00,4.8
15162,2023-06-08 03:30:00,9.0
15163,2023-06-08 03:45:00,9.5
15164,2023-06-08 04:00:00,4.9
15165,2023-06-08 04:15:00,5.1
15166,2023-06-08 04:30:00,6.0
15167,2023-06-08 04:45:00,4.7
15168,2023-06-08 05:00:00,9.1
15169,2023-06-08 05:15:00,8.5
15170,2023-06-08 05:30:00,5.1
15171,2023-06-08 05:45:00,5.5
15172,2023-06-08 06:00:00,5.8
15173,2023-06-08 06:15:00,5.5
15174,2023-06-08 06:30:00,4.8
15175,2023-06-08 06:45:00,4.8
15176,2023-06-08 07:00:00,5.6
15177,2023-06-08 07:15:00,5.3
15178,2023-06-08 07:30:00,4.7
15179,2023-06-08 07:45:00,5.9
15180,2023-06-08 08:00:00,4.9
15181,2023-06-08 08:15:00,4.8
15182,2023-06-08 08:30:00,5.4
15183,2023-06-08 08:45:00,4.4
15184,2023-06-08 09:00:00,5.2
15185,2023-06-08 09:15:00,5.6
15186,2023-06-08 09:30:00,5.2
15187,2023-06-08 09:45:00,5.3
15188,2023-06-08 10:00:00,3.1
15189,2023-06-08 10:15:00,2.9
15190,2023-06-08 10:30:00,2.4
15191,2023-06-08 10:45:00,3.1
15192,2023-06-08 11:00:00,2.8
15193,2023-06-08 11:15:00,1.9
15194,2023-06-08 11:30:00,2.7
15195,2023-06-08 11:45:00,2.6
15196,2023-06-08 12:00:00,6.6
15197,2023-06-08 12:15:00,1.7
15198,2023-06-08 12:30:00,3.7
15199,2023-06-08 12:45:00,3.1
15200,2023-06-08 13:00:00,2.1
15201,2023-06-08 13:15:00,4.9
15202,2023-06-08 13:30:00,6.2
15203,2023-06-08 13:45:00,3.5
15204,2023-06-08 14:00:00,2.5
15205,2023-06-08 14:15:00,2.6
15206,2023-06-08 14:30:00,3.0
15207,2023-06-08 14:45:00,2.8
15208,2023-06-08 15:00:00,2.7
15209,2023-06-08 15:15:00,4.2
15210,2023-06-08 15:30:00,3.3
15211,2023-06-08 15:45:00,3.1
15212,2023-06-08 16:00:00,2.8
15213,2023-06-08 16:15:00,2.1
15214,2023-06-08 16:30:00,3.0
15215,2023-06-08 16:45:00,3.3
15216,2023-06-08 17:00:00,2.9
15217,2023-06-08 17:15:00,2.7
15218,2023-06-08 17:30:00,3.5
15219,2023-06-08 17:45:00,2.1
15220,2023-06-08 18:00:00,10.2
15221,2023-06-08 18:15:00,2.4
15222,2023-06-08 18:30:00,2.9
15223,2023-06-08 18:45:00,3.3
15224,2023-06-08 19:00:00,2.0
15225,2023-06-08 19:15:00,9.3
15226,2023-06-08 19:30:00,5.4
15227,2023-06-08 19:45:00,6.1
15228,2023-06-08 20:00:00,2.9
15229,2023-06-08 20:15:00,2.4
15230,2023-06-08 20:30:00,4.4
15231,2023-06-08 20:45:00,2.2
15232,2023-06-08 21:00:00,2.8
15233,2023-06-08 21:15:00,2.0
15234,2023-06-08 21:30:00,3.1
15235,2023-06-08 21:45:00,2.2
15236,2023-06-08 22:00:00,2.6
15237,2023-06-08 22:15:00,2.6
15238,2023-06-08 22:30:00,2.3
15239,2023-06-08 22:45:00,4.0
15240,2023-06-08 23:00:00,2.3
15241,2023-06-08 23:15:00,2.7
15242,2023-06-08 23:30:00,8.3
15243,2023-06-08 23:45:00,2.1
15244,2023-06-09 00:00:00,2.8
15245,2023-06-09 00:15:00,2.1
15246,2023-06-09 00:30:00,3.6
15247,2023-06-09 00:45:00,5.2
15248,2023-06-09 01:00:00,5.2
15249,2023-06-09 01:15:00,4.8
15250,2023-06-09 01:30:00,5.5
15251,2023-06-09 01:45:00,4.8
15252,2023-06-09 02:00:00,5.5
15253,2023-06-09 02:15:00,5.3
15254,2023-06-09 02:30:00,8.2
15255,2023-06-09 02:45:00,8.4
15256,2023-06-09 03:00:00,5.6
15257,2023-06-09 03:15:00,5.7
15258,2023-06-09 03:30:00,5.5
15259,2023-06-09 03:45:00,4.6
15260,2023-06-09 04:00:00,10.9
15261,2023-06-09 04:15:00,9.0
15262,2023-06-09 04:30:00,5.1
15263,2023-06-09 04:45:00,6.4
15264,2023-06-09 05:00:00,4.7
15265,2023-06-09 05:15:00,4.9
15266,2023-06-09 05:30:00,5.9
15267,2023-06-09 05:45:00,4.6
15268,2023-06-09 06:00:00,5.0
15269,2023-06-09 06:15:00,4.8
15270,2023-06-09 06:30:00,5.5
15271,2023-06-09 06:45:00,4.2
15272,2023-06-09 07:00:00,4.9
15273,2023-06-09 07:15:00,5.2
15274,2023-06-09 07:30:00,5.6
15275,2023-06-09 07:45:00,5.0
15276,2023-06-09 08:00:00,5.8
15277,2023-06-09 08:15:00,4.5
15278,2023-06-09 08:30:00,5.3
15279,2023-06-09 08:45:00,5.5
15280,2023-06-09 09:00:00,8.9
15281,2023-06-09 09:15:00,5.8
15282,2023-06-09 09:30:00,5.1
15283,2023-06-09 09:45:00,6.6
15284,2023-06-09 10:00:00,2.1
15285,2023-06-09 10:15:00,5.6
15286,2023-06-09 10:30:00,5.8
15287,2023-06-09 10:45:00,2.6
15288,2023-06-09 11:00:00,2.4
15289,2023-06-09 11:15:00,8.3
15290,2023-06-09 11:30:00,2.7
15291,2023-06-09 11:45:00,3.2
15292,2023-06-09 12:00:00,5.5
15293,2023-06-09 12:15:00,2.4
15294,2023-06-09 12:30:00,2.3
15295,2023-06-09 12:45:00,8.1
15296,2023-06-09 13:00:00,4.0
15297,2023-06-09 13:15:00,2.2
15298,2023-06-09 13:30:00,2.8
15299,2023-06-09 13:45:00,3.2
15300,2023-06-09 14:00:00,2.9
15301,2023-06-09 14:15:00,3.3
15302,2023-06-09 14:30:00,4.1
15303,2023-06-09 14:45:00,3.2
15304,2023-06-09 15:00:00,8.9
15305,2023-06-09 15:15:00,2.2
15306,2023-06-09 15:30:00,3.5
15307,2023-06-09 15:45:00,1.7
15308,2023-06-09 16:00:00,6.0
15309,2023-06-09 16:15:00,3.7
15310,2023-06-09 16:30:00,2.7
15311,2023-06-09 16:45:00,3.2
15312,2023-06-09 17:00:00,3.0
15313,2023-06-09 17:15:00,3.6
15314,2023-06-09 17:30:00,2.7
15315,2023-06-09 17:45:00,3.2
15316,2023-06-09 18:00:00,6.8
15317,2023-06-09 18:15:00,3.1
15318,2023-06-09 18:30:00,2.9
15319,2023-06-09 18:45:00,2.9
15320,2023-06-09 19:00:00,3.5
15321,2023-06-09 19:15:00,4.0
15322,2023-06-09 19:30:00,3.4
15323,2023-06-09 19:45:00,2.2
15324,2023-06-09 20:00:00,2.4
15325,2023-06-09 20:15:00,2.9
15326,2023-06-09 20:30:00,1.9
15327,2023-06-09 20:45:00,2.3
15328,2023-06-09 21:00:00,3.0
15329,2023-06-09 21:15:00,3.5
15330,2023-06-09 21:30:00,2.2
15331,2023-06-09 21:45:00,1.7
15332,2023-06-09 22:00:00,2.3
15333,2023-06-09 22:15:00,4.3
15334,2023-06-09 22:30:00,2.8
15335,2023-06-09 22:45:00,4.8
15336,2023-06-09 23:00:00,3.0
15337,2023-06-09 23:15:00,3.7
15338,2023-06-09 23:30:00,4.3
15339,2023-06-09 23:45:00,3.0
15340,2023-06-10 00:00:00,7.4
15341,2023-06-10 00:15:00,3.3
15342,2023-06-10 00:30:00,4.2
15343,2023-06-10 00:45:00,5.5
15344,2023-06-10 01:00:00,6.3
15345,2023-06-10 01:15:00,6.8
15346,2023-06-10 01:30:00,5.3
15347,2023-06-10 01:45:00,9.9
15348,2023-06-10 02:00:00,9.9
15349,2023-06-10 02:15:00,6.5
15350,2023-06-10 02:30:00,5.8
15351,2023-06-10 02:45:00,6.2
15352,2023-06-10 03:00:00,5.6
15353,2023-06-10 03:15:00,5.8
15354,2023-06-10 03:30:00,5.6
15355,2023-06-10 03:45:00,6.7
15356,2023-06-10 04:00:00,5.1
15357,2023-06-10 04:15:00,6.8
15358,2023-06-10 04:30:00,5.4
15359,2023-06-10 04:45:00,7.1
15360,2023-06-10 05:00:00,5.7
15361,2023-06-10 05:15:00,5.4
15362,2023-06-10 05:30:00,5.5
15363,2023-06-10 05:45:00,6.0
15364,2023-06-10 06:00:00,5.2
15365,2023-06-10 06:15:00,6.0
15366,2023-06-10 06:30:00,5.4
15367,2023-06-10 06:45:00,5.0
15368,2023-06-10 07:00:00,5.8
15369,2023-06-10 07:15:00,5.5
15370,2023-06-10 07:30:00,7.4
15371,2023-06-10 07:45:00,5.4
15372,2023-06-10 08:00:00,5.8
15373,2023-06-10 08:15:00,5.6
15374,2023-06-10 08:30:00,6.4
15375,2023-06-10 08:45:00,5.8
15376,2023-06-10 09:00:00,4.6
15377,2023-06-10 09:15:00,5.3
15378,2023-06-10 09:30:00,5.0
15379,2023-06-10 09:45:00,3.8
15380,2023-06-10 10:00:00,6.0
15381,2023-06-10 10:15:00,7.0
15382,2023-06-10 10:30:00,2.8
15383,2023-06-10 10:45:00,4.2
15384,2023-06-10 11:00:00,2.6
15385,2023-06-10 11:15:00,3.0
15386,2023-06-10 11:30:00,2.0
15387,2023-06-10 11:45:00,2.2
15388,2023-06-10 12:00:00,3.5
15389,2023-06-10 12:15:00,3.3
15390,2023-06-10 12:30:00,2.3
15391,2023-06-10 12:45:00,1.7
15392,2023-06-10 13:00:00,3.1
15393,2023-06-10 13:15:00,2.5
15394,2023-06-10 13:30:00,8.1
15395,2023-06-10 13:45:00,2.6
15396,2023-06-10 14:00:00,3.1
15397,2023-06-10 14:15:00,3.5
15398,2023-06-10 14:30:00,2.4
15399,2023-06-10 14:45:00,2.6
15400,2023-06-10 15:00:00,5.0
15401,2023-06-10 15:15:00,6.6
15402,2023-06-10 15:30:00,8.7
15403,2023-06-10 15:45:00,9.2
15404,2023-06-10 16:00:00,3.4
15405,2023-06-10 16:15:00,3.4
15406,2023-06-10 16:30:00,5.8
15407,2023-06-10 16:45:00,2.4
15408,2023-06-10 17:00:00,3.5
15409,2023-06-10 17:15:00,2.3
15410,2023-06-10 17:30:00,2.4
15411,2023-06-10 17:45:00,2.5
15412,2023-06-10 18:00:00,3.6
15413,2023-06-10 18:15:00,4.9
15414,2023-06-10 18:30:00,3.9
15415,2023-06-10 18:45:00,3.0
15416,2023-06-10 19:00:00,3.2
15417,2023-06-10 19:15:00,1.7
15418,2023-06-10 19:30:00,5.6
15419,2023-06-10 19:45:00,3.6
15420,2023-06-10 20:00:00,2.9
15421,2023-06-10 20:15:00,5.9
15422,2023-06-10 20:30:00,2.7
15423,2023-06-10 20:45:00,5.6
15424,2023-06-10 21:00:00,2.1
15425,2023-06-10 21:15:00,3.3
15426,2023-06-10 21:30:00,4.0
15427,2023-06-10 21:45:00,3.4
15428,2023-06-10 22:00:00,3.3
15429,2023-06-10 22:15:00,3.0
15430,2023-06-10 22:30:00,2.5
15431,2023-06-10 22:45:00,3.7
15432,2023-06-10 23:00:00,2.4
15433,2023-06-10 23:15:00,3.0
15434,2023-06-10 23:30:00,3.2
15435,2023-06-10 23:45:00,7.0
15436,2023-06-11 00:00:00,3.0
15437,2023-06-11 00:15:00,3.4
15438,2023-06-11 00:30:00,2.4
15439,2023-06-11 00:45:00,3.9
15440,2023-06-11 01:00:00,4.7
15441,2023-06-11 01:15:00,6.1
15442,2023-06-11 01:30:00,4.9
15443,2023-06-11 01:45:00,5.2
15444,2023-06-11 02:00:00,5.1
15445,2023-06-11 02:15:00,5.9
15446,2023-06-11 02:30:00,6.0
15447,2023-06-11 02:45:00,5.5
15448,2023-06-11 03:00:00,5.6
15449,2023-06-11 03:15:00,5.4
15450,2023-06-11 03:30:00,5.2
15451,2023-06-11 03:45:00,5.9
15452,2023-06-11 04:00:00,5.4
15453,2023-06-11 04:15:00,6.8
15454,2023-06-11 04:30:00,5.5
15455,2023-06-11 04:45:00,5.5
15456,2023-06-11 05:00:00,4.6
15457,2023-06-11 05:15:00,5.6
15458,2023-06-11 05:30:00,4.8
15459,2023-06-11 05:45:00,5.3
15460,2023-06-11 06:00:00,7.0
15461,2023-06-11 06:15:00,6.3
15462,2023-06-11 06:30:00,5.2
15463,2023-06-11 06:45:00,4.4
15464,2023-06-11 07:00:00,11.8
15465,2023-06-11 07:15:00,6.5
15466,2023-06-11 07:30:00,4.4
15467,2023-06-11 07:45:00,7.3
15468,2023-06-11 08:00:00,5.3
15469,2023-06-11 08:15:00,8.8
15470,2023-06-11 08:30:00,5.0
15471,2023-06-11 08:45:00,5.1
15472,2023-06-11 09:00:00,5.1
15473,2023-06-11 09:15:00,8.7
15474,2023-06-11 09:30:00,3.1
15475,2023-06-11 09:45:00,2.6
15476,2023-06-11 10:00:00,4.1
15477,2023-06-11 10:15:00,2.1
15478,2023-06-11 10:30:00,2.0
15479,2023-06-11 10:45:00,3.5
15480,2023-06-11 11:00:00,2.5
15481,2023-06-11 11:15:00,3.8
15482,2023-06-11 11:30:00,3.3
15483,2023-06-11 11:45:00,2.6
15484,2023-06-11 12:00:00,4.3
15485,2023-06-11 12:15:00,2.0
15486,2023-06-11 12:30:00,3.4
15487,2023-06-11 12:45:00,4.9
15488,2023-06-11 13:00:00,3.9
15489,2023-06-11 13:15:00,2.0
15490,2023-06-11 13:30:00,1.9
15491,2023-06-11 13:45:00,4.4
15492,2023-06-11 14:00:00,2.4
15493,2023-06-11 14:15:00,7.3
15494,2023-06-11 14:30:00,3.6
15495,2023-06-11 14:45:00,4.2
15496,2023-06-11 15:00:00,2.5
15497,2023-06-11 15:15:00,3.6
15498,2023-06-11 15:30:00,8.6
15499,2023-06-11 15:45:00,8.8
15500,2023-06-11 16:00:00,3.4
15501,2023-06-11 16:15:00,3.5
15502,2023-06-11 16:30:00,1.9
15503,2023-06-11 16:45:00,2.9
15504,2023-06-11 17:00:00,2.8
15505,2023-06-11 17:15:00,1.7
15506,2023-06-11 17:30:00,2.3
15507,2023-06-11 17:45:00,2.7
15508,2023-06-11 18:00:00,3.2
15509,2023-06-11 18:15:00,4.4
15510,2023-06-11 18:30:00,4.0
15511,2023-06-11 18:45:00,2.8
15512,2023-06-11 19:00:00,8.8
15513,2023-06-11 19:15:00,2.5
15514,2023-06-11 19:30:00,4.0
15515,2023-06-11 19:45:00,3.6
15516,2023-06-11 20:00:00,6.5
15517,2023-06-11 20:15:00,3.7
15518,2023-06-11 20:30:00,3.2
15519,2023-06-11 20:45:00,2.9
15520,2023-06-11 21:00:00,2.5
15521,2023-06-11 21:15:00,2.6
15522,2023-06-11 21:30:00,6.5
15523,2023-06-11 21:45:00,2.5
15524,2023-06-11 22:00:00,2.7
15525,2023-06-11 22:15:00,2.5
15526,2023-06-11 22:30:00,2.4
15527,2023-06-11 22:45:00,5.7
15528,2023-06-11 23:00:00,2.1
15529,2023-06-11 23:15:00,2.9
15530,2023-06-11 23:30:00,3.2
15531,2023-06-11 23:45:00,4.4
15532,2023-06-12 00:00:00,6.2
15533,2023-06-12 00:15:00,2.8
15534,2023-06-12 00:30:00,2.8
15535,2023-06-12 00:45:00,5.3
15536,2023-06-12 01:00:00,8.4
15537,2023-06-12 01:15:00,6.1
15538,2023-06-12 01:30:00,5.3
15539,2023-06-12 01:45:00,4.4
15540,2023-06-12 02:00:00,5.9
15541,2023-06-12 02:15:00,5.4
15542,2023-06-12 02:30:00,5.2
15543,2023-06-12 02:45:00,4.9
15544,2023-06-12 03:00:00,6.1
15545,2023-06-12 03:15:00,5.6
15546,2023-06-12 03:30:00,5.8
15547,2023-06-12 03:45:00,5.0
15548,2023-06-12 04:00:00,11.6
15549,2023-06-12 04:15:00,4.8
15550,2023-06-12 04:30:00,4.8
15551,2023-06-12 04:45:00,5.2
15552,2023-06-12 05:00:00,5.0
15553,2023-06-12 05:15:00,4.8
15554,2023-06-12 05:30:00,5.5
15555,2023-06-12 05:45:00,5.4
15556,2023-06-12 06:00:00,5.1
15557,2023-06-12 06:15:00,5.5
15558,2023-06-12 06:30:00,5.7
15559,2023-06-12 06:45:00,6.3
15560,2023-06-12 07:00:00,4.8
15561,2023-06-12 07:15:00,5.7
15562,2023-06-12 07:30:00,6.7
15563,2023-06-12 07:45:00,5.8
15564,2023-06-12 08:00:00,6.1
15565,2023-06-12 08:15:00,5.1
15566,2023-06-12 08:30:00,6.5
15567,2023-06-12 08:45:00,6.5
15568,2023-06-12 09:00:00,6.1
15569,2023-06-12 09:15:00,5.0
15570,2023-06-12 09:30:00,7.1
15571,2023-06-12 09:45:00,3.4
15572,2023-06-12 10:00:00,3.2
15573,2023-06-12 10:15:00,9.4
15574,2023-06-12 10:30:00,3.6
15575,2023-06-12 10:45:00,3.2
15576,2023-06-12 11:00:00,6.7
15577,2023-06-12 11:15:00,2.3
15578,2023-06-12 11:30:00,3.7
15579,2023-06-12 11:45:00,5.8
15580,2023-06-12 12:00:00,6.8
15581,2023-06-12 12:15:00,2.4
15582,2023-06-12 12:30:00,4.2
15583,2023-06-12 12:45:00,3.7
15584,2023-06-12 13:00:00,6.2
15585,2023-06-12 13:15:00,3.0
15586,2023-06-12 13:30:00,3.9
15587,2023-06-12 13:45:00,2.4
15588,2023-06-12 14:00:00,2.8
15589,2023-06-12 14:15:00,2.1
15590,2023-06-12 14:30:00,3.2
15591,2023-06-12 14:45:00,3.6
15592,2023-06-12 15:00:00,3.0
15593,2023-06-12 15:15:00,2.8
15594,2023-06-12 15:30:00,9.0
15595,2023-06-12 15:45:00,5.5
15596,2023-06-12 16:00:00,4.9
15597,2023-06-12 16:15:00,2.2
15598,2023-06-12 16:30:00,4.0
15599,2023-06-12 16:45:00,2.1
15600,2023-06-12 17:00:00,2.5
15601,2023-06-12 17:15:00,2.3
15602,2023-06-12 17:30:00,2.9
15603,2023-06-12 17:45:00,2.6
15604,2023-06-12 18:00:00,2.9
15605,2023-06-12 18:15:00,2.8
15606,2023-06-12 18:30:00,4.5
15607,2023-06-12 18:45:00,3.2
15608,2023-06-12 19:00:00,2.4
15609,2023-06-12 19:15:00,3.2
15610,2023-06-12 19:30:00,3.7
15611,2023-06-12 19:45:00,9.1
15612,2023-06-12 20:00:00,2.6
15613,2023-06-12 20:15:00,3.3
15614,2023-06-12 20:30:00,2.5
15615,2023-06-12 20:45:00,4.2
15616,2023-06-12 21:00:00,6.0
15617,2023-06-12 21:15:00,12.7
15618,2023-06-12 21:30:00,3.0
15619,2023-06-12 21:45:00,3.0
15620,2023-06-12 22:00:00,3.5
15621,2023-06-12 22:15:00,2.0
15622,2023-06-12 22:30:00,4.0
15623,2023-06-12 22:45:00,3.0
15624,2023-06-12 23:00:00,3.3
15625,2023-06-12 23:15:00,2.7
15626,2023-06-12 23:30:00,3.5
15627,2023-06-12 23:45:00,3.6
15628,2023-06-13 00:00:00,2.6
15629,2023-06-13 00:15:00,9.5
15630,2023-06-13 00:30:00,5.6
15631,2023-06-13 00:45:00,5.9
15632,2023-06-13 01:00:00,5.2
15633,2023-06-13 01:15:00,5.3
15634,2023-06-13 01:30:00,6.1
15635,2023-06-13 01:45:00,6.5
15636,2023-06-13 02:00:00,5.8
15637,2023-06-13 02:15:00,5.2
15638,2023-06-13 02:30:00,5.9
15639,2023-06-13 02:45:00,5.5
15640,2023-06-13 03:00:00,5.1
15641,2023-06-13 03:15:00,5.1
15642,2023-06-13 03:30:00,11.5
15643,2023-06-13 03:45:00,5.6
15644,2023-06-13 04:00:00,5.3
15645,2023-06-13 04:15:00,11.0
15646,2023-06-13 04:30:00,6.1
15647,2023-06-13 04:45:00,4.6
15648,2023-06-13 05:00:00,5.6
15649,2023-06-13 05:15:00,4.9
15650,2023-06-13 05:30:00,5.7
15651,2023-06-13 05:45:00,6.6
15652,2023-06-13 06:00:00,4.7
15653,2023-06-13 06:15:00,5.2
15654,2023-06-13 06:30:00,5.9
15655,2023-06-13 06:45:00,8.4
15656,2023-06-13 07:00:00,9.8
15657,2023-06-13 07:15:00,8.3
15658,2023-06-13 07:30:00,6.6
15659,2023-06-13 07:45:00,5.8
15660,2023-06-13 08:00:00,5.2
15661,2023-06-13 08:15:00,6.1
15662,2023-06-13 08:30:00,5.4
15663,2023-06-13 08:45:00,6.0
15664,2023-06-13 09:00:00,5.9
15665,2023-06-13 09:15:00,5.7
15666,2023-06-13 09:30:00,3.2
15667,2023-06-13 09:45:00,3.8
15668,2023-06-13 10:00:00,2.1
15669,2023-06-13 10:15:00,2.8
15670,2023-06-13 10:30:00,3.7
15671,2023-06-13 10:45:00,2.9
15672,2023-06-13 11:00:00,8.4
15673,2023-06-13 11:15:00,1.9
15674,2023-06-13 11:30:00,2.7
15675,2023-06-13 11:45:00,4.2
15676,2023-06-13 12:00:00,2.2
15677,2023-06-13 12:15:00,3.8
15678,2023-06-13 12:30:00,5.9
15679,2023-06-13 12:45:00,9.4
15680,2023-06-13 13:00:00,3.6
15681,2023-06-13 13:15:00,3.4
15682,2023-06-13 13:30:00,3.0
15683,2023-06-13 13:45:00,3.2
15684,2023-06-13 14:00:00,3.1
15685,2023-06-13 14:15:00,2.7
15686,2023-06-13 14:30:00,6.1
15687,2023-06-13 14:45:00,2.4
15688,2023-06-13 15:00:00,3.5
15689,2023-06-13 15:15:00,2.1
15690,2023-06-13 15:30:00,6.6
15691,2023-06-13 15:45:00,2.9
15692,2023-06-13 16:00:00,3.8
15693,2023-06-13 16:15:00,2.2
15694,2023-06-13 16:30:00,8.6
15695,2023-06-13 16:45:00,2.4
15696,2023-06-13 17:00:00,2.1
15697,2023-06-13 17:15:00,3.9
15698,2023-06-13 17:30:00,2.5
15699,2023-06-13 17:45:00,3.2
15700,2023-06-13 18:00:00,2.2
15701,2023-06-13 18:15:00,3.6
15702,2023-06-13 18:30:00,3.7
15703,2023-06-13 18:45:00,5.0
15704,2023-06-13 19:00:00,2.9
15705,2023-06-13 19:15:00,2.1
15706,2023-06-13 19:30:00,3.0
15707,2023-06-13 19:45:00,3.0
15708,2023-06-13 20:00:00,2.7
15709,2023-06-13 20:15:00,2.1
15710,2023-06-13 20:30:00,3.3
15711,2023-06-13 20:45:00,2.7
15712,2023-06-13 21:00:00,2.7
15713,2023-06-13 21:15:00,3.9
15714,2023-06-13 21:30:00,5.7
15715,2023-06-13 21:45:00,1.9
15716,2023-06-13 22:00:00,4.3
15717,2023-06-13 22:15:00,2.5
15718,2023-06-13 22:30:00,6.4
15719,2023-06-13 22:45:00,6.1
15720,2023-06-13 23:00:00,3.0
15721,2023-06-13 23:15:00,2.2
15722,2023-06-13 23:30:00,2.1
15723,2023-06-13 23:45:00,3.8
15724,2023-06-14 00:00:00,2.6
15725,2023-06-14 00:15:00,6.3
15726,2023-06-14 00:30:00,2.9
15727,2023-06-14 00:45:00,2.9
15728,2023-06-14 01:00:00,4.6
15729,2023-06-14 01:15:00,5.6
15730,2023-06-14 01:30:00,5.3
15731,2023-06-14 01:45:00,4.9
15732,2023-06-14 02:00:00,5.7
15733,2023-06-14 02:15:00,5.3
15734,2023-06-14 02:30:00,5.8
15735,2023-06-14 02:45:00,5.5
15736,2023-06-14 03:00:00,4.9
15737,2023-06-14 03:15:00,5.0
15738,2023-06-14 03:30:00,5.5
15739,2023-06-14 03:45:00,5.3
15740,2023-06-14 04:00:00,5.4
15741,2023-06-14 04:15:00,5.6
15742,2023-06-14 04:30:00,5.4
15743,2023-06-14 04:45:00,5.5
15744,2023-06-14 05:00:00,4.9
15745,2023-06-14 05:15:00,5.1
15746,2023-06-14 05:30:00,4.9
15747,2023-06-14 05:45:00,6.4
15748,2023-06-14 06:00:00,6.1
15749,2023-06-14 06:15:00,5.2
15750,2023-06-14 06:30:00,5.4
15751,2023-06-14 06:45:00,5.9
15752,2023-06-14 07:00:00,5.7
15753,2023-06-14 07:15:00,5.4
15754,2023-06-14 07:30:00,5.8
15755,2023-06-14 07:45:00,5.4
15756,2023-06-14 08:00:00,5.3
15757,2023-06-14 08:15:00,6.1
15758,2023-06-14 08:30:00,8.1
15759,2023-06-14 08:45:00,5.6
15760,2023-06-14 09:00:00,5.1
15761,2023-06-14 09:15:00,5.2
15762,2023-06-14 09:30:00,4.9
15763,2023-06-14 09:45:00,8.9
15764,2023-06-14 10:00:00,3.6
15765,2023-06-14 10:15:00,2.2
15766,2023-06-14 10:30:00,4.4
15767,2023-06-14 10:45:00,2.7
15768,2023-06-14 11:00:00,3.4
15769,2023-06-14 11:15:00,3.1
15770,2023-06-14 11:30:00,3.3
15771,2023-06-14 11:45:00,2.9
15772,2023-06-14 12:00:00,8.9
15773,2023-06-14 12:15:00,3.0
15774,2023-06-14 12:30:00,2.7
15775,2023-06-14 12:45:00,2.3
15776,2023-06-14 13:00:00,2.3
15777,2023-06-14 13:15:00,3.7
15778,2023-06-14 13:30:00,2.5
15779,2023-06-14 13:45:00,3.3
15780,2023-06-14 14:00:00,2.8
15781,2023-06-14 14:15:00,4.1
15782,2023-06-14 14:30:00,2.7
15783,2023-06-14 14:45:00,3.3
15784,2023-06-14 15:00:00,2.1
15785,2023-06-14 15:15:00,2.7
15786,2023-06-14 15:30:00,5.2
15787,2023-06-14 15:45:00,8.2
15788,2023-06-14 16:00:00,2.8
15789,2023-06-14 16:15:00,1.7
15790,2023-06-14 16:30:00,3.6
15791,2023-06-14 16:45:00,2.4
15792,2023-06-14 17:00:00,3.3
15793,2023-06-14 17:15:00,2.7
15794,2023-06-14 17:30:00,3.4
15795,2023-06-14 17:45:00,3.1
15796,2023-06-14 18:00:00,3.4
15797,2023-06-14 18:15:00,2.6
15798,2023-06-14 18:30:00,3.2
15799,2023-06-14 18:45:00,3.3
15800,2023-06-14 19:00:00,9.1
15801,2023-06-14 19:15:00,7.3
15802,2023-06-14 19:30:00,3.2
15803,2023-06-14 19:45:00,2.1
15804,2023-06-14 20:00:00,3.7
15805,2023-06-14 20:15:00,2.7
15806,2023-06-14 20:30:00,3.8
15807,2023-06-14 20:45:00,1.9
15808,2023-06-14 21:00:00,3.2
15809,2023-06-14 21:15:00,2.7
15810,2023-06-14 21:30:00,2.5
15811,2023-06-14 21:45:00,3.2
15812,2023-06-14 22:00:00,2.0
15813,2023-06-14 22:15:00,3.6
15814,2023-06-14 22:30:00,2.2
15815,2023-06-14 22:45:00,3.0
15816,2023-06-14 23:00:00,2.8
15817,2023-06-14 23:15:00,2.1
15818,2023-06-14 23:30:00,2.3
15819,2023-06-14 23:45:00,8.7
15820,2023-06-15 00:00:00,3.1
15821,2023-06-15 00:15:00,5.2
15822,2023-06-15 00:30:00,5.3
15823,2023-06-15 00:45:00,5.5
15824,2023-06-15 01:00:00,5.0
15825,2023-06-15 01:15:00,5.6
15826,2023-06-15 01:30:00,5.2
15827,2023-06-15 01:45:00,6.5
15828,2023-06-15 02:00:00,5.1
15829,2023-06-15 02:15:00,5.8
15830,2023-06-15 02:30:00,4.8
15831,2023-06-15 02:45:00,5.4
15832,2023-06-15 03:00:00,5.9
15833,2023-06-15 03:15:00,5.6
15834,2023-06-15 03:30:00,4.4
15835,2023-06-15 03:45:00,4.7
15836,2023-06-15 04:00:00,5.0
15837,2023-06-15 04:15:00,10.8
15838,2023-06-15 04:30:00,5.3
15839,2023-06-15 04:45:00,8.6
15840,2023-06-15 05:00:00,5.1
15841,2023-06-15 05:15:00,5.3
15842,2023-06-15 05:30:00,5.7
15843,2023-06-15 05:45:00,5.1
15844,2023-06-15 06:00:00,5.0
15845,2023-06-15 06:15:00,4.6
15846,2023-06-15 06:30:00,4.9
15847,2023-06-15 06:45:00,4.8
15848,2023-06-15 07:00:00,5.1
15849,2023-06-15 07:15:00,5.6
15850,2023-06-15 07:30:00,5.4
15851,2023-06-15 07:45:00,5.4
15852,2023-06-15 08:00:00,5.6
15853,2023-06-15 08:15:00,5.4
15854,2023-06-15 08:30:00,5.7
15855,2023-06-15 08:45:00,6.0
15856,2023-06-15 09:00:00,4.5
15857,2023-06-15 09:15:00,4.9
15858,2023-06-15 09:30:00,5.0
15859,2023-06-15 09:45:00,3.4
15860,2023-06-15 10:00:00,2.5
15861,2023-06-15 10:15:00,3.0
15862,2023-06-15 10:30:00,1.9
15863,2023-06-15 10:45:00,2.4
15864,2023-06-15 11:00:00,2.8
15865,2023-06-15 11:15:00,3.0
15866,2023-06-15 11:30:00,3.8
15867,2023-06-15 11:45:00,8.7
15868,2023-06-15 12:00:00,3.0
15869,2023-06-15 12:15:00,2.5
15870,2023-06-15 12:30:00,3.2
15871,2023-06-15 12:45:00,2.4
15872,2023-06-15 13:00:00,2.7
15873,2023-06-15 13:15:00,5.8
15874,2023-06-15 13:30:00,2.0
15875,2023-06-15 13:45:00,3.9
15876,2023-06-15 14:00:00,5.1
15877,2023-06-15 14:15:00,4.9
15878,2023-06-15 14:30:00,2.0
15879,2023-06-15 14:45:00,3.3
15880,2023-06-15 15:00:00,2.5
15881,2023-06-15 15:15:00,2.2
15882,2023-06-15 15:30:00,2.4
15883,2023-06-15 15:45:00,5.4
15884,2023-06-15 16:00:00,2.6
15885,2023-06-15 16:15:00,5.0
15886,2023-06-15 16:30:00,2.2
15887,2023-06-15 16:45:00,3.4
15888,2023-06-15 17:00:00,1.8
15889,2023-06-15 17:15:00,2.7
15890,2023-06-15 17:30:00,5.8
15891,2023-06-15 17:45:00,2.2
15892,2023-06-15 18:00:00,9.2
15893,2023-06-15 18:15:00,2.4
15894,2023-06-15 18:30:00,6.0
15895,2023-06-15 18:45:00,4.3
15896,2023-06-15 19:00:00,3.6
15897,2023-06-15 19:15:00,2.6
15898,2023-06-15 19:30:00,5.3
15899,2023-06-15 19:45:00,3.2
15900,2023-06-15 20:00:00,6.1
15901,2023-06-15 20:15:00,3.1
15902,2023-06-15 20:30:00,2.9
15903,2023-06-15 20:45:00,2.5
15904,2023-06-15 21:00:00,3.1
15905,2023-06-15 21:15:00,3.4
15906,2023-06-15 21:30:00,2.4
15907,2023-06-15 21:45:00,7.0
15908,2023-06-15 22:00:00,5.7
15909,2023-06-15 22:15:00,3.9
15910,2023-06-15 22:30:00,3.0
15911,2023-06-15 22:45:00,1.9
15912,2023-06-15 23:00:00,2.7
15913,2023-06-15 23:15:00,3.9
15914,2023-06-15 23:30:00,3.5
15915,2023-06-15 23:45:00,2.3
15916,2023-06-16 00:00:00,3.6
15917,2023-06-16 00:15:00,2.9
15918,2023-06-16 00:30:00,2.8
15919,2023-06-16 00:45:00,6.1
15920,2023-06-16 01:00:00,5.1
15921,2023-06-16 01:15:00,5.1
15922,2023-06-16 01:30:00,6.4
15923,2023-06-16 01:45:00,4.7
15924,2023-06-16 02:00:00,4.4
15925,2023-06-16 02:15:00,6.0
15926,2023-06-16 02:30:00,5.9
15927,2023-06-16 02:45:00,5.7
15928,2023-06-16 03:00:00,5.7
15929,2023-06-16 03:15:00,5.0
15930,2023-06-16 03:30:00,5.0
15931,2023-06-16 03:45:00,4.7
15932,2023-06-16 04:00:00,8.9
15933,2023-06-16 04:15:00,9.5
15934,2023-06-16 04:30:00,5.2
15935,2023-06-16 04:45:00,11.1
15936,2023-06-16 05:00:00,5.2
15937,2023-06-16 05:15:00,5.0
15938,2023-06-16 05:30:00,11.0
15939,2023-06-16 05:45:00,6.3
15940,2023-06-16 06:00:00,5.2
15941,2023-06-16 06:15:00,5.6
15942,2023-06-16 06:30:00,5.5
15943,2023-06-16 06:45:00,4.8
15944,2023-06-16 07:00:00,11.7
15945,2023-06-16 07:15:00,5.9
15946,2023-06-16 07:30:00,6.1
15947,2023-06-16 07:45:00,5.3
15948,2023-06-16 08:00:00,5.2
15949,2023-06-16 08:15:00,5.0
15950,2023-06-16 08:30:00,5.1
15951,2023-06-16 08:45:00,6.6
15952,2023-06-16 09:00:00,5.4
15953,2023-06-16 09:15:00,6.6
15954,2023-06-16 09:30:00,5.4
15955,2023-06-16 09:45:00,5.6
15956,2023-06-16 10:00:00,6.5
15957,2023-06-16 10:15:00,3.7
15958,2023-06-16 10:30:00,3.3
15959,2023-06-16 10:45:00,3.0
15960,2023-06-16 11:00:00,2.6
15961,2023-06-16 11:15:00,6.1
15962,2023-06-16 11:30:00,3.4
15963,2023-06-16 11:45:00,2.3
15964,2023-06-16 12:00:00,3.5
15965,2023-06-16 12:15:00,2.1
15966,2023-06-16 12:30:00,2.3
15967,2023-06-16 12:45:00,3.3
15968,2023-06-16 13:00:00,2.9
15969,2023-06-16 13:15:00,3.1
15970,2023-06-16 13:30:00,5.2
15971,2023-06-16 13:45:00,6.5
15972,2023-06-16 14:00:00,2.7
15973,2023-06-16 14:15:00,2.6
15974,2023-06-16 14:30:00,3.1
15975,2023-06-16 14:45:00,2.3
15976,2023-06-16 15:00:00,5.4
15977,2023-06-16 15:15:00,3.5
15978,2023-06-16 15:30:00,2.5
15979,2023-06-16 15:45:00,2.1
15980,2023-06-16 16:00:00,3.4
15981,2023-06-16 16:15:00,3.6
15982,2023-06-16 16:30:00,4.0
15983,2023-06-16 16:45:00,4.5
15984,2023-06-16 17:00:00,2.4
15985,2023-06-16 17:15:00,2.2
15986,2023-06-16 17:30:00,3.2
15987,2023-06-16 17:45:00,3.3
15988,2023-06-16 18:00:00,2.7
15989,2023-06-16 18:15:00,3.3
15990,2023-06-16 18:30:00,2.5
15991,2023-06-16 18:45:00,2.6
15992,2023-06-16 19:00:00,2.9
15993,2023-06-16 19:15:00,2.6
15994,2023-06-16 19:30:00,2.3
15995,2023-06-16 19:45:00,2.6
15996,2023-06-16 20:00:00,3.1
15997,2023-06-16 20:15:00,2.9
15998,2023-06-16 20:30:00,2.4
15999,2023-06-16 20:45:00,2.3
16000,2023-06-16 21:00:00,3.3
16001,2023-06-16 21:15:00,2.0
16002,2023-06-16 21:30:00,3.2
16003,2023-06-16 21:45:00,3.7
16004,2023-06-16 22:00:00,2.5
16005,2023-06-16 22:15:00,1.9
16006,2023-06-16 22:30:00,2.5
16007,2023-06-16 22:45:00,2.9
16008,2023-06-16 23:00:00,6.4
16009,2023-06-16 23:15:00,5.9
16010,2023-06-16 23:30:00,2.4
16011,2023-06-16 23:45:00,1.9
16012,2023-06-17 00:00:00,2.8
16013,2023-06-17 00:15:00,3.5
16014,2023-06-17 00:30:00,8.0
16015,2023-06-17 00:45:00,5.4
16016,2023-06-17 01:00:00,5.2
16017,2023-06-17 01:15:00,4.8
16018,2023-06-17 01:30:00,6.0
16019,2023-06-17 01:45:00,5.9
16020,2023-06-17 02:00:00,5.0
16021,2023-06-17 02:15:00,5.4
16022,2023-06-17 02:30:00,5.0
16023,2023-06-17 02:45:00,6.0
16024,2023-06-17 03:00:00,11.2
16025,2023-06-17 03:15:00,5.0
16026,2023-06-17 03:30:00,5.7
16027,2023-06-17 03:45:00,4.5
16028,2023-06-17 04:00:00,5.4
16029,2023-06-17 04:15:00,6.3
16030,2023-06-17 04:30:00,4.5
16031,2023-06-17 04:45:00,5.4
16032,2023-06-17 05:00:00,10.9
16033,2023-06-17 05:15:00,4.9
16034,2023-06-17 05:30:00,5.7
16035,2023-06-17 05:45:00,8.0
16036,2023-06-17 06:00:00,5.2
16037,2023-06-17 06:15:00,4.8
16038,2023-06-17 06:30:00,6.2
16039,2023-06-17 06:45:00,4.9
16040,2023-06-17 07:00:00,5.3
16041,2023-06-17 07:15:00,8.4
16042,2023-06-17 07:30:00,6.2
16043,2023-06-17 07:45:00,8.7
16044,2023-06-17 08:00:00,9.4
16045,2023-06-17 08:15:00,4.9
16046,2023-06-17 08:30:00,4.6
16047,2023-06-17 08:45:00,4.6
16048,2023-06-17 09:00:00,5.5
16049,2023-06-17 09:15:00,5.7
16050,2023-06-17 09:30:00,5.4
16051,2023-06-17 09:45:00,2.2
16052,2023-06-17 10:00:00,2.6
16053,2023-06-17 10:15:00,3.9
16054,2023-06-17 10:30:00,3.4
16055,2023-06-17 10:45:00,3.2
16056,2023-06-17 11:00:00,3.1
16057,2023-06-17 11:15:00,3.2
16058,2023-06-17 11:30:00,3.6
16059,2023-06-17 11:45:00,3.3
16060,2023-06-17 12:00:00,2.1
16061,2023-06-17 12:15:00,2.2
16062,2023-06-17 12:30:00,3.4
16063,2023-06-17 12:45:00,3.0
16064,2023-06-17 13:00:00,3.7
16065,2023-06-17 13:15:00,4.7
16066,2023-06-17 13:30:00,5.3
16067,2023-06-17 13:45:00,2.7
16068,2023-06-17 14:00:00,2.4
16069,2023-06-17 14:15:00,3.4
16070,2023-06-17 14:30:00,2.5
16071,2023-06-17 14:45:00,2.2
16072,2023-06-17 15:00:00,3.4
16073,2023-06-17 15:15:00,2.7
16074,2023-06-17 15:30:00,2.7
16075,2023-06-17 15:45:00,3.6
16076,2023-06-17 16:00:00,2.0
16077,2023-06-17 16:15:00,2.5
16078,2023-06-17 16:30:00,5.5
16079,2023-06-17 16:45:00,6.8
16080,2023-06-17 17:00:00,3.3
16081,2023-06-17 17:15:00,3.4
16082,2023-06-17 17:30:00,3.6
16083,2023-06-17 17:45:00,3.6
16084,2023-06-17 18:00:00,8.8
16085,2023-06-17 18:15:00,2.4
16086,2023-06-17 18:30:00,2.9
16087,2023-06-17 18:45:00,3.1
16088,2023-06-17 19:00:00,3.1
16089,2023-06-17 19:15:00,2.0
16090,2023-06-17 19:30:00,2.8
16091,2023-06-17 19:45:00,2.9
16092,2023-06-17 20:00:00,3.0
16093,2023-06-17 20:15:00,4.6
16094,2023-06-17 20:30:00,8.3
16095,2023-06-17 20:45:00,2.9
16096,2023-06-17 21:00:00,2.3
16097,2023-06-17 21:15:00,4.1
16098,2023-06-17 21:30:00,2.3
16099,2023-06-17 21:45:00,3.2
16100,2023-06-17 22:00:00,3.4
16101,2023-06-17 22:15:00,3.3
16102,2023-06-17 22:30:00,2.0
16103,2023-06-17 22:45:00,3.2
16104,2023-06-17 23:00:00,2.5
16105,2023-06-17 23:15:00,4.1
16106,2023-06-17 23:30:00,2.5
16107,2023-06-17 23:45:00,2.8
16108,2023-06-18 00:00:00,4.0
16109,2023-06-18 00:15:00,3.0
16110,2023-06-18 00:30:00,2.4
16111,2023-06-18 00:45:00,2.8
16112,2023-06-18 01:00:00,4.9
16113,2023-06-18 01:15:00,6.0
16114,2023-06-18 01:30:00,5.2
16115,2023-06-18 01:45:00,5.7
16116,2023-06-18 02:00:00,5.3
16117,2023-06-18 02:15:00,9.4
16118,2023-06-18 02:30:00,9.3
16119,2023-06-18 02:45:00,5.4
16120,2023-06-18 03:00:00,4.7
16121,2023-06-18 03:15:00,5.7
16122,2023-06-18 03:30:00,5.9
16123,2023-06-18 03:45:00,5.2
16124,2023-06-18 04:00:00,5.4
16125,2023-06-18 04:15:00,6.3
16126,2023-06-18 04:30:00,5.1
16127,2023-06-18 04:45:00,5.8
16128,2023-06-18 05:00:00,5.1
16129,2023-06-18 05:15:00,6.0
16130,2023-06-18 05:30:00,5.1
16131,2023-06-18 05:45:00,5.8
16132,2023-06-18 06:00:00,4.6
16133,2023-06-18 06:15:00,8.0
16134,2023-06-18 06:30:00,5.8
16135,2023-06-18 06:45:00,4.8
16136,2023-06-18 07:00:00,5.1
16137,2023-06-18 07:15:00,5.6
16138,2023-06-18 07:30:00,5.8
16139,2023-06-18 07:45:00,5.3
16140,2023-06-18 08:00:00,4.7
16141,2023-06-18 08:15:00,5.6
16142,2023-06-18 08:30:00,5.9
16143,2023-06-18 08:45:00,4.9
16144,2023-06-18 09:00:00,5.5
16145,2023-06-18 09:15:00,5.6
16146,2023-06-18 09:30:00,3.6
16147,2023-06-18 09:45:00,3.3
16148,2023-06-18 10:00:00,3.2
16149,2023-06-18 10:15:00,2.0
16150,2023-06-18 10:30:00,4.0
16151,2023-06-18 10:45:00,2.0
16152,2023-06-18 11:00:00,1.7
16153,2023-06-18 11:15:00,2.4
16154,2023-06-18 11:30:00,8.3
16155,2023-06-18 11:45:00,6.5
16156,2023-06-18 12:00:00,3.4
16157,2023-06-18 12:15:00,2.9
16158,2023-06-18 12:30:00,3.2
16159,2023-06-18 12:45:00,3.3
16160,2023-06-18 13:00:00,2.8
16161,2023-06-18 13:15:00,5.9
16162,2023-06-18 13:30:00,3.0
16163,2023-06-18 13:45:00,3.8
16164,2023-06-18 14:00:00,2.6
16165,2023-06-18 14:15:00,3.0
16166,2023-06-18 14:30:00,2.8
16167,2023-06-18 14:45:00,3.1
16168,2023-06-18 15:00:00,3.2
16169,2023-06-18 15:15:00,3.2
16170,2023-06-18 15:30:00,2.4
16171,2023-06-18 15:45:00,3.2
16172,2023-06-18 16:00:00,3.0
16173,2023-06-18 16:15:00,3.7
16174,2023-06-18 16:30:00,3.5
16175,2023-06-18 16:45:00,2.7
16176,2023-06-18 17:00:00,3.3
16177,2023-06-18 17:15:00,3.5
16178,2023-06-18 17:30:00,2.8
16179,2023-06-18 17:45:00,3.0
16180,2023-06-18 18:00:00,9.0
16181,2023-06-18 18:15:00,3.3
16182,2023-06-18 18:30:00,3.1
16183,2023-06-18 18:45:00,5.6
16184,2023-06-18 19:00:00,5.9
16185,2023-06-18 19:15:00,3.7
16186,2023-06-18 19:30:00,3.1
16187,2023-06-18 19:45:00,3.0
16188,2023-06-18 20:00:00,3.2
16189,2023-06-18 20:15:00,3.6
16190,2023-06-18 20:30:00,4.4
16191,2023-06-18 20:45:00,2.5
16192,2023-06-18 21:00:00,3.8
16193,2023-06-18 21:15:00,2.8
16194,2023-06-18 21:30:00,3.8
16195,2023-06-18 21:45:00,5.3
16196,2023-06-18 22:00:00,3.5
16197,2023-06-18 22:15:00,2.7
16198,2023-06-18 22:30:00,2.7
16199,2023-06-18 22:45:00,2.8
16200,2023-06-18 23:00:00,4.7
16201,2023-06-18 23:15:00,3.2
16202,2023-06-18 23:30:00,2.4
16203,2023-06-18 23:45:00,3.5
16204,2023-06-19 00:00:00,3.3
16205,2023-06-19 00:15:00,7.7
16206,2023-06-19 00:30:00,2.7
16207,2023-06-19 00:45:00,2.1
16208,2023-06-19 01:00:00,5.8
16209,2023-06-19 01:15:00,6.2
16210,2023-06-19 01:30:00,5.2
16211,2023-06-19 01:45:00,5.5
16212,2023-06-19 02:00:00,6.9
16213,2023-06-19 02:15:00,6.0
16214,2023-06-19 02:30:00,5.9
16215,2023-06-19 02:45:00,5.6
16216,2023-06-19 03:00:00,6.0
16217,2023-06-19 03:15:00,6.0
16218,2023-06-19 03:30:00,7.7
16219,2023-06-19 03:45:00,5.6
16220,2023-06-19 04:00:00,5.3
16221,2023-06-19 04:15:00,9.0
16222,2023-06-19 04:30:00,5.7
16223,2023-06-19 04:45:00,5.0
16224,2023-06-19 05:00:00,5.7
16225,2023-06-19 05:15:00,5.6
16226,2023-06-19 05:30:00,5.9
16227,2023-06-19 05:45:00,5.7
16228,2023-06-19 06:00:00,5.9
16229,2023-06-19 06:15:00,5.3
16230,2023-06-19 06:30:00,5.6
16231,2023-06-19 06:45:00,4.9
16232,2023-06-19 07:00:00,5.8
16233,2023-06-19 07:15:00,5.9
16234,2023-06-19 07:30:00,5.1
16235,2023-06-19 07:45:00,8.1
16236,2023-06-19 08:00:00,4.5
16237,2023-06-19 08:15:00,6.2
16238,2023-06-19 08:30:00,11.3
16239,2023-06-19 08:45:00,6.4
16240,2023-06-19 09:00:00,5.3
16241,2023-06-19 09:15:00,11.8
16242,2023-06-19 09:30:00,2.4
16243,2023-06-19 09:45:00,2.5
16244,2023-06-19 10:00:00,2.8
16245,2023-06-19 10:15:00,2.4
16246,2023-06-19 10:30:00,3.9
16247,2023-06-19 10:45:00,2.3
16248,2023-06-19 11:00:00,4.9
16249,2023-06-19 11:15:00,2.0
16250,2023-06-19 11:30:00,3.4
16251,2023-06-19 11:45:00,5.1
16252,2023-06-19 12:00:00,2.7
16253,2023-06-19 12:15:00,6.5
16254,2023-06-19 12:30:00,6.8
16255,2023-06-19 12:45:00,9.5
16256,2023-06-19 13:00:00,2.1
16257,2023-06-19 13:15:00,2.3
16258,2023-06-19 13:30:00,5.6
16259,2023-06-19 13:45:00,2.7
16260,2023-06-19 14:00:00,2.5
16261,2023-06-19 14:15:00,8.8
16262,2023-06-19 14:30:00,2.5
16263,2023-06-19 14:45:00,3.1
16264,2023-06-19 15:00:00,2.9
16265,2023-06-19 15:15:00,3.4
16266,2023-06-19 15:30:00,3.7
16267,2023-06-19 15:45:00,4.4
16268,2023-06-19 16:00:00,6.2
16269,2023-06-19 16:15:00,9.9
16270,2023-06-19 16:30:00,2.8
16271,2023-06-19 16:45:00,3.1
16272,2023-06-19 17:00:00,2.3
16273,2023-06-19 17:15:00,3.6
16274,2023-06-19 17:30:00,2.9
16275,2023-06-19 17:45:00,3.1
16276,2023-06-19 18:00:00,5.2
16277,2023-06-19 18:15:00,2.9
16278,2023-06-19 18:30:00,2.6
16279,2023-06-19 18:45:00,4.3
16280,2023-06-19 19:00:00,3.2
16281,2023-06-19 19:15:00,2.9
16282,2023-06-19 19:30:00,3.3
16283,2023-06-19 19:45:00,3.0
16284,2023-06-19 20:00:00,2.9
16285,2023-06-19 20:15:00,3.6
16286,2023-06-19 20:30:00,2.8
16287,2023-06-19 20:45:00,3.4
16288,2023-06-19 21:00:00,3.5
16289,2023-06-19 21:15:00,3.8
16290,2023-06-19 21:30:00,2.2
16291,2023-06-19 21:45:00,7.1
16292,2023-06-19 22:00:00,9.5
16293,2023-06-19 22:15:00,3.7
16294,2023-06-19 22:30:00,7.4
16295,2023-06-19 22:45:00,5.2
16296,2023-06-19 23:00:00,3.7
16297,2023-06-19 23:15:00,2.5
16298,2023-06-19 23:30:00,3.9
16299,2023-06-19 23:45:00,3.1
16300,2023-06-20 00:00:00,6.8
16301,2023-06-20 00:15:00,2.8
16302,2023-06-20 00:30:00,4.7
16303,2023-06-20 00:45:00,2.5
16304,2023-06-20 01:00:00,5.8
16305,2023-06-20 01:15:00,5.9
16306,2023-06-20 01:30:00,6.3
16307,2023-06-20 01:45:00,6.6
16308,2023-06-20 02:00:00,4.9
16309,2023-06-20 02:15:00,4.9
16310,2023-06-20 02:30:00,5.6
16311,2023-06-20 02:45:00,5.1
16312,2023-06-20 03:00:00,5.0
16313,2023-06-20 03:15:00,5.3
16314,2023-06-20 03:30:00,6.2
16315,2023-06-20 03:45:00,5.0
16316,2023-06-20 04:00:00,5.4
16317,2023-06-20 04:15:00,5.4
16318,2023-06-20 04:30:00,6.2
16319,2023-06-20 04:45:00,5.5
16320,2023-06-20 05:00:00,5.1
16321,2023-06-20 05:15:00,6.4
16322,2023-06-20 05:30:00,5.0
16323,2023-06-20 05:45:00,5.4
16324,2023-06-20 06:00:00,6.3
16325,2023-06-20 06:15:00,5.6
16326,2023-06-20 06:30:00,5.3
16327,2023-06-20 06:45:00,6.4
16328,2023-06-20 07:00:00,6.2
16329,2023-06-20 07:15:00,5.2
16330,2023-06-20 07:30:00,4.8
16331,2023-06-20 07:45:00,5.0
16332,2023-06-20 08:00:00,6.5
16333,2023-06-20 08:15:00,5.7
16334,2023-06-20 08:30:00,5.5
16335,2023-06-20 08:45:00,5.1
16336,2023-06-20 09:00:00,4.5
16337,2023-06-20 09:15:00,8.6
16338,2023-06-20 09:30:00,6.6
16339,2023-06-20 09:45:00,11.1
16340,2023-06-20 10:00:00,2.3
16341,2023-06-20 10:15:00,4.0
16342,2023-06-20 10:30:00,4.1
16343,2023-06-20 10:45:00,5.4
16344,2023-06-20 11:00:00,2.2
16345,2023-06-20 11:15:00,3.5
16346,2023-06-20 11:30:00,2.2
16347,2023-06-20 11:45:00,5.5
16348,2023-06-20 12:00:00,3.2
16349,2023-06-20 12:15:00,6.3
16350,2023-06-20 12:30:00,2.7
16351,2023-06-20 12:45:00,3.6
16352,2023-06-20 13:00:00,3.0
16353,2023-06-20 13:15:00,6.1
16354,2023-06-20 13:30:00,4.6
16355,2023-06-20 13:45:00,5.0
16356,2023-06-20 14:00:00,3.1
16357,2023-06-20 14:15:00,3.3
16358,2023-06-20 14:30:00,2.2
16359,2023-06-20 14:45:00,2.8
16360,2023-06-20 15:00:00,3.0
16361,2023-06-20 15:15:00,3.6
16362,2023-06-20 15:30:00,3.8
16363,2023-06-20 15:45:00,4.1
16364,2023-06-20 16:00:00,2.9
16365,2023-06-20 16:15:00,3.1
16366,2023-06-20 16:30:00,8.4
16367,2023-06-20 16:45:00,5.8
16368,2023-06-20 17:00:00,3.7
16369,2023-06-20 17:15:00,2.9
16370,2023-06-20 17:30:00,3.6
16371,2023-06-20 17:45:00,2.7
16372,2023-06-20 18:00:00,6.1
16373,2023-06-20 18:15:00,4.7
16374,2023-06-20 18:30:00,4.3
16375,2023-06-20 18:45:00,3.1
16376,2023-06-20 19:00:00,3.2
16377,2023-06-20 19:15:00,4.7
16378,2023-06-20 19:30:00,2.5
16379,2023-06-20 19:45:00,3.9
16380,2023-06-20 20:00:00,2.9
16381,2023-06-20 20:15:00,6.1
16382,2023-06-20 20:30:00,2.4
16383,2023-06-20 20:45:00,4.6
16384,2023-06-20 21:00:00,5.7
16385,2023-06-20 21:15:00,4.3
16386,2023-06-20 21:30:00,2.4
16387,2023-06-20 21:45:00,4.2
16388,2023-06-20 22:00:00,1.9
16389,2023-06-20 22:15:00,3.3
16390,2023-06-20 22:30:00,3.4
16391,2023-06-20 22:45:00,4.0
16392,2023-06-20 23:00:00,5.0
16393,2023-06-20 23:15:00,4.2
16394,2023-06-20 23:30:00,3.1
16395,2023-06-20 23:45:00,3.2
16396,2023-06-21 00:00:00,3.0
16397,2023-06-21 00:15:00,3.1
16398,2023-06-21 00:30:00,1.8
16399,2023-06-21 00:45:00,4.3
16400,2023-06-21 01:00:00,6.4
16401,2023-06-21 01:15:00,5.9
16402,2023-06-21 01:30:00,14.3
16403,2023-06-21 01:45:00,10.0
16404,2023-06-21 02:00:00,4.9
16405,2023-06-21 02:15:00,4.7
16406,2023-06-21 02:30:00,6.0
16407,2023-06-21 02:45:00,6.8
16408,2023-06-21 03:00:00,6.1
16409,2023-06-21 03:15:00,7.0
16410,2023-06-21 03:30:00,6.1
16411,2023-06-21 03:45:00,5.3
16412,2023-06-21 04:00:00,6.6
16413,2023-06-21 04:15:00,6.2
16414,2023-06-21 04:30:00,7.3
16415,2023-06-21 04:45:00,4.9
16416,2023-06-21 05:00:00,5.8
16417,2023-06-21 05:15:00,6.2
16418,2023-06-21 05:30:00,5.5
16419,2023-06-21 05:45:00,6.3
16420,2023-06-21 06:00:00,6.1
16421,2023-06-21 06:15:00,4.9
16422,2023-06-21 06:30:00,4.7
16423,2023-06-21 06:45:00,5.3
16424,2023-06-21 07:00:00,11.4
16425,2023-06-21 07:15:00,5.3
16426,2023-06-21 07:30:00,5.4
16427,2023-06-21 07:45:00,12.1
16428,2023-06-21 08:00:00,5.2
16429,2023-06-21 08:15:00,6.2
16430,2023-06-21 08:30:00,8.1
16431,2023-06-21 08:45:00,9.2
16432,2023-06-21 09:00:00,5.1
16433,2023-06-21 09:15:00,6.1
16434,2023-06-21 09:30:00,2.9
16435,2023-06-21 09:45:00,3.2
16436,2023-06-21 10:00:00,3.1
16437,2023-06-21 10:15:00,6.0
16438,2023-06-21 10:30:00,4.0
16439,2023-06-21 10:45:00,6.4
16440,2023-06-21 11:00:00,5.9
16441,2023-06-21 11:15:00,5.0
16442,2023-06-21 11:30:00,3.0
16443,2023-06-21 11:45:00,3.1
16444,2023-06-21 12:00:00,4.1
16445,2023-06-21 12:15:00,4.0
16446,2023-06-21 12:30:00,5.6
16447,2023-06-21 12:45:00,4.9
16448,2023-06-21 13:00:00,3.8
16449,2023-06-21 13:15:00,2.8
16450,2023-06-21 13:30:00,3.8
16451,2023-06-21 13:45:00,3.7
16452,2023-06-21 14:00:00,2.1
16453,2023-06-21 14:15:00,2.3
16454,2023-06-21 14:30:00,3.3
16455,2023-06-21 14:45:00,6.2
16456,2023-06-21 15:00:00,2.6
16457,2023-06-21 15:15:00,3.3
16458,2023-06-21 15:30:00,2.9
16459,2023-06-21 15:45:00,3.6
16460,2023-06-21 16:00:00,2.3
16461,2023-06-21 16:15:00,4.0
16462,2023-06-21 16:30:00,3.5
16463,2023-06-21 16:45:00,2.8
16464,2023-06-21 17:00:00,2.0
16465,2023-06-21 17:15:00,2.9
16466,2023-06-21 17:30:00,2.5
16467,2023-06-21 17:45:00,4.0
16468,2023-06-21 18:00:00,4.2
16469,2023-06-21 18:15:00,3.2
16470,2023-06-21 18:30:00,3.3
16471,2023-06-21 18:45:00,3.3
16472,2023-06-21 19:00:00,3.4
16473,2023-06-21 19:15:00,4.5
16474,2023-06-21 19:30:00,3.1
16475,2023-06-21 19:45:00,6.9
16476,2023-06-21 20:00:00,3.4
16477,2023-06-21 20:15:00,6.3
16478,2023-06-21 20:30:00,3.3
16479,2023-06-21 20:45:00,1.8
16480,2023-06-21 21:00:00,3.0
16481,2023-06-21 21:15:00,2.9
16482,2023-06-21 21:30:00,7.2
16483,2023-06-21 21:45:00,6.0
16484,2023-06-21 22:00:00,3.1
16485,2023-06-21 22:15:00,2.8
16486,2023-06-21 22:30:00,4.2
16487,2023-06-21 22:45:00,3.6
16488,2023-06-21 23:00:00,4.2
16489,2023-06-21 23:15:00,4.5
16490,2023-06-21 23:30:00,3.6
16491,2023-06-21 23:45:00,3.1
16492,2023-06-22 00:00:00,3.9
16493,2023-06-22 00:15:00,3.1
16494,2023-06-22 00:30:00,4.3
16495,2023-06-22 00:45:00,2.2
16496,2023-06-22 01:00:00,6.4
16497,2023-06-22 01:15:00,4.8
16498,2023-06-22 01:30:00,6.0
16499,2023-06-22 01:45:00,5.4
16500,2023-06-22 02:00:00,6.6
16501,2023-06-22 02:15:00,7.3
16502,2023-06-22 02:30:00,5.5
16503,2023-06-22 02:45:00,6.0
16504,2023-06-22 03:00:00,7.6
16505,2023-06-22 03:15:00,11.6
16506,2023-06-22 03:30:00,7.9
16507,2023-06-22 03:45:00,5.7
16508,2023-06-22 04:00:00,6.4
16509,2023-06-22 04:15:00,5.8
16510,2023-06-22 04:30:00,5.8
16511,2023-06-22 04:45:00,9.3
16512,2023-06-22 05:00:00,6.4
16513,2023-06-22 05:15:00,5.4
16514,2023-06-22 05:30:00,5.0
16515,2023-06-22 05:45:00,6.5
16516,2023-06-22 06:00:00,4.8
16517,2023-06-22 06:15:00,5.6
16518,2023-06-22 06:30:00,5.8
16519,2023-06-22 06:45:00,5.4
16520,2023-06-22 07:00:00,5.9
16521,2023-06-22 07:15:00,5.8
16522,2023-06-22 07:30:00,6.3
16523,2023-06-22 07:45:00,6.1
16524,2023-06-22 08:00:00,6.8
16525,2023-06-22 08:15:00,6.2
16526,2023-06-22 08:30:00,5.4
16527,2023-06-22 08:45:00,5.0
16528,2023-06-22 09:00:00,6.0
16529,2023-06-22 09:15:00,5.6
16530,2023-06-22 09:30:00,2.3
16531,2023-06-22 09:45:00,5.7
16532,2023-06-22 10:00:00,2.0
16533,2023-06-22 10:15:00,3.2
16534,2023-06-22 10:30:00,3.8
16535,2023-06-22 10:45:00,5.4
16536,2023-06-22 11:00:00,2.7
16537,2023-06-22 11:15:00,2.3
16538,2023-06-22 11:30:00,2.8
16539,2023-06-22 11:45:00,2.2
16540,2023-06-22 12:00:00,2.9
16541,2023-06-22 12:15:00,3.3
16542,2023-06-22 12:30:00,3.0
16543,2023-06-22 12:45:00,1.8
16544,2023-06-22 13:00:00,4.2
16545,2023-06-22 13:15:00,2.3
16546,2023-06-22 13:30:00,3.5
16547,2023-06-22 13:45:00,3.4
16548,2023-06-22 14:00:00,3.0
16549,2023-06-22 14:15:00,6.9
16550,2023-06-22 14:30:00,3.1
16551,2023-06-22 14:45:00,3.8
16552,2023-06-22 15:00:00,3.8
16553,2023-06-22 15:15:00,3.2
16554,2023-06-22 15:30:00,2.9
16555,2023-06-22 15:45:00,3.1
16556,2023-06-22 16:00:00,2.4
16557,2023-06-22 16:15:00,3.7
16558,2023-06-22 16:30:00,3.9
16559,2023-06-22 16:45:00,4.7
16560,2023-06-22 17:00:00,3.6
16561,2023-06-22 17:15:00,2.8
16562,2023-06-22 17:30:00,2.4
16563,2023-06-22 17:45:00,4.5
16564,2023-06-22 18:00:00,3.3
16565,2023-06-22 18:15:00,12.5
16566,2023-06-22 18:30:00,6.6
16567,2023-06-22 18:45:00,6.7
16568,2023-06-22 19:00:00,5.9
16569,2023-06-22 19:15:00,7.4
16570,2023-06-22 19:30:00,5.7
16571,2023-06-22 19:45:00,7.3
16572,2023-06-22 20:00:00,8.5
16573,2023-06-22 20:15:00,7.5
16574,2023-06-22 20:30:00,7.2
16575,2023-06-22 20:45:00,9.5
16576,2023-06-22 21:00:00,6.8
16577,2023-06-22 21:15:00,6.6
16578,2023-06-22 21:30:00,7.0
16579,2023-06-22 21:45:00,8.0
16580,2023-06-22 22:00:00,7.1
16581,2023-06-22 22:15:00,8.1
16582,2023-06-22 22:30:00,6.7
16583,2023-06-22 22:45:00,6.4
16584,2023-06-22 23:00:00,9.8
16585,2023-06-22 23:15:00,6.7
16586,2023-06-22 23:30:00,6.5
16587,2023-06-22 23:45:00,6.1
16588,2023-06-23 00:00:00,6.0
16589,2023-06-23 00:15:00,8.7
16590,2023-06-23 00:30:00,7.5
16591,2023-06-23 00:45:00,6.3
16592,2023-06-23 01:00:00,10.1
16593,2023-06-23 01:15:00,9.4
16594,2023-06-23 01:30:00,14.3
16595,2023-06-23 01:45:00,8.7
16596,2023-06-23 02:00:00,12.1
16597,2023-06-23 02:15:00,8.7
16598,2023-06-23 02:30:00,11.3
16599,2023-06-23 02:45:00,12.2
16600,2023-06-23 03:00:00,9.1
16601,2023-06-23 03:15:00,9.5
16602,2023-06-23 03:30:00,11.9
16603,2023-06-23 03:45:00,8.3
16604,2023-06-23 04:00:00,10.1
16605,2023-06-23 04:15:00,9.3
16606,2023-06-23 04:30:00,9.8
16607,2023-06-23 04:45:00,8.4
16608,2023-06-23 05:00:00,10.6
16609,2023-06-23 05:15:00,10.3
16610,2023-06-23 05:30:00,8.5
16611,2023-06-23 05:45:00,9.3
16612,2023-06-23 06:00:00,9.0
16613,2023-06-23 06:15:00,11.8
16614,2023-06-23 06:30:00,11.5
16615,2023-06-23 06:45:00,9.8
16616,2023-06-23 07:00:00,8.9
16617,2023-06-23 07:15:00,9.0
16618,2023-06-23 07:30:00,8.4
16619,2023-06-23 07:45:00,9.5
16620,2023-06-23 08:00:00,9.5
16621,2023-06-23 08:15:00,8.9
16622,2023-06-23 08:30:00,8.8
16623,2023-06-23 08:45:00,8.1
16624,2023-06-23 09:00:00,11.3
16625,2023-06-23 09:15:00,9.5
16626,2023-06-23 09:30:00,9.1
16627,2023-06-23 09:45:00,8.9
16628,2023-06-23 10:00:00,7.9
16629,2023-06-23 10:15:00,6.0
16630,2023-06-23 10:30:00,6.0
16631,2023-06-23 10:45:00,6.2
16632,2023-06-23 11:00:00,7.4
16633,2023-06-23 11:15:00,6.1
16634,2023-06-23 11:30:00,6.8
16635,2023-06-23 11:45:00,6.4
16636,2023-06-23 12:00:00,6.6
16637,2023-06-23 12:15:00,9.4
16638,2023-06-23 12:30:00,10.5
16639,2023-06-23 12:45:00,9.9
16640,2023-06-23 13:00:00,6.6
16641,2023-06-23 13:15:00,6.1
16642,2023-06-23 13:30:00,6.5
16643,2023-06-23 13:45:00,6.7
16644,2023-06-23 14:00:00,5.8
16645,2023-06-23 14:15:00,6.6
16646,2023-06-23 14:30:00,6.8
16647,2023-06-23 14:45:00,5.6
16648,2023-06-23 15:00:00,7.0
16649,2023-06-23 15:15:00,8.6
16650,2023-06-23 15:30:00,5.5
16651,2023-06-23 15:45:00,6.0
16652,2023-06-23 16:00:00,7.5
16653,2023-06-23 16:15:00,7.5
16654,2023-06-23 16:30:00,6.3
16655,2023-06-23 16:45:00,6.6
16656,2023-06-23 17:00:00,7.1
16657,2023-06-23 17:15:00,8.1
16658,2023-06-23 17:30:00,6.6
16659,2023-06-23 17:45:00,6.7
16660,2023-06-23 18:00:00,7.0
16661,2023-06-23 18:15:00,6.1
16662,2023-06-23 18:30:00,8.1
16663,2023-06-23 18:45:00,6.4
16664,2023-06-23 19:00:00,6.4
16665,2023-06-23 19:15:00,6.1
16666,2023-06-23 19:30:00,7.1
16667,2023-06-23 19:45:00,7.3
16668,2023-06-23 20:00:00,6.1
16669,2023-06-23 20:15:00,6.4
16670,2023-06-23 20:30:00,7.7
16671,2023-06-23 20:45:00,6.8
16672,2023-06-23 21:00:00,9.0
16673,2023-06-23 21:15:00,6.2
16674,2023-06-23 21:30:00,7.0
16675,2023-06-23 21:45:00,7.0
16676,2023-06-23 22:00:00,9.7
16677,2023-06-23 22:15:00,3.8
16678,2023-06-23 22:30:00,5.9
16679,2023-06-23 22:45:00,2.3
16680,2023-06-23 23:00:00,3.0
16681,2023-06-23 23:15:00,3.6
16682,2023-06-23 23:30:00,2.9
16683,2023-06-23 23:45:00,3.5
16684,2023-06-24 00:00:00,2.3
16685,2023-06-24 00:15:00,3.2
16686,2023-06-24 00:30:00,3.4
16687,2023-06-24 00:45:00,2.7
16688,2023-06-24 01:00:00,5.2
16689,2023-06-24 01:15:00,6.6
16690,2023-06-24 01:30:00,9.6
16691,2023-06-24 01:45:00,5.0
16692,2023-06-24 02:00:00,4.4
16693,2023-06-24 02:15:00,4.9
16694,2023-06-24 02:30:00,7.4
16695,2023-06-24 02:45:00,6.3
16696,2023-06-24 03:00:00,5.4
16697,2023-06-24 03:15:00,7.5
16698,2023-06-24 03:30:00,5.4
16699,2023-06-24 03:45:00,5.2
16700,2023-06-24 04:00:00,5.8
16701,2023-06-24 04:15:00,5.2
16702,2023-06-24 04:30:00,6.0
16703,2023-06-24 04:45:00,5.5
16704,2023-06-24 05:00:00,9.8
16705,2023-06-24 05:15:00,8.3
16706,2023-06-24 05:30:00,6.0
16707,2023-06-24 05:45:00,4.5
16708,2023-06-24 06:00:00,4.7
16709,2023-06-24 06:15:00,6.3
16710,2023-06-24 06:30:00,5.2
16711,2023-06-24 06:45:00,4.1
16712,2023-06-24 07:00:00,5.9
16713,2023-06-24 07:15:00,8.2
16714,2023-06-24 07:30:00,8.7
16715,2023-06-24 07:45:00,5.5
16716,2023-06-24 08:00:00,7.0
16717,2023-06-24 08:15:00,5.7
16718,2023-06-24 08:30:00,6.6
16719,2023-06-24 08:45:00,5.1
16720,2023-06-24 09:00:00,4.6
16721,2023-06-24 09:15:00,5.9
16722,2023-06-24 09:30:00,5.0
16723,2023-06-24 09:45:00,4.8
16724,2023-06-24 10:00:00,3.2
16725,2023-06-24 10:15:00,3.1
16726,2023-06-24 10:30:00,2.1
16727,2023-06-24 10:45:00,3.0
16728,2023-06-24 11:00:00,4.1
16729,2023-06-24 11:15:00,2.3
16730,2023-06-24 11:30:00,3.9
16731,2023-06-24 11:45:00,2.1
16732,2023-06-24 12:00:00,2.7
16733,2023-06-24 12:15:00,4.1
16734,2023-06-24 12:30:00,3.1
16735,2023-06-24 12:45:00,3.3
16736,2023-06-24 13:00:00,3.4
16737,2023-06-24 13:15:00,3.7
16738,2023-06-24 13:30:00,2.5
16739,2023-06-24 13:45:00,4.9
16740,2023-06-24 14:00:00,2.0
16741,2023-06-24 14:15:00,3.0
16742,2023-06-24 14:30:00,3.0
16743,2023-06-24 14:45:00,2.5
16744,2023-06-24 15:00:00,3.1
16745,2023-06-24 15:15:00,9.4
16746,2023-06-24 15:30:00,2.9
16747,2023-06-24 15:45:00,3.5
16748,2023-06-24 16:00:00,2.8
16749,2023-06-24 16:15:00,7.3
16750,2023-06-24 16:30:00,2.8
16751,2023-06-24 16:45:00,4.1
16752,2023-06-24 17:00:00,2.2
16753,2023-06-24 17:15:00,2.1
16754,2023-06-24 17:30:00,3.6
16755,2023-06-24 17:45:00,2.6
16756,2023-06-24 18:00:00,2.4
16757,2023-06-24 18:15:00,3.7
16758,2023-06-24 18:30:00,3.9
16759,2023-06-24 18:45:00,3.0
16760,2023-06-24 19:00:00,5.0
16761,2023-06-24 19:15:00,2.4
16762,2023-06-24 19:30:00,5.2
16763,2023-06-24 19:45:00,3.1
16764,2023-06-24 20:00:00,4.0
16765,2023-06-24 20:15:00,3.4
16766,2023-06-24 20:30:00,3.2
16767,2023-06-24 20:45:00,2.7
16768,2023-06-24 21:00:00,2.9
16769,2023-06-24 21:15:00,3.1
16770,2023-06-24 21:30:00,2.9
16771,2023-06-24 21:45:00,3.5
16772,2023-06-24 22:00:00,2.8
16773,2023-06-24 22:15:00,3.6
16774,2023-06-24 22:30:00,3.6
16775,2023-06-24 22:45:00,2.4
16776,2023-06-24 23:00:00,3.7
16777,2023-06-24 23:15:00,5.5
16778,2023-06-24 23:30:00,3.6
16779,2023-06-24 23:45:00,3.2
16780,2023-06-25 00:00:00,5.5
16781,2023-06-25 00:15:00,3.6
16782,2023-06-25 00:30:00,3.6
16783,2023-06-25 00:45:00,2.8
16784,2023-06-25 01:00:00,9.2
16785,2023-06-25 01:15:00,5.5
16786,2023-06-25 01:30:00,5.2
16787,2023-06-25 01:45:00,5.6
16788,2023-06-25 02:00:00,5.4
16789,2023-06-25 02:15:00,5.2
16790,2023-06-25 02:30:00,5.0
16791,2023-06-25 02:45:00,5.5
16792,2023-06-25 03:00:00,5.8
16793,2023-06-25 03:15:00,6.2
16794,2023-06-25 03:30:00,7.2
16795,2023-06-25 03:45:00,5.4
16796,2023-06-25 04:00:00,4.9
16797,2023-06-25 04:15:00,5.7
16798,2023-06-25 04:30:00,5.2
16799,2023-06-25 04:45:00,5.0
16800,2023-06-25 05:00:00,5.9
16801,2023-06-25 05:15:00,5.9
16802,2023-06-25 05:30:00,5.1
16803,2023-06-25 05:45:00,5.1
16804,2023-06-25 06:00:00,4.4
16805,2023-06-25 06:15:00,6.5
16806,2023-06-25 06:30:00,5.0
16807,2023-06-25 06:45:00,5.0
16808,2023-06-25 07:00:00,5.6
16809,2023-06-25 07:15:00,4.5
16810,2023-06-25 07:30:00,6.9
16811,2023-06-25 07:45:00,4.9
16812,2023-06-25 08:00:00,5.8
16813,2023-06-25 08:15:00,5.0
16814,2023-06-25 08:30:00,6.0
16815,2023-06-25 08:45:00,6.2
16816,2023-06-25 09:00:00,4.5
16817,2023-06-25 09:15:00,5.1
16818,2023-06-25 09:30:00,6.2
16819,2023-06-25 09:45:00,4.1
16820,2023-06-25 10:00:00,2.8
16821,2023-06-25 10:15:00,3.6
16822,2023-06-25 10:30:00,3.6
16823,2023-06-25 10:45:00,2.9
16824,2023-06-25 11:00:00,3.7
16825,2023-06-25 11:15:00,2.8
16826,2023-06-25 11:30:00,5.7
16827,2023-06-25 11:45:00,2.1
16828,2023-06-25 12:00:00,3.3
16829,2023-06-25 12:15:00,4.4
16830,2023-06-25 12:30:00,2.6
16831,2023-06-25 12:45:00,8.9
16832,2023-06-25 13:00:00,3.2
16833,2023-06-25 13:15:00,4.3
16834,2023-06-25 13:30:00,2.1
16835,2023-06-25 13:45:00,2.5
16836,2023-06-25 14:00:00,3.0
16837,2023-06-25 14:15:00,3.4
16838,2023-06-25 14:30:00,3.3
16839,2023-06-25 14:45:00,3.6
16840,2023-06-25 15:00:00,2.5
16841,2023-06-25 15:15:00,3.5
16842,2023-06-25 15:30:00,3.3
16843,2023-06-25 15:45:00,4.0
16844,2023-06-25 16:00:00,3.2
16845,2023-06-25 16:15:00,3.6
16846,2023-06-25 16:30:00,3.4
16847,2023-06-25 16:45:00,2.9
16848,2023-06-25 17:00:00,2.6
16849,2023-06-25 17:15:00,5.9
16850,2023-06-25 17:30:00,4.7
16851,2023-06-25 17:45:00,2.7
16852,2023-06-25 18:00:00,3.5
16853,2023-06-25 18:15:00,10.0
16854,2023-06-25 18:30:00,2.6
16855,2023-06-25 18:45:00,3.5
16856,2023-06-25 19:00:00,3.9
16857,2023-06-25 19:15:00,3.3
16858,2023-06-25 19:30:00,1.7
16859,2023-06-25 19:45:00,7.3
16860,2023-06-25 20:00:00,6.5
16861,2023-06-25 20:15:00,6.2
16862,2023-06-25 20:30:00,3.4
16863,2023-06-25 20:45:00,3.8
16864,2023-06-25 21:00:00,3.5
16865,2023-06-25 21:15:00,3.6
16866,2023-06-25 21:30:00,3.3
16867,2023-06-25 21:45:00,3.1
16868,2023-06-25 22:00:00,2.7
16869,2023-06-25 22:15:00,3.2
16870,2023-06-25 22:30:00,3.8
16871,2023-06-25 22:45:00,3.7
16872,2023-06-25 23:00:00,9.6
16873,2023-06-25 23:15:00,3.1
16874,2023-06-25 23:30:00,3.9
16875,2023-06-25 23:45:00,3.0
16876,2023-06-26 00:00:00,4.5
16877,2023-06-26 00:15:00,2.9
16878,2023-06-26 00:30:00,4.9
16879,2023-06-26 00:45:00,4.1
16880,2023-06-26 01:00:00,5.0
16881,2023-06-26 01:15:00,9.4
16882,2023-06-26 01:30:00,7.2
16883,2023-06-26 01:45:00,9.7
16884,2023-06-26 02:00:00,5.7
16885,2023-06-26 02:15:00,6.9
16886,2023-06-26 02:30:00,6.1
16887,2023-06-26 02:45:00,4.9
16888,2023-06-26 03:00:00,5.0
16889,2023-06-26 03:15:00,5.7
16890,2023-06-26 03:30:00,5.9
16891,2023-06-26 03:45:00,5.1
16892,2023-06-26 04:00:00,8.3
16893,2023-06-26 04:15:00,9.1
16894,2023-06-26 04:30:00,6.4
16895,2023-06-26 04:45:00,6.4
16896,2023-06-26 05:00:00,5.5
16897,2023-06-26 05:15:00,5.8
16898,2023-06-26 05:30:00,5.0
16899,2023-06-26 05:45:00,5.6
16900,2023-06-26 06:00:00,5.8
16901,2023-06-26 06:15:00,5.6
16902,2023-06-26 06:30:00,5.0
16903,2023-06-26 06:45:00,5.4
16904,2023-06-26 07:00:00,6.2
16905,2023-06-26 07:15:00,5.6
16906,2023-06-26 07:30:00,4.9
16907,2023-06-26 07:45:00,7.6
16908,2023-06-26 08:00:00,4.6
16909,2023-06-26 08:15:00,5.8
16910,2023-06-26 08:30:00,6.0
16911,2023-06-26 08:45:00,5.2
16912,2023-06-26 09:00:00,6.9
16913,2023-06-26 09:15:00,6.4
16914,2023-06-26 09:30:00,5.8
16915,2023-06-26 09:45:00,2.8
16916,2023-06-26 10:00:00,3.0
16917,2023-06-26 10:15:00,2.5
16918,2023-06-26 10:30:00,5.2
16919,2023-06-26 10:45:00,6.2
16920,2023-06-26 11:00:00,3.8
16921,2023-06-26 11:15:00,3.0
16922,2023-06-26 11:30:00,2.8
16923,2023-06-26 11:45:00,3.4
16924,2023-06-26 12:00:00,5.5
16925,2023-06-26 12:15:00,6.2
16926,2023-06-26 12:30:00,2.3
16927,2023-06-26 12:45:00,3.8
16928,2023-06-26 13:00:00,3.3
16929,2023-06-26 13:15:00,3.2
16930,2023-06-26 13:30:00,5.3
16931,2023-06-26 13:45:00,3.3
16932,2023-06-26 14:00:00,2.3
16933,2023-06-26 14:15:00,4.0
16934,2023-06-26 14:30:00,6.0
16935,2023-06-26 14:45:00,3.6
16936,2023-06-26 15:00:00,3.2
16937,2023-06-26 15:15:00,3.0
16938,2023-06-26 15:30:00,5.1
16939,2023-06-26 15:45:00,2.6
16940,2023-06-26 16:00:00,4.4
16941,2023-06-26 16:15:00,3.2
16942,2023-06-26 16:30:00,3.7
16943,2023-06-26 16:45:00,3.0
16944,2023-06-26 17:00:00,4.3
16945,2023-06-26 17:15:00,3.9
16946,2023-06-26 17:30:00,3.8
16947,2023-06-26 17:45:00,4.7
16948,2023-06-26 18:00:00,2.5
16949,2023-06-26 18:15:00,3.4
16950,2023-06-26 18:30:00,6.2
16951,2023-06-26 18:45:00,3.3
16952,2023-06-26 19:00:00,4.1
16953,2023-06-26 19:15:00,2.8
16954,2023-06-26 19:30:00,2.8
16955,2023-06-26 19:45:00,2.8
16956,2023-06-26 20:00:00,5.9
16957,2023-06-26 20:15:00,5.8
16958,2023-06-26 20:30:00,7.6
16959,2023-06-26 20:45:00,7.3
16960,2023-06-26 21:00:00,3.8
16961,2023-06-26 21:15:00,4.0
16962,2023-06-26 21:30:00,2.3
16963,2023-06-26 21:45:00,3.0
16964,2023-06-26 22:00:00,4.2
16965,2023-06-26 22:15:00,3.7
16966,2023-06-26 22:30:00,5.4
16967,2023-06-26 22:45:00,3.4
16968,2023-06-26 23:00:00,2.8
16969,2023-06-26 23:15:00,3.5
16970,2023-06-26 23:30:00,3.9
16971,2023-06-26 23:45:00,7.1
16972,2023-06-27 00:00:00,5.7
16973,2023-06-27 00:15:00,4.9
16974,2023-06-27 00:30:00,6.1
16975,2023-06-27 00:45:00,7.0
16976,2023-06-27 01:00:00,5.6
16977,2023-06-27 01:15:00,6.4
16978,2023-06-27 01:30:00,6.2
16979,2023-06-27 01:45:00,5.5
16980,2023-06-27 02:00:00,5.1
16981,2023-06-27 02:15:00,6.2
16982,2023-06-27 02:30:00,5.1
16983,2023-06-27 02:45:00,5.2
16984,2023-06-27 03:00:00,6.1
16985,2023-06-27 03:15:00,5.1
16986,2023-06-27 03:30:00,5.2
16987,2023-06-27 03:45:00,5.0
16988,2023-06-27 04:00:00,6.1
16989,2023-06-27 04:15:00,4.7
16990,2023-06-27 04:30:00,5.1
16991,2023-06-27 04:45:00,6.1
16992,2023-06-27 05:00:00,4.9
16993,2023-06-27 05:15:00,5.8
16994,2023-06-27 05:30:00,10.8
16995,2023-06-27 05:45:00,12.1
16996,2023-06-27 06:00:00,8.4
16997,2023-06-27 06:15:00,7.5
16998,2023-06-27 06:30:00,6.0
16999,2023-06-27 06:45:00,5.6
17000,2023-06-27 07:00:00,6.4
17001,2023-06-27 07:15:00,4.8
17002,2023-06-27 07:30:00,6.0
17003,2023-06-27 07:45:00,5.1
17004,2023-06-27 08:00:00,4.9
17005,2023-06-27 08:15:00,5.3
17006,2023-06-27 08:30:00,4.9
17007,2023-06-27 08:45:00,7.5
17008,2023-06-27 09:00:00,5.2
17009,2023-06-27 09:15:00,5.3
17010,2023-06-27 09:30:00,5.6
17011,2023-06-27 09:45:00,2.8
17012,2023-06-27 10:00:00,3.2
17013,2023-06-27 10:15:00,3.4
17014,2023-06-27 10:30:00,3.2
17015,2023-06-27 10:45:00,2.3
17016,2023-06-27 11:00:00,2.7
17017,2023-06-27 11:15:00,3.0
17018,2023-06-27 11:30:00,6.5
17019,2023-06-27 11:45:00,5.6
17020,2023-06-27 12:00:00,4.9
17021,2023-06-27 12:15:00,3.3
17022,2023-06-27 12:30:00,3.0
17023,2023-06-27 12:45:00,2.8
17024,2023-06-27 13:00:00,2.8
17025,2023-06-27 13:15:00,8.5
17026,2023-06-27 13:30:00,3.7
17027,2023-06-27 13:45:00,2.8
17028,2023-06-27 14:00:00,5.7
17029,2023-06-27 14:15:00,5.3
17030,2023-06-27 14:30:00,3.6
17031,2023-06-27 14:45:00,3.9
17032,2023-06-27 15:00:00,2.1
17033,2023-06-27 15:15:00,3.9
17034,2023-06-27 15:30:00,3.4
17035,2023-06-27 15:45:00,2.7
17036,2023-06-27 16:00:00,2.2
17037,2023-06-27 16:15:00,6.4
17038,2023-06-27 16:30:00,3.5
17039,2023-06-27 16:45:00,3.1
17040,2023-06-27 17:00:00,3.5
17041,2023-06-27 17:15:00,2.5
17042,2023-06-27 17:30:00,6.1
17043,2023-06-27 17:45:00,2.6
17044,2023-06-27 18:00:00,6.7
17045,2023-06-27 18:15:00,2.7
17046,2023-06-27 18:30:00,2.3
17047,2023-06-27 18:45:00,3.6
17048,2023-06-27 19:00:00,3.5
17049,2023-06-27 19:15:00,4.5
17050,2023-06-27 19:30:00,2.6
17051,2023-06-27 19:45:00,3.7
17052,2023-06-27 20:00:00,3.6
17053,2023-06-27 20:15:00,3.5
17054,2023-06-27 20:30:00,3.5
17055,2023-06-27 20:45:00,5.1
17056,2023-06-27 21:00:00,2.8
17057,2023-06-27 21:15:00,3.8
17058,2023-06-27 21:30:00,3.3
17059,2023-06-27 21:45:00,2.6
17060,2023-06-27 22:00:00,3.3
17061,2023-06-27 22:15:00,3.1
17062,2023-06-27 22:30:00,3.3
17063,2023-06-27 22:45:00,7.3
17064,2023-06-27 23:00:00,7.3
17065,2023-06-27 23:15:00,2.5
17066,2023-06-27 23:30:00,2.5
17067,2023-06-27 23:45:00,3.5
17068,2023-06-28 00:00:00,2.9
17069,2023-06-28 00:15:00,3.2
17070,2023-06-28 00:30:00,2.1
17071,2023-06-28 00:45:00,3.2
17072,2023-06-28 01:00:00,5.0
17073,2023-06-28 01:15:00,5.9
17074,2023-06-28 01:30:00,8.3
17075,2023-06-28 01:45:00,5.4
17076,2023-06-28 02:00:00,5.1
17077,2023-06-28 02:15:00,6.1
17078,2023-06-28 02:30:00,7.2
17079,2023-06-28 02:45:00,4.6
17080,2023-06-28 03:00:00,11.7
17081,2023-06-28 03:15:00,4.8
17082,2023-06-28 03:30:00,5.6
17083,2023-06-28 03:45:00,4.9
17084,2023-06-28 04:00:00,6.3
17085,2023-06-28 04:15:00,4.9
17086,2023-06-28 04:30:00,6.4
17087,2023-06-28 04:45:00,5.6
17088,2023-06-28 05:00:00,4.6
17089,2023-06-28 05:15:00,5.0
17090,2023-06-28 05:30:00,6.0
17091,2023-06-28 05:45:00,6.5
17092,2023-06-28 06:00:00,5.5
17093,2023-06-28 06:15:00,4.7
17094,2023-06-28 06:30:00,6.1
17095,2023-06-28 06:45:00,4.6
17096,2023-06-28 07:00:00,5.8
17097,2023-06-28 07:15:00,5.9
17098,2023-06-28 07:30:00,5.4
17099,2023-06-28 07:45:00,4.5
17100,2023-06-28 08:00:00,5.0
17101,2023-06-28 08:15:00,8.7
17102,2023-06-28 08:30:00,5.6
17103,2023-06-28 08:45:00,5.5
17104,2023-06-28 09:00:00,7.8
17105,2023-06-28 09:15:00,4.5
17106,2023-06-28 09:30:00,8.6
17107,2023-06-28 09:45:00,6.2
17108,2023-06-28 10:00:00,4.3
17109,2023-06-28 10:15:00,2.6
17110,2023-06-28 10:30:00,3.3
17111,2023-06-28 10:45:00,3.0
17112,2023-06-28 11:00:00,3.7
17113,2023-06-28 11:15:00,3.9
17114,2023-06-28 11:30:00,2.6
17115,2023-06-28 11:45:00,3.1
17116,2023-06-28 12:00:00,2.9
17117,2023-06-28 12:15:00,2.6
17118,2023-06-28 12:30:00,3.4
17119,2023-06-28 12:45:00,3.8
17120,2023-06-28 13:00:00,2.9
17121,2023-06-28 13:15:00,2.8
17122,2023-06-28 13:30:00,2.9
17123,2023-06-28 13:45:00,2.4
17124,2023-06-28 14:00:00,3.7
17125,2023-06-28 14:15:00,2.9
17126,2023-06-28 14:30:00,4.1
17127,2023-06-28 14:45:00,2.2
17128,2023-06-28 15:00:00,3.5
17129,2023-06-28 15:15:00,3.4
17130,2023-06-28 15:30:00,2.9
17131,2023-06-28 15:45:00,3.0
17132,2023-06-28 16:00:00,2.4
17133,2023-06-28 16:15:00,2.8
17134,2023-06-28 16:30:00,9.3
17135,2023-06-28 16:45:00,6.3
17136,2023-06-28 17:00:00,3.7
17137,2023-06-28 17:15:00,5.5
17138,2023-06-28 17:30:00,6.1
17139,2023-06-28 17:45:00,6.4
17140,2023-06-28 18:00:00,3.1
17141,2023-06-28 18:15:00,3.4
17142,2023-06-28 18:30:00,3.0
17143,2023-06-28 18:45:00,3.6
17144,2023-06-28 19:00:00,3.6
17145,2023-06-28 19:15:00,3.7
17146,2023-06-28 19:30:00,2.7
17147,2023-06-28 19:45:00,1.7
17148,2023-06-28 20:00:00,4.1
17149,2023-06-28 20:15:00,2.6
17150,2023-06-28 20:30:00,2.8
17151,2023-06-28 20:45:00,3.6
17152,2023-06-28 21:00:00,2.3
17153,2023-06-28 21:15:00,3.2
17154,2023-06-28 21:30:00,3.7
17155,2023-06-28 21:45:00,3.3
17156,2023-06-28 22:00:00,5.7
17157,2023-06-28 22:15:00,3.1
17158,2023-06-28 22:30:00,3.4
17159,2023-06-28 22:45:00,2.7
17160,2023-06-28 23:00:00,3.3
17161,2023-06-28 23:15:00,7.9
17162,2023-06-28 23:30:00,2.3
17163,2023-06-28 23:45:00,2.8
17164,2023-06-29 00:00:00,3.1
17165,2023-06-29 00:15:00,2.9
17166,2023-06-29 00:30:00,4.8
17167,2023-06-29 00:45:00,4.6
17168,2023-06-29 01:00:00,6.0
17169,2023-06-29 01:15:00,5.2
17170,2023-06-29 01:30:00,5.4
17171,2023-06-29 01:45:00,10.3
17172,2023-06-29 02:00:00,4.5
17173,2023-06-29 02:15:00,7.6
17174,2023-06-29 02:30:00,5.2
17175,2023-06-29 02:45:00,5.4
17176,2023-06-29 03:00:00,4.1
17177,2023-06-29 03:15:00,4.9
17178,2023-06-29 03:30:00,5.5
17179,2023-06-29 03:45:00,5.0
17180,2023-06-29 04:00:00,5.5
17181,2023-06-29 04:15:00,4.9
17182,2023-06-29 04:30:00,4.9
17183,2023-06-29 04:45:00,4.8
17184,2023-06-29 05:00:00,5.5
17185,2023-06-29 05:15:00,5.6
17186,2023-06-29 05:30:00,5.6
17187,2023-06-29 05:45:00,4.8
17188,2023-06-29 06:00:00,6.0
17189,2023-06-29 06:15:00,5.6
17190,2023-06-29 06:30:00,5.5
17191,2023-06-29 06:45:00,4.3
17192,2023-06-29 07:00:00,5.1
17193,2023-06-29 07:15:00,5.2
17194,2023-06-29 07:30:00,6.0
17195,2023-06-29 07:45:00,5.3
17196,2023-06-29 08:00:00,5.9
17197,2023-06-29 08:15:00,5.0
17198,2023-06-29 08:30:00,4.5
17199,2023-06-29 08:45:00,4.9
17200,2023-06-29 09:00:00,6.4
17201,2023-06-29 09:15:00,5.1
17202,2023-06-29 09:30:00,5.5
17203,2023-06-29 09:45:00,2.8
17204,2023-06-29 10:00:00,3.5
17205,2023-06-29 10:15:00,2.6
17206,2023-06-29 10:30:00,3.9
17207,2023-06-29 10:45:00,2.7
17208,2023-06-29 11:00:00,1.8
17209,2023-06-29 11:15:00,3.9
17210,2023-06-29 11:30:00,2.7
17211,2023-06-29 11:45:00,8.8
17212,2023-06-29 12:00:00,4.7
17213,2023-06-29 12:15:00,6.3
17214,2023-06-29 12:30:00,2.4
17215,2023-06-29 12:45:00,3.1
17216,2023-06-29 13:00:00,2.4
17217,2023-06-29 13:15:00,3.3
17218,2023-06-29 13:30:00,2.8
17219,2023-06-29 13:45:00,3.9
17220,2023-06-29 14:00:00,2.5
17221,2023-06-29 14:15:00,5.4
17222,2023-06-29 14:30:00,3.8
17223,2023-06-29 14:45:00,5.1
17224,2023-06-29 15:00:00,3.6
17225,2023-06-29 15:15:00,2.1
17226,2023-06-29 15:30:00,4.3
17227,2023-06-29 15:45:00,3.4
17228,2023-06-29 16:00:00,3.0
17229,2023-06-29 16:15:00,3.4
17230,2023-06-29 16:30:00,2.2
17231,2023-06-29 16:45:00,4.4
17232,2023-06-29 17:00:00,2.4
17233,2023-06-29 17:15:00,5.1
17234,2023-06-29 17:30:00,3.1
17235,2023-06-29 17:45:00,2.7
17236,2023-06-29 18:00:00,2.4
17237,2023-06-29 18:15:00,2.7
17238,2023-06-29 18:30:00,3.5
17239,2023-06-29 18:45:00,3.4
17240,2023-06-29 19:00:00,3.3
17241,2023-06-29 19:15:00,2.9
17242,2023-06-29 19:30:00,3.5
17243,2023-06-29 19:45:00,5.7
17244,2023-06-29 20:00:00,2.2
17245,2023-06-29 20:15:00,3.2
17246,2023-06-29 20:30:00,3.2
17247,2023-06-29 20:45:00,3.3
17248,2023-06-29 21:00:00,3.0
17249,2023-06-29 21:15:00,3.0
17250,2023-06-29 21:30:00,3.8
17251,2023-06-29 21:45:00,3.3
17252,2023-06-29 22:00:00,2.9
17253,2023-06-29 22:15:00,3.0
17254,2023-06-29 22:30:00,2.7
17255,2023-06-29 22:45:00,2.3
17256,2023-06-29 23:00:00,3.7
17257,2023-06-29 23:15:00,3.2
17258,2023-06-29 23:30:00,3.2
17259,2023-06-29 23:45:00,4.1
17260,2023-06-30 00:00:00,3.9
17261,2023-06-30 00:15:00,2.0
17262,2023-06-30 00:30:00,3.1
17263,2023-06-30 00:45:00,2.7
17264,2023-06-30 01:00:00,5.4
17265,2023-06-30 01:15:00,5.6
17266,2023-06-30 01:30:00,5.6
17267,2023-06-30 01:45:00,9.1
17268,2023-06-30 02:00:00,8.5
17269,2023-06-30 02:15:00,4.8
17270,2023-06-30 02:30:00,4.4
17271,2023-06-30 02:45:00,5.7
17272,2023-06-30 03:00:00,4.1
17273,2023-06-30 03:15:00,4.8
17274,2023-06-30 03:30:00,5.5
17275,2023-06-30 03:45:00,5.0
17276,2023-06-30 04:00:00,6.5
17277,2023-06-30 04:15:00,4.6
17278,2023-06-30 04:30:00,4.9
17279,2023-06-30 04:45:00,5.2
17280,2023-06-30 05:00:00,5.2
17281,2023-06-30 05:15:00,6.1
17282,2023-06-30 05:30:00,5.7
17283,2023-06-30 05:45:00,6.0
17284,2023-06-30 06:00:00,4.8
17285,2023-06-30 06:15:00,4.2
17286,2023-06-30 06:30:00,5.6
17287,2023-06-30 06:45:00,7.9
17288,2023-06-30 07:00:00,8.2
17289,2023-06-30 07:15:00,5.4
17290,2023-06-30 07:30:00,6.2
17291,2023-06-30 07:45:00,5.6
17292,2023-06-30 08:00:00,4.2
17293,2023-06-30 08:15:00,5.5
17294,2023-06-30 08:30:00,6.0
17295,2023-06-30 08:45:00,4.7
17296,2023-06-30 09:00:00,4.8
17297,2023-06-30 09:15:00,6.5
17298,2023-06-30 09:30:00,3.0
17299,2023-06-30 09:45:00,2.5
17300,2023-06-30 10:00:00,3.3
17301,2023-06-30 10:15:00,3.3
17302,2023-06-30 10:30:00,9.4
17303,2023-06-30 10:45:00,2.6
17304,2023-06-30 11:00:00,2.2
17305,2023-06-30 11:15:00,2.5
17306,2023-06-30 11:30:00,2.6
17307,2023-06-30 11:45:00,4.4
17308,2023-06-30 12:00:00,2.3
17309,2023-06-30 12:15:00,2.7
17310,2023-06-30 12:30:00,6.1
17311,2023-06-30 12:45:00,5.9
17312,2023-06-30 13:00:00,3.2
17313,2023-06-30 13:15:00,2.8
17314,2023-06-30 13:30:00,3.8
17315,2023-06-30 13:45:00,3.3
17316,2023-06-30 14:00:00,2.8
17317,2023-06-30 14:15:00,3.8
17318,2023-06-30 14:30:00,2.2
17319,2023-06-30 14:45:00,4.7
17320,2023-06-30 15:00:00,3.4
17321,2023-06-30 15:15:00,4.2
17322,2023-06-30 15:30:00,3.2
17323,2023-06-30 15:45:00,5.7
17324,2023-06-30 16:00:00,3.1
17325,2023-06-30 16:15:00,3.4
17326,2023-06-30 16:30:00,2.7
17327,2023-06-30 16:45:00,3.2
17328,2023-06-30 17:00:00,3.8
17329,2023-06-30 17:15:00,5.7
17330,2023-06-30 17:30:00,4.5
17331,2023-06-30 17:45:00,5.8
17332,2023-06-30 18:00:00,3.1
17333,2023-06-30 18:15:00,1.9
17334,2023-06-30 18:30:00,3.6
17335,2023-06-30 18:45:00,3.4
17336,2023-06-30 19:00:00,3.1
17337,2023-06-30 19:15:00,4.0
17338,2023-06-30 19:30:00,2.6
17339,2023-06-30 19:45:00,3.4
17340,2023-06-30 20:00:00,2.3
17341,2023-06-30 20:15:00,3.3
17342,2023-06-30 20:30:00,3.7
17343,2023-06-30 20:45:00,3.1
17344,2023-06-30 21:00:00,3.7
17345,2023-06-30 21:15:00,3.3
17346,2023-06-30 21:30:00,3.1
17347,2023-06-30 21:45:00,5.0
17348,2023-06-30 22:00:00,3.0
17349,2023-06-30 22:15:00,3.3
17350,2023-06-30 22:30:00,2.9
17351,2023-06-30 22:45:00,2.8
17352,2023-06-30 23:00:00,3.7
17353,2023-06-30 23:15:00,4.2
17354,2023-06-30 23:30:00,4.1
17355,2023-06-30 23:45:00,3.0
17356,2023-07-01 00:00:00,6.7
17357,2023-07-01 00:15:00,2.4
17358,2023-07-01 00:30:00,2.8
17359,2023-07-01 00:45:00,3.8
17360,2023-07-01 01:00:00,8.4
17361,2023-07-01 01:15:00,7.6
17362,2023-07-01 01:30:00,5.2
17363,2023-07-01 01:45:00,5.8
17364,2023-07-01 02:00:00,5.8
17365,2023-07-01 02:15:00,7.1
17366,2023-07-01 02:30:00,4.6
17367,2023-07-01 02:45:00,5.5
17368,2023-07-01 03:00:00,6.2
17369,2023-07-01 03:15:00,5.4
17370,2023-07-01 03:30:00,4.9
17371,2023-07-01 03:45:00,6.6
17372,2023-07-01 04:00:00,5.9
17373,2023-07-01 04:15:00,5.3
17374,2023-07-01 04:30:00,5.0
17375,2023-07-01 04:45:00,11.6
17376,2023-07-01 05:00:00,5.2
17377,2023-07-01 05:15:00,4.8
17378,2023-07-01 05:30:00,6.5
17379,2023-07-01 05:45:00,5.6
17380,2023-07-01 06:00:00,5.7
17381,2023-07-01 06:15:00,4.9
17382,2023-07-01 06:30:00,6.2
17383,2023-07-01 06:45:00,5.6
17384,2023-07-01 07:00:00,4.9
17385,2023-07-01 07:15:00,6.0
17386,2023-07-01 07:30:00,5.1
17387,2023-07-01 07:45:00,5.4
17388,2023-07-01 08:00:00,6.6
17389,2023-07-01 08:15:00,5.7
17390,2023-07-01 08:30:00,5.4
17391,2023-07-01 08:45:00,4.8
17392,2023-07-01 09:00:00,5.7
17393,2023-07-01 09:15:00,4.4
17394,2023-07-01 09:30:00,6.1
17395,2023-07-01 09:45:00,4.1
17396,2023-07-01 10:00:00,3.0
17397,2023-07-01 10:15:00,3.8
17398,2023-07-01 10:30:00,4.0
17399,2023-07-01 10:45:00,2.5
17400,2023-07-01 11:00:00,3.6
17401,2023-07-01 11:15:00,1.9
17402,2023-07-01 11:30:00,3.9
17403,2023-07-01 11:45:00,6.5
17404,2023-07-01 12:00:00,6.5
17405,2023-07-01 12:15:00,3.1
17406,2023-07-01 12:30:00,2.8
17407,2023-07-01 12:45:00,4.0
17408,2023-07-01 13:00:00,2.5
17409,2023-07-01 13:15:00,6.0
17410,2023-07-01 13:30:00,8.2
17411,2023-07-01 13:45:00,5.2
17412,2023-07-01 14:00:00,4.9
17413,2023-07-01 14:15:00,3.2
17414,2023-07-01 14:30:00,3.4
17415,2023-07-01 14:45:00,2.5
17416,2023-07-01 15:00:00,3.1
17417,2023-07-01 15:15:00,2.4
17418,2023-07-01 15:30:00,5.3
17419,2023-07-01 15:45:00,3.7
17420,2023-07-01 16:00:00,3.5
17421,2023-07-01 16:15:00,3.8
17422,2023-07-01 16:30:00,4.1
17423,2023-07-01 16:45:00,3.5
17424,2023-07-01 17:00:00,3.1
17425,2023-07-01 17:15:00,3.4
17426,2023-07-01 17:30:00,5.3
17427,2023-07-01 17:45:00,3.1
17428,2023-07-01 18:00:00,4.0
17429,2023-07-01 18:15:00,6.9
17430,2023-07-01 18:30:00,4.6
17431,2023-07-01 18:45:00,3.6
17432,2023-07-01 19:00:00,2.9
17433,2023-07-01 19:15:00,3.6
17434,2023-07-01 19:30:00,3.8
17435,2023-07-01 19:45:00,4.0
17436,2023-07-01 20:00:00,4.1
17437,2023-07-01 20:15:00,5.8
17438,2023-07-01 20:30:00,3.8
17439,2023-07-01 20:45:00,2.5
17440,2023-07-01 21:00:00,4.1
17441,2023-07-01 21:15:00,2.4
17442,2023-07-01 21:30:00,3.4
17443,2023-07-01 21:45:00,2.8
17444,2023-07-01 22:00:00,4.3
17445,2023-07-01 22:15:00,4.4
17446,2023-07-01 22:30:00,4.1
17447,2023-07-01 22:45:00,2.8
17448,2023-07-01 23:00:00,3.1
17449,2023-07-01 23:15:00,3.5
17450,2023-07-01 23:30:00,3.2
17451,2023-07-01 23:45:00,5.1
17452,2023-07-02 00:00:00,4.0
17453,2023-07-02 00:15:00,2.7
17454,2023-07-02 00:30:00,2.6
17455,2023-07-02 00:45:00,4.0
17456,2023-07-02 01:00:00,6.4
17457,2023-07-02 01:15:00,6.0
17458,2023-07-02 01:30:00,5.7
17459,2023-07-02 01:45:00,5.9
17460,2023-07-02 02:00:00,5.9
17461,2023-07-02 02:15:00,5.2
17462,2023-07-02 02:30:00,8.4
17463,2023-07-02 02:45:00,7.8
17464,2023-07-02 03:00:00,5.1
17465,2023-07-02 03:15:00,5.3
17466,2023-07-02 03:30:00,5.5
17467,2023-07-02 03:45:00,6.1
17468,2023-07-02 04:00:00,5.7
17469,2023-07-02 04:15:00,5.7
17470,2023-07-02 04:30:00,7.5
17471,2023-07-02 04:45:00,4.9
17472,2023-07-02 05:00:00,6.0
17473,2023-07-02 05:15:00,6.2
17474,2023-07-02 05:30:00,6.3
17475,2023-07-02 05:45:00,4.6
17476,2023-07-02 06:00:00,8.9
17477,2023-07-02 06:15:00,8.8
17478,2023-07-02 06:30:00,5.9
17479,2023-07-02 06:45:00,5.0
17480,2023-07-02 07:00:00,5.2
17481,2023-07-02 07:15:00,6.1
17482,2023-07-02 07:30:00,6.0
17483,2023-07-02 07:45:00,5.9
17484,2023-07-02 08:00:00,5.7
17485,2023-07-02 08:15:00,5.8
17486,2023-07-02 08:30:00,5.6
17487,2023-07-02 08:45:00,8.0
17488,2023-07-02 09:00:00,5.3
17489,2023-07-02 09:15:00,5.0
17490,2023-07-02 09:30:00,6.1
17491,2023-07-02 09:45:00,4.0
17492,2023-07-02 10:00:00,4.0
17493,2023-07-02 10:15:00,3.3
17494,2023-07-02 10:30:00,3.4
17495,2023-07-02 10:45:00,3.1
17496,2023-07-02 11:00:00,3.6
17497,2023-07-02 11:15:00,3.3
17498,2023-07-02 11:30:00,4.3
17499,2023-07-02 11:45:00,2.5
17500,2023-07-02 12:00:00,3.3
17501,2023-07-02 12:15:00,2.7
17502,2023-07-02 12:30:00,2.5
17503,2023-07-02 12:45:00,3.1
17504,2023-07-02 13:00:00,3.5
17505,2023-07-02 13:15:00,5.0
17506,2023-07-02 13:30:00,4.9
17507,2023-07-02 13:45:00,3.0
17508,2023-07-02 14:00:00,12.6
17509,2023-07-02 14:15:00,2.1
17510,2023-07-02 14:30:00,9.8
17511,2023-07-02 14:45:00,3.0
17512,2023-07-02 15:00:00,3.4
17513,2023-07-02 15:15:00,2.3
17514,2023-07-02 15:30:00,6.4
17515,2023-07-02 15:45:00,5.7
17516,2023-07-02 16:00:00,2.2
17517,2023-07-02 16:15:00,4.5
17518,2023-07-02 16:30:00,2.9
17519,2023-07-02 16:45:00,2.9
17520,2023-07-02 17:00:00,3.4
17521,2023-07-02 17:15:00,3.0
17522,2023-07-02 17:30:00,3.7
17523,2023-07-02 17:45:00,3.8
17524,2023-07-02 18:00:00,3.4
17525,2023-07-02 18:15:00,3.3
17526,2023-07-02 18:30:00,3.3
17527,2023-07-02 18:45:00,4.7
17528,2023-07-02 19:00:00,2.8
17529,2023-07-02 19:15:00,3.5
17530,2023-07-02 19:30:00,3.9
17531,2023-07-02 19:45:00,2.7
17532,2023-07-02 20:00:00,4.4
17533,2023-07-02 20:15:00,3.1
17534,2023-07-02 20:30:00,3.4
17535,2023-07-02 20:45:00,3.1
17536,2023-07-02 21:00:00,5.3
17537,2023-07-02 21:15:00,3.3
17538,2023-07-02 21:30:00,4.0
17539,2023-07-02 21:45:00,6.1
17540,2023-07-02 22:00:00,2.4
17541,2023-07-02 22:15:00,9.2
17542,2023-07-02 22:30:00,4.4
17543,2023-07-02 22:45:00,3.5
17544,2023-07-02 23:00:00,2.9
17545,2023-07-02 23:15:00,2.8
17546,2023-07-02 23:30:00,2.6
17547,2023-07-02 23:45:00,3.1
17548,2023-07-03 00:00:00,6.6
17549,2023-07-03 00:15:00,6.5
17550,2023-07-03 00:30:00,2.9
17551,2023-07-03 00:45:00,5.7
17552,2023-07-03 01:00:00,6.5
17553,2023-07-03 01:15:00,4.8
17554,2023-07-03 01:30:00,6.0
17555,2023-07-03 01:45:00,5.6
17556,2023-07-03 02:00:00,6.1
17557,2023-07-03 02:15:00,9.1
17558,2023-07-03 02:30:00,6.7
17559,2023-07-03 02:45:00,6.5
17560,2023-07-03 03:00:00,5.8
17561,2023-07-03 03:15:00,6.6
17562,2023-07-03 03:30:00,6.9
17563,2023-07-03 03:45:00,6.4
17564,2023-07-03 04:00:00,6.3
17565,2023-07-03 04:15:00,10.3
17566,2023-07-03 04:30:00,7.9
17567,2023-07-03 04:45:00,5.3
17568,2023-07-03 05:00:00,6.2
17569,2023-07-03 05:15:00,6.0
17570,2023-07-03 05:30:00,6.6
17571,2023-07-03 05:45:00,4.9
17572,2023-07-03 06:00:00,5.5
17573,2023-07-03 06:15:00,5.4
17574,2023-07-03 06:30:00,5.2
17575,2023-07-03 06:45:00,6.7
17576,2023-07-03 07:00:00,5.7
17577,2023-07-03 07:15:00,5.1
17578,2023-07-03 07:30:00,6.2
17579,2023-07-03 07:45:00,6.5
17580,2023-07-03 08:00:00,5.9
17581,2023-07-03 08:15:00,6.2
17582,2023-07-03 08:30:00,5.4
17583,2023-07-03 08:45:00,5.0
17584,2023-07-03 09:00:00,5.1
17585,2023-07-03 09:15:00,5.9
17586,2023-07-03 09:30:00,5.6
17587,2023-07-03 09:45:00,5.5
17588,2023-07-03 10:00:00,3.2
17589,2023-07-03 10:15:00,3.1
17590,2023-07-03 10:30:00,3.5
17591,2023-07-03 10:45:00,2.6
17592,2023-07-03 11:00:00,5.4
17593,2023-07-03 11:15:00,2.2
17594,2023-07-03 11:30:00,2.0
17595,2023-07-03 11:45:00,7.4
17596,2023-07-03 12:00:00,3.8
17597,2023-07-03 12:15:00,2.8
17598,2023-07-03 12:30:00,3.0
17599,2023-07-03 12:45:00,2.8
17600,2023-07-03 13:00:00,3.6
17601,2023-07-03 13:15:00,4.2
17602,2023-07-03 13:30:00,6.6
17603,2023-07-03 13:45:00,5.3
17604,2023-07-03 14:00:00,2.6
17605,2023-07-03 14:15:00,2.9
17606,2023-07-03 14:30:00,2.4
17607,2023-07-03 14:45:00,3.0
17608,2023-07-03 15:00:00,2.5
17609,2023-07-03 15:15:00,3.0
17610,2023-07-03 15:30:00,4.1
17611,2023-07-03 15:45:00,3.2
17612,2023-07-03 16:00:00,3.7
17613,2023-07-03 16:15:00,3.7
17614,2023-07-03 16:30:00,3.5
17615,2023-07-03 16:45:00,3.2
17616,2023-07-03 17:00:00,5.4
17617,2023-07-03 17:15:00,4.5
17618,2023-07-03 17:30:00,7.6
17619,2023-07-03 17:45:00,3.9
17620,2023-07-03 18:00:00,5.9
17621,2023-07-03 18:15:00,3.2
17622,2023-07-03 18:30:00,3.8
17623,2023-07-03 18:45:00,3.1
17624,2023-07-03 19:00:00,3.4
17625,2023-07-03 19:15:00,2.3
17626,2023-07-03 19:30:00,3.4
17627,2023-07-03 19:45:00,2.8
17628,2023-07-03 20:00:00,2.7
17629,2023-07-03 20:15:00,3.6
17630,2023-07-03 20:30:00,6.6
17631,2023-07-03 20:45:00,7.4
17632,2023-07-03 21:00:00,3.6
17633,2023-07-03 21:15:00,9.0
17634,2023-07-03 21:30:00,2.8
17635,2023-07-03 21:45:00,3.1
17636,2023-07-03 22:00:00,2.6
17637,2023-07-03 22:15:00,3.4
17638,2023-07-03 22:30:00,3.7
17639,2023-07-03 22:45:00,3.3
17640,2023-07-03 23:00:00,3.7
17641,2023-07-03 23:15:00,3.0
17642,2023-07-03 23:30:00,2.8
17643,2023-07-03 23:45:00,2.3
17644,2023-07-04 00:00:00,3.8
17645,2023-07-04 00:15:00,3.1
17646,2023-07-04 00:30:00,2.3
17647,2023-07-04 00:45:00,4.0
17648,2023-07-04 01:00:00,5.7
17649,2023-07-04 01:15:00,5.6
17650,2023-07-04 01:30:00,5.8
17651,2023-07-04 01:45:00,5.6
17652,2023-07-04 02:00:00,5.8
17653,2023-07-04 02:15:00,5.3
17654,2023-07-04 02:30:00,6.0
17655,2023-07-04 02:45:00,7.3
17656,2023-07-04 03:00:00,5.5
17657,2023-07-04 03:15:00,6.3
17658,2023-07-04 03:30:00,5.8
17659,2023-07-04 03:45:00,5.7
17660,2023-07-04 04:00:00,5.6
17661,2023-07-04 04:15:00,5.0
17662,2023-07-04 04:30:00,5.3
17663,2023-07-04 04:45:00,5.5
17664,2023-07-04 05:00:00,6.6
17665,2023-07-04 05:15:00,5.2
17666,2023-07-04 05:30:00,5.5
17667,2023-07-04 05:45:00,5.2
17668,2023-07-04 06:00:00,5.4
17669,2023-07-04 06:15:00,5.6
17670,2023-07-04 06:30:00,5.4
17671,2023-07-04 06:45:00,5.4
17672,2023-07-04 07:00:00,5.3
17673,2023-07-04 07:15:00,5.4
17674,2023-07-04 07:30:00,11.0
17675,2023-07-04 07:45:00,8.1
17676,2023-07-04 08:00:00,5.5
17677,2023-07-04 08:15:00,5.0
17678,2023-07-04 08:30:00,4.3
17679,2023-07-04 08:45:00,5.1
17680,2023-07-04 09:00:00,5.6
17681,2023-07-04 09:15:00,6.4
17682,2023-07-04 09:30:00,4.2
17683,2023-07-04 09:45:00,5.2
17684,2023-07-04 10:00:00,3.1
17685,2023-07-04 10:15:00,2.8
17686,2023-07-04 10:30:00,3.4
17687,2023-07-04 10:45:00,3.2
17688,2023-07-04 11:00:00,3.6
17689,2023-07-04 11:15:00,3.0
17690,2023-07-04 11:30:00,3.4
17691,2023-07-04 11:45:00,3.3
17692,2023-07-04 12:00:00,2.5
17693,2023-07-04 12:15:00,3.8
17694,2023-07-04 12:30:00,3.4
17695,2023-07-04 12:45:00,2.7
17696,2023-07-04 13:00:00,5.4
17697,2023-07-04 13:15:00,3.0
17698,2023-07-04 13:30:00,3.7
17699,2023-07-04 13:45:00,3.1
17700,2023-07-04 14:00:00,2.6
17701,2023-07-04 14:15:00,3.2
17702,2023-07-04 14:30:00,2.7
17703,2023-07-04 14:45:00,4.7
17704,2023-07-04 15:00:00,3.4
17705,2023-07-04 15:15:00,4.6
17706,2023-07-04 15:30:00,2.3
17707,2023-07-04 15:45:00,3.0
17708,2023-07-04 16:00:00,4.0
17709,2023-07-04 16:15:00,3.1
17710,2023-07-04 16:30:00,7.0
17711,2023-07-04 16:45:00,7.9
17712,2023-07-04 17:00:00,7.9
17713,2023-07-04 17:15:00,8.8
17714,2023-07-04 17:30:00,8.4
17715,2023-07-04 17:45:00,6.9
17716,2023-07-04 18:00:00,6.4
17717,2023-07-04 18:15:00,3.7
17718,2023-07-04 18:30:00,3.4
17719,2023-07-04 18:45:00,4.1
17720,2023-07-04 19:00:00,5.8
17721,2023-07-04 19:15:00,4.3
17722,2023-07-04 19:30:00,5.1
17723,2023-07-04 19:45:00,3.2
17724,2023-07-04 20:00:00,3.7
17725,2023-07-04 20:15:00,4.2
17726,2023-07-04 20:30:00,9.9
17727,2023-07-04 20:45:00,3.4
17728,2023-07-04 21:00:00,4.3
17729,2023-07-04 21:15:00,4.7
17730,2023-07-04 21:30:00,3.7
17731,2023-07-04 21:45:00,3.5
17732,2023-07-04 22:00:00,2.3
17733,2023-07-04 22:15:00,2.6
17734,2023-07-04 22:30:00,4.3
17735,2023-07-04 22:45:00,3.4
17736,2023-07-04 23:00:00,2.5
17737,2023-07-04 23:15:00,2.9
17738,2023-07-04 23:30:00,3.2
17739,2023-07-04 23:45:00,3.3
17740,2023-07-05 00:00:00,3.5
17741,2023-07-05 00:15:00,3.1
17742,2023-07-05 00:30:00,2.4
17743,2023-07-05 00:45:00,3.4
17744,2023-07-05 01:00:00,5.4
17745,2023-07-05 01:15:00,6.5
17746,2023-07-05 01:30:00,5.7
17747,2023-07-05 01:45:00,6.2
17748,2023-07-05 02:00:00,6.9
17749,2023-07-05 02:15:00,5.9
17750,2023-07-05 02:30:00,6.1
17751,2023-07-05 02:45:00,5.9
17752,2023-07-05 03:00:00,5.8
17753,2023-07-05 03:15:00,5.5
17754,2023-07-05 03:30:00,5.7
17755,2023-07-05 03:45:00,6.5
17756,2023-07-05 04:00:00,9.3
17757,2023-07-05 04:15:00,5.0
17758,2023-07-05 04:30:00,6.0
17759,2023-07-05 04:45:00,5.4
17760,2023-07-05 05:00:00,6.3
17761,2023-07-05 05:15:00,5.9
17762,2023-07-05 05:30:00,6.3
17763,2023-07-05 05:45:00,5.5
17764,2023-07-05 06:00:00,4.7
17765,2023-07-05 06:15:00,5.6
17766,2023-07-05 06:30:00,5.3
17767,2023-07-05 06:45:00,5.5
17768,2023-07-05 07:00:00,5.1
17769,2023-07-05 07:15:00,5.6
17770,2023-07-05 07:30:00,6.2
17771,2023-07-05 07:45:00,5.1
17772,2023-07-05 08:00:00,6.0
17773,2023-07-05 08:15:00,5.8
17774,2023-07-05 08:30:00,5.0
17775,2023-07-05 08:45:00,6.4
17776,2023-07-05 09:00:00,6.1
17777,2023-07-05 09:15:00,5.7
17778,2023-07-05 09:30:00,3.2
17779,2023-07-05 09:45:00,3.4
17780,2023-07-05 10:00:00,3.7
17781,2023-07-05 10:15:00,3.7
17782,2023-07-05 10:30:00,5.7
17783,2023-07-05 10:45:00,4.0
17784,2023-07-05 11:00:00,4.2
17785,2023-07-05 11:15:00,5.8
17786,2023-07-05 11:30:00,4.0
17787,2023-07-05 11:45:00,6.2
17788,2023-07-05 12:00:00,3.7
17789,2023-07-05 12:15:00,4.9
17790,2023-07-05 12:30:00,2.3
17791,2023-07-05 12:45:00,3.1
17792,2023-07-05 13:00:00,3.0
17793,2023-07-05 13:15:00,6.0
17794,2023-07-05 13:30:00,2.9
17795,2023-07-05 13:45:00,3.4
17796,2023-07-05 14:00:00,2.2
17797,2023-07-05 14:15:00,4.1
17798,2023-07-05 14:30:00,2.9
17799,2023-07-05 14:45:00,7.6
17800,2023-07-05 15:00:00,3.6
17801,2023-07-05 15:15:00,2.5
17802,2023-07-05 15:30:00,3.3
17803,2023-07-05 15:45:00,3.1
17804,2023-07-05 16:00:00,4.0
17805,2023-07-05 16:15:00,3.5
17806,2023-07-05 16:30:00,7.1
17807,2023-07-05 16:45:00,6.5
17808,2023-07-05 17:00:00,7.9
17809,2023-07-05 17:15:00,7.6
17810,2023-07-05 17:30:00,6.7
17811,2023-07-05 17:45:00,4.5
17812,2023-07-05 18:00:00,5.2
17813,2023-07-05 18:15:00,4.5
17814,2023-07-05 18:30:00,4.6
17815,2023-07-05 18:45:00,2.7
17816,2023-07-05 19:00:00,4.0
17817,2023-07-05 19:15:00,3.7
17818,2023-07-05 19:30:00,6.2
17819,2023-07-05 19:45:00,3.9
17820,2023-07-05 20:00:00,3.7
17821,2023-07-05 20:15:00,3.8
17822,2023-07-05 20:30:00,2.6
17823,2023-07-05 20:45:00,3.3
17824,2023-07-05 21:00:00,3.9
17825,2023-07-05 21:15:00,3.3
17826,2023-07-05 21:30:00,3.8
17827,2023-07-05 21:45:00,2.5
17828,2023-07-05 22:00:00,6.6
17829,2023-07-05 22:15:00,1.8
17830,2023-07-05 22:30:00,2.6
17831,2023-07-05 22:45:00,4.0
17832,2023-07-05 23:00:00,3.0
17833,2023-07-05 23:15:00,5.0
17834,2023-07-05 23:30:00,3.3
17835,2023-07-05 23:45:00,3.8
17836,2023-07-06 00:00:00,5.6
17837,2023-07-06 00:15:00,4.3
17838,2023-07-06 00:30:00,3.8
17839,2023-07-06 00:45:00,3.6
17840,2023-07-06 01:00:00,6.4
17841,2023-07-06 01:15:00,5.9
17842,2023-07-06 01:30:00,5.4
17843,2023-07-06 01:45:00,6.4
17844,2023-07-06 02:00:00,4.8
17845,2023-07-06 02:15:00,6.5
17846,2023-07-06 02:30:00,8.9
17847,2023-07-06 02:45:00,5.8
17848,2023-07-06 03:00:00,6.2
17849,2023-07-06 03:15:00,6.0
17850,2023-07-06 03:30:00,5.9
17851,2023-07-06 03:45:00,5.8
17852,2023-07-06 04:00:00,5.6
17853,2023-07-06 04:15:00,5.8
17854,2023-07-06 04:30:00,5.8
17855,2023-07-06 04:45:00,5.4
17856,2023-07-06 05:00:00,5.3
17857,2023-07-06 05:15:00,7.2
17858,2023-07-06 05:30:00,5.4
17859,2023-07-06 05:45:00,6.4
17860,2023-07-06 06:00:00,4.7
17861,2023-07-06 06:15:00,5.5
17862,2023-07-06 06:30:00,5.8
17863,2023-07-06 06:45:00,5.3
17864,2023-07-06 07:00:00,6.7
17865,2023-07-06 07:15:00,6.1
17866,2023-07-06 07:30:00,6.6
17867,2023-07-06 07:45:00,6.2
17868,2023-07-06 08:00:00,4.9
17869,2023-07-06 08:15:00,6.8
17870,2023-07-06 08:30:00,5.6
17871,2023-07-06 08:45:00,6.6
17872,2023-07-06 09:00:00,5.5
17873,2023-07-06 09:15:00,6.1
17874,2023-07-06 09:30:00,2.8
17875,2023-07-06 09:45:00,2.6
17876,2023-07-06 10:00:00,3.5
17877,2023-07-06 10:15:00,3.1
17878,2023-07-06 10:30:00,3.9
17879,2023-07-06 10:45:00,3.0
17880,2023-07-06 11:00:00,3.4
17881,2023-07-06 11:15:00,3.2
17882,2023-07-06 11:30:00,2.3
17883,2023-07-06 11:45:00,5.9
17884,2023-07-06 12:00:00,2.5
17885,2023-07-06 12:15:00,4.4
17886,2023-07-06 12:30:00,3.8
17887,2023-07-06 12:45:00,7.9
17888,2023-07-06 13:00:00,6.9
17889,2023-07-06 13:15:00,3.0
17890,2023-07-06 13:30:00,3.4
17891,2023-07-06 13:45:00,3.5
17892,2023-07-06 14:00:00,2.7
17893,2023-07-06 14:15:00,3.3
17894,2023-07-06 14:30:00,2.6
17895,2023-07-06 14:45:00,3.8
17896,2023-07-06 15:00:00,6.3
17897,2023-07-06 15:15:00,5.1
17898,2023-07-06 15:30:00,5.2
17899,2023-07-06 15:45:00,4.5
17900,2023-07-06 16:00:00,5.0
17901,2023-07-06 16:15:00,4.1
17902,2023-07-06 16:30:00,4.3
17903,2023-07-06 16:45:00,3.0
17904,2023-07-06 17:00:00,2.8
17905,2023-07-06 17:15:00,4.4
17906,2023-07-06 17:30:00,4.2
17907,2023-07-06 17:45:00,3.9
17908,2023-07-06 18:00:00,3.0
17909,2023-07-06 18:15:00,4.5
17910,2023-07-06 18:30:00,3.0
17911,2023-07-06 18:45:00,3.3
17912,2023-07-06 19:00:00,3.8
17913,2023-07-06 19:15:00,4.4
17914,2023-07-06 19:30:00,3.5
17915,2023-07-06 19:45:00,3.8
17916,2023-07-06 20:00:00,3.9
17917,2023-07-06 20:15:00,2.9
17918,2023-07-06 20:30:00,4.3
17919,2023-07-06 20:45:00,5.3
17920,2023-07-06 21:00:00,4.2
17921,2023-07-06 21:15:00,3.6
17922,2023-07-06 21:30:00,4.2
17923,2023-07-06 21:45:00,4.4
17924,2023-07-06 22:00:00,5.7
17925,2023-07-06 22:15:00,10.1
17926,2023-07-06 22:30:00,4.7
17927,2023-07-06 22:45:00,6.5
17928,2023-07-06 23:00:00,2.9
17929,2023-07-06 23:15:00,3.7
17930,2023-07-06 23:30:00,4.5
17931,2023-07-06 23:45:00,9.5
17932,2023-07-07 00:00:00,3.8
17933,2023-07-07 00:15:00,3.5
17934,2023-07-07 00:30:00,4.4
17935,2023-07-07 00:45:00,6.8
17936,2023-07-07 01:00:00,5.8
17937,2023-07-07 01:15:00,6.0
17938,2023-07-07 01:30:00,6.4
17939,2023-07-07 01:45:00,5.5
17940,2023-07-07 02:00:00,10.2
17941,2023-07-07 02:15:00,8.7
17942,2023-07-07 02:30:00,6.7
17943,2023-07-07 02:45:00,5.6
17944,2023-07-07 03:00:00,5.5
17945,2023-07-07 03:15:00,6.2
17946,2023-07-07 03:30:00,6.4
17947,2023-07-07 03:45:00,6.1
17948,2023-07-07 04:00:00,6.0
17949,2023-07-07 04:15:00,5.6
17950,2023-07-07 04:30:00,5.3
17951,2023-07-07 04:45:00,3.9
17952,2023-07-07 05:00:00,5.9
17953,2023-07-07 05:15:00,9.2
17954,2023-07-07 05:30:00,9.6
17955,2023-07-07 05:45:00,5.5
17956,2023-07-07 06:00:00,5.0
17957,2023-07-07 06:15:00,5.2
17958,2023-07-07 06:30:00,5.8
17959,2023-07-07 06:45:00,8.1
17960,2023-07-07 07:00:00,7.4
17961,2023-07-07 07:15:00,9.5
17962,2023-07-07 07:30:00,5.2
17963,2023-07-07 07:45:00,6.0
17964,2023-07-07 08:00:00,10.4
17965,2023-07-07 08:15:00,6.0
17966,2023-07-07 08:30:00,7.0
17967,2023-07-07 08:45:00,8.9
17968,2023-07-07 09:00:00,8.9
17969,2023-07-07 09:15:00,5.5
17970,2023-07-07 09:30:00,5.8
17971,2023-07-07 09:45:00,3.4
17972,2023-07-07 10:00:00,3.4
17973,2023-07-07 10:15:00,3.3
17974,2023-07-07 10:30:00,3.3
17975,2023-07-07 10:45:00,7.0
17976,2023-07-07 11:00:00,3.6
17977,2023-07-07 11:15:00,3.4
17978,2023-07-07 11:30:00,6.0
17979,2023-07-07 11:45:00,6.4
17980,2023-07-07 12:00:00,3.3
17981,2023-07-07 12:15:00,2.5
17982,2023-07-07 12:30:00,3.0
17983,2023-07-07 12:45:00,10.0
17984,2023-07-07 13:00:00,2.5
17985,2023-07-07 13:15:00,3.4
17986,2023-07-07 13:30:00,4.0
17987,2023-07-07 13:45:00,3.1
17988,2023-07-07 14:00:00,3.0
17989,2023-07-07 14:15:00,3.5
17990,2023-07-07 14:30:00,4.5
17991,2023-07-07 14:45:00,6.6
17992,2023-07-07 15:00:00,7.8
17993,2023-07-07 15:15:00,2.0
17994,2023-07-07 15:30:00,3.6
17995,2023-07-07 15:45:00,2.9
17996,2023-07-07 16:00:00,7.4
17997,2023-07-07 16:15:00,4.5
17998,2023-07-07 16:30:00,3.4
17999,2023-07-07 16:45:00,9.0
18000,2023-07-07 17:00:00,3.0
18001,2023-07-07 17:15:00,4.0
18002,2023-07-07 17:30:00,9.5
18003,2023-07-07 17:45:00,2.9
18004,2023-07-07 18:00:00,6.9
18005,2023-07-07 18:15:00,6.2
18006,2023-07-07 18:30:00,10.2
18007,2023-07-07 18:45:00,6.4
18008,2023-07-07 19:00:00,6.5
18009,2023-07-07 19:15:00,3.4
18010,2023-07-07 19:30:00,3.6
18011,2023-07-07 19:45:00,3.7
18012,2023-07-07 20:00:00,3.2
18013,2023-07-07 20:15:00,4.4
18014,2023-07-07 20:30:00,3.3
18015,2023-07-07 20:45:00,5.5
18016,2023-07-07 21:00:00,4.0
18017,2023-07-07 21:15:00,3.7
18018,2023-07-07 21:30:00,13.1
18019,2023-07-07 21:45:00,8.0
18020,2023-07-07 22:00:00,4.6
18021,2023-07-07 22:15:00,3.3
18022,2023-07-07 22:30:00,3.8
18023,2023-07-07 22:45:00,3.2
18024,2023-07-07 23:00:00,3.4
18025,2023-07-07 23:15:00,3.3
18026,2023-07-07 23:30:00,2.1
18027,2023-07-07 23:45:00,7.0
18028,2023-07-08 00:00:00,7.2
18029,2023-07-08 00:15:00,2.7
18030,2023-07-08 00:30:00,2.8
18031,2023-07-08 00:45:00,3.4
18032,2023-07-08 01:00:00,10.3
18033,2023-07-08 01:15:00,5.3
18034,2023-07-08 01:30:00,5.7
18035,2023-07-08 01:45:00,5.7
18036,2023-07-08 02:00:00,9.3
18037,2023-07-08 02:15:00,5.1
18038,2023-07-08 02:30:00,5.5
18039,2023-07-08 02:45:00,6.3
18040,2023-07-08 03:00:00,4.7
18041,2023-07-08 03:15:00,4.8
18042,2023-07-08 03:30:00,8.4
18043,2023-07-08 03:45:00,8.7
18044,2023-07-08 04:00:00,9.9
18045,2023-07-08 04:15:00,6.4
18046,2023-07-08 04:30:00,7.4
18047,2023-07-08 04:45:00,6.0
18048,2023-07-08 05:00:00,7.2
18049,2023-07-08 05:15:00,10.1
18050,2023-07-08 05:30:00,6.3
18051,2023-07-08 05:45:00,6.8
18052,2023-07-08 06:00:00,9.8
18053,2023-07-08 06:15:00,6.8
18054,2023-07-08 06:30:00,9.6
18055,2023-07-08 06:45:00,6.9
18056,2023-07-08 07:00:00,10.3
18057,2023-07-08 07:15:00,9.3
18058,2023-07-08 07:30:00,9.8
18059,2023-07-08 07:45:00,5.1
18060,2023-07-08 08:00:00,6.2
18061,2023-07-08 08:15:00,8.4
18062,2023-07-08 08:30:00,5.2
18063,2023-07-08 08:45:00,7.9
18064,2023-07-08 09:00:00,6.9
18065,2023-07-08 09:15:00,6.7
18066,2023-07-08 09:30:00,9.1
18067,2023-07-08 09:45:00,4.6
18068,2023-07-08 10:00:00,4.9
18069,2023-07-08 10:15:00,4.4
18070,2023-07-08 10:30:00,4.0
18071,2023-07-08 10:45:00,7.9
18072,2023-07-08 11:00:00,7.0
18073,2023-07-08 11:15:00,4.3
18074,2023-07-08 11:30:00,3.8
18075,2023-07-08 11:45:00,6.8
18076,2023-07-08 12:00:00,2.7
18077,2023-07-08 12:15:00,3.3
18078,2023-07-08 12:30:00,7.8
18079,2023-07-08 12:45:00,3.1
18080,2023-07-08 13:00:00,3.1
18081,2023-07-08 13:15:00,2.6
18082,2023-07-08 13:30:00,3.2
18083,2023-07-08 13:45:00,6.3
18084,2023-07-08 14:00:00,6.8
18085,2023-07-08 14:15:00,3.0
18086,2023-07-08 14:30:00,3.0
18087,2023-07-08 14:45:00,2.6
18088,2023-07-08 15:00:00,2.5
18089,2023-07-08 15:15:00,4.0
18090,2023-07-08 15:30:00,3.3
18091,2023-07-08 15:45:00,2.4
18092,2023-07-08 16:00:00,3.0
18093,2023-07-08 16:15:00,3.0
18094,2023-07-08 16:30:00,3.7
18095,2023-07-08 16:45:00,4.4
18096,2023-07-08 17:00:00,4.0
18097,2023-07-08 17:15:00,3.8
18098,2023-07-08 17:30:00,2.7
18099,2023-07-08 17:45:00,6.0
18100,2023-07-08 18:00:00,5.6
18101,2023-07-08 18:15:00,2.9
18102,2023-07-08 18:30:00,5.9
18103,2023-07-08 18:45:00,7.1
18104,2023-07-08 19:00:00,3.4
18105,2023-07-08 19:15:00,5.9
18106,2023-07-08 19:30:00,6.3
18107,2023-07-08 19:45:00,3.4
18108,2023-07-08 20:00:00,4.3
18109,2023-07-08 20:15:00,4.8
18110,2023-07-08 20:30:00,3.2
18111,2023-07-08 20:45:00,2.4
18112,2023-07-08 21:00:00,3.3
18113,2023-07-08 21:15:00,3.9
18114,2023-07-08 21:30:00,4.2
18115,2023-07-08 21:45:00,3.5
18116,2023-07-08 22:00:00,3.2
18117,2023-07-08 22:15:00,3.0
18118,2023-07-08 22:30:00,3.0
18119,2023-07-08 22:45:00,4.8
18120,2023-07-08 23:00:00,4.3
18121,2023-07-08 23:15:00,3.1
18122,2023-07-08 23:30:00,4.4
18123,2023-07-08 23:45:00,2.6
18124,2023-07-09 00:00:00,3.3
18125,2023-07-09 00:15:00,3.0
18126,2023-07-09 00:30:00,3.1
18127,2023-07-09 00:45:00,4.3
18128,2023-07-09 01:00:00,4.2
18129,2023-07-09 01:15:00,5.7
18130,2023-07-09 01:30:00,5.2
18131,2023-07-09 01:45:00,4.8
18132,2023-07-09 02:00:00,8.2
18133,2023-07-09 02:15:00,5.3
18134,2023-07-09 02:30:00,6.3
18135,2023-07-09 02:45:00,5.3
18136,2023-07-09 03:00:00,6.0
18137,2023-07-09 03:15:00,5.1
18138,2023-07-09 03:30:00,4.2
18139,2023-07-09 03:45:00,5.7
18140,2023-07-09 04:00:00,5.7
18141,2023-07-09 04:15:00,5.8
18142,2023-07-09 04:30:00,4.9
18143,2023-07-09 04:45:00,5.6
18144,2023-07-09 05:00:00,4.9
18145,2023-07-09 05:15:00,5.1
18146,2023-07-09 05:30:00,5.3
18147,2023-07-09 05:45:00,4.9
18148,2023-07-09 06:00:00,6.0
18149,2023-07-09 06:15:00,4.6
18150,2023-07-09 06:30:00,4.3
18151,2023-07-09 06:45:00,9.0
18152,2023-07-09 07:00:00,8.5
18153,2023-07-09 07:15:00,5.2
18154,2023-07-09 07:30:00,4.8
18155,2023-07-09 07:45:00,5.9
18156,2023-07-09 08:00:00,5.2
18157,2023-07-09 08:15:00,4.8
18158,2023-07-09 08:30:00,5.9
18159,2023-07-09 08:45:00,5.2
18160,2023-07-09 09:00:00,8.8
18161,2023-07-09 09:15:00,5.4
18162,2023-07-09 09:30:00,5.3
18163,2023-07-09 09:45:00,4.6
18164,2023-07-09 10:00:00,2.1
18165,2023-07-09 10:15:00,3.9
18166,2023-07-09 10:30:00,3.0
18167,2023-07-09 10:45:00,4.0
18168,2023-07-09 11:00:00,3.4
18169,2023-07-09 11:15:00,2.5
18170,2023-07-09 11:30:00,2.4
18171,2023-07-09 11:45:00,2.9
18172,2023-07-09 12:00:00,4.0
18173,2023-07-09 12:15:00,3.2
18174,2023-07-09 12:30:00,3.4
18175,2023-07-09 12:45:00,2.2
18176,2023-07-09 13:00:00,3.5
18177,2023-07-09 13:15:00,3.5
18178,2023-07-09 13:30:00,3.8
18179,2023-07-09 13:45:00,3.3
18180,2023-07-09 14:00:00,2.5
18181,2023-07-09 14:15:00,3.7
18182,2023-07-09 14:30:00,2.9
18183,2023-07-09 14:45:00,2.4
18184,2023-07-09 15:00:00,3.5
18185,2023-07-09 15:15:00,2.4
18186,2023-07-09 15:30:00,4.5
18187,2023-07-09 15:45:00,5.4
18188,2023-07-09 16:00:00,7.4
18189,2023-07-09 16:15:00,7.1
18190,2023-07-09 16:30:00,3.2
18191,2023-07-09 16:45:00,4.2
18192,2023-07-09 17:00:00,3.3
18193,2023-07-09 17:15:00,3.4
18194,2023-07-09 17:30:00,1.7
18195,2023-07-09 17:45:00,3.9
18196,2023-07-09 18:00:00,4.7
18197,2023-07-09 18:15:00,3.1
18198,2023-07-09 18:30:00,4.3
18199,2023-07-09 18:45:00,7.2
18200,2023-07-09 19:00:00,3.3
18201,2023-07-09 19:15:00,2.2
18202,2023-07-09 19:30:00,4.2
18203,2023-07-09 19:45:00,5.6
18204,2023-07-09 20:00:00,5.1
18205,2023-07-09 20:15:00,4.5
18206,2023-07-09 20:30:00,2.8
18207,2023-07-09 20:45:00,6.5
18208,2023-07-09 21:00:00,3.0
18209,2023-07-09 21:15:00,3.7
18210,2023-07-09 21:30:00,3.0
18211,2023-07-09 21:45:00,3.0
18212,2023-07-09 22:00:00,4.0
18213,2023-07-09 22:15:00,4.3
18214,2023-07-09 22:30:00,2.5
18215,2023-07-09 22:45:00,3.1
18216,2023-07-09 23:00:00,5.6
18217,2023-07-09 23:15:00,4.9
18218,2023-07-09 23:30:00,2.9
18219,2023-07-09 23:45:00,4.1
18220,2023-07-10 00:00:00,2.4
18221,2023-07-10 00:15:00,4.1
18222,2023-07-10 00:30:00,5.7
18223,2023-07-10 00:45:00,6.1
18224,2023-07-10 01:00:00,5.4
18225,2023-07-10 01:15:00,5.3
18226,2023-07-10 01:30:00,5.4
18227,2023-07-10 01:45:00,5.8
18228,2023-07-10 02:00:00,5.8
18229,2023-07-10 02:15:00,5.4
18230,2023-07-10 02:30:00,4.6
18231,2023-07-10 02:45:00,5.6
18232,2023-07-10 03:00:00,6.3
18233,2023-07-10 03:15:00,5.5
18234,2023-07-10 03:30:00,5.8
18235,2023-07-10 03:45:00,5.7
18236,2023-07-10 04:00:00,5.4
18237,2023-07-10 04:15:00,5.1
18238,2023-07-10 04:30:00,5.3
18239,2023-07-10 04:45:00,5.2
18240,2023-07-10 05:00:00,4.6
18241,2023-07-10 05:15:00,5.9
18242,2023-07-10 05:30:00,5.4
18243,2023-07-10 05:45:00,5.3
18244,2023-07-10 06:00:00,8.7
18245,2023-07-10 06:15:00,8.4
18246,2023-07-10 06:30:00,5.2
18247,2023-07-10 06:45:00,6.6
18248,2023-07-10 07:00:00,5.1
18249,2023-07-10 07:15:00,5.8
18250,2023-07-10 07:30:00,5.4
18251,2023-07-10 07:45:00,5.2
18252,2023-07-10 08:00:00,5.5
18253,2023-07-10 08:15:00,5.2
18254,2023-07-10 08:30:00,4.3
18255,2023-07-10 08:45:00,4.5
18256,2023-07-10 09:00:00,5.4
18257,2023-07-10 09:15:00,5.3
18258,2023-07-10 09:30:00,4.8
18259,2023-07-10 09:45:00,5.3
18260,2023-07-10 10:00:00,3.1
18261,2023-07-10 10:15:00,2.4
18262,2023-07-10 10:30:00,2.9
18263,2023-07-10 10:45:00,5.2
18264,2023-07-10 11:00:00,2.3
18265,2023-07-10 11:15:00,2.5
18266,2023-07-10 11:30:00,2.4
18267,2023-07-10 11:45:00,3.5
18268,2023-07-10 12:00:00,3.2
18269,2023-07-10 12:15:00,2.1
18270,2023-07-10 12:30:00,3.3
18271,2023-07-10 12:45:00,2.2
18272,2023-07-10 13:00:00,7.2
18273,2023-07-10 13:15:00,2.4
18274,2023-07-10 13:30:00,5.3
18275,2023-07-10 13:45:00,2.9
18276,2023-07-10 14:00:00,2.2
18277,2023-07-10 14:15:00,3.2
18278,2023-07-10 14:30:00,3.4
18279,2023-07-10 14:45:00,2.6
18280,2023-07-10 15:00:00,4.1
18281,2023-07-10 15:15:00,3.3
18282,2023-07-10 15:30:00,4.6
18283,2023-07-10 15:45:00,2.7
18284,2023-07-10 16:00:00,4.4
18285,2023-07-10 16:15:00,3.5
18286,2023-07-10 16:30:00,3.0
18287,2023-07-10 16:45:00,4.9
18288,2023-07-10 17:00:00,9.1
18289,2023-07-10 17:15:00,7.4
18290,2023-07-10 17:30:00,5.5
18291,2023-07-10 17:45:00,3.7
18292,2023-07-10 18:00:00,3.5
18293,2023-07-10 18:15:00,3.4
18294,2023-07-10 18:30:00,6.9
18295,2023-07-10 18:45:00,5.5
18296,2023-07-10 19:00:00,3.8
18297,2023-07-10 19:15:00,2.9
18298,2023-07-10 19:30:00,2.9
18299,2023-07-10 19:45:00,3.3
18300,2023-07-10 20:00:00,2.3
18301,2023-07-10 20:15:00,4.3
18302,2023-07-10 20:30:00,2.8
18303,2023-07-10 20:45:00,3.1
18304,2023-07-10 21:00:00,5.3
18305,2023-07-10 21:15:00,2.4
18306,2023-07-10 21:30:00,2.5
18307,2023-07-10 21:45:00,2.6
18308,2023-07-10 22:00:00,5.3
18309,2023-07-10 22:15:00,2.6
18310,2023-07-10 22:30:00,7.0
18311,2023-07-10 22:45:00,3.4
18312,2023-07-10 23:00:00,3.6
18313,2023-07-10 23:15:00,3.0
18314,2023-07-10 23:30:00,2.9
18315,2023-07-10 23:45:00,5.7
18316,2023-07-11 00:00:00,3.5
18317,2023-07-11 00:15:00,4.6
18318,2023-07-11 00:30:00,2.6
18319,2023-07-11 00:45:00,3.1
18320,2023-07-11 01:00:00,6.2
18321,2023-07-11 01:15:00,5.1
18322,2023-07-11 01:30:00,5.7
18323,2023-07-11 01:45:00,5.3
18324,2023-07-11 02:00:00,4.5
18325,2023-07-11 02:15:00,4.8
18326,2023-07-11 02:30:00,5.1
18327,2023-07-11 02:45:00,5.2
18328,2023-07-11 03:00:00,7.1
18329,2023-07-11 03:15:00,4.2
18330,2023-07-11 03:30:00,4.9
18331,2023-07-11 03:45:00,8.1
18332,2023-07-11 04:00:00,5.4
18333,2023-07-11 04:15:00,4.9
18334,2023-07-11 04:30:00,4.9
18335,2023-07-11 04:45:00,6.0
18336,2023-07-11 05:00:00,5.1
18337,2023-07-11 05:15:00,6.4
18338,2023-07-11 05:30:00,4.9
18339,2023-07-11 05:45:00,5.1
18340,2023-07-11 06:00:00,5.4
18341,2023-07-11 06:15:00,5.5
18342,2023-07-11 06:30:00,5.7
18343,2023-07-11 06:45:00,4.5
18344,2023-07-11 07:00:00,4.7
18345,2023-07-11 07:15:00,6.0
18346,2023-07-11 07:30:00,4.7
18347,2023-07-11 07:45:00,5.3
18348,2023-07-11 08:00:00,5.6
18349,2023-07-11 08:15:00,5.9
18350,2023-07-11 08:30:00,5.5
18351,2023-07-11 08:45:00,6.5
18352,2023-07-11 09:00:00,5.2
18353,2023-07-11 09:15:00,4.1
18354,2023-07-11 09:30:00,4.8
18355,2023-07-11 09:45:00,3.0
18356,2023-07-11 10:00:00,2.9
18357,2023-07-11 10:15:00,3.2
18358,2023-07-11 10:30:00,3.2
18359,2023-07-11 10:45:00,3.1
18360,2023-07-11 11:00:00,5.0
18361,2023-07-11 11:15:00,1.8
18362,2023-07-11 11:30:00,3.2
18363,2023-07-11 11:45:00,3.3
18364,2023-07-11 12:00:00,3.3
18365,2023-07-11 12:15:00,7.7
18366,2023-07-11 12:30:00,3.9
18367,2023-07-11 12:45:00,5.5
18368,2023-07-11 13:00:00,7.5
18369,2023-07-11 13:15:00,5.9
18370,2023-07-11 13:30:00,6.7
18371,2023-07-11 13:45:00,5.7
18372,2023-07-11 14:00:00,5.8
18373,2023-07-11 14:15:00,5.5
18374,2023-07-11 14:30:00,2.8
18375,2023-07-11 14:45:00,4.7
18376,2023-07-11 15:00:00,5.6
18377,2023-07-11 15:15:00,2.8
18378,2023-07-11 15:30:00,3.1
18379,2023-07-11 15:45:00,7.4
18380,2023-07-11 16:00:00,5.5
18381,2023-07-11 16:15:00,6.7
18382,2023-07-11 16:30:00,4.5
18383,2023-07-11 16:45:00,3.9
18384,2023-07-11 17:00:00,7.2
18385,2023-07-11 17:15:00,5.9
18386,2023-07-11 17:30:00,6.7
18387,2023-07-11 17:45:00,4.2
18388,2023-07-11 18:00:00,4.2
18389,2023-07-11 18:15:00,5.3
18390,2023-07-11 18:30:00,4.4
18391,2023-07-11 18:45:00,5.8
18392,2023-07-11 19:00:00,6.6
18393,2023-07-11 19:15:00,6.8
18394,2023-07-11 19:30:00,8.7
18395,2023-07-11 19:45:00,11.4
18396,2023-07-11 20:00:00,8.8
18397,2023-07-11 20:15:00,4.9
18398,2023-07-11 20:30:00,4.7
18399,2023-07-11 20:45:00,3.8
18400,2023-07-11 21:00:00,6.7
18401,2023-07-11 21:15:00,3.6
18402,2023-07-11 21:30:00,4.0
18403,2023-07-11 21:45:00,7.0
18404,2023-07-11 22:00:00,2.7
18405,2023-07-11 22:15:00,4.9
18406,2023-07-11 22:30:00,6.1
18407,2023-07-11 22:45:00,4.4
18408,2023-07-11 23:00:00,3.6
18409,2023-07-11 23:15:00,6.3
18410,2023-07-11 23:30:00,6.9
18411,2023-07-11 23:45:00,2.8
18412,2023-07-12 00:00:00,4.6
18413,2023-07-12 00:15:00,7.0
18414,2023-07-12 00:30:00,2.8
18415,2023-07-12 00:45:00,4.2
18416,2023-07-12 01:00:00,5.5
18417,2023-07-12 01:15:00,6.5
18418,2023-07-12 01:30:00,4.7
18419,2023-07-12 01:45:00,10.2
18420,2023-07-12 02:00:00,7.9
18421,2023-07-12 02:15:00,4.4
18422,2023-07-12 02:30:00,5.4
18423,2023-07-12 02:45:00,5.5
18424,2023-07-12 03:00:00,5.7
18425,2023-07-12 03:15:00,4.8
18426,2023-07-12 03:30:00,5.4
18427,2023-07-12 03:45:00,4.7
18428,2023-07-12 04:00:00,5.0
18429,2023-07-12 04:15:00,5.7
18430,2023-07-12 04:30:00,5.4
18431,2023-07-12 04:45:00,6.6
18432,2023-07-12 05:00:00,8.5
18433,2023-07-12 05:15:00,10.2
18434,2023-07-12 05:30:00,8.7
18435,2023-07-12 05:45:00,4.9
18436,2023-07-12 06:00:00,4.7
18437,2023-07-12 06:15:00,8.8
18438,2023-07-12 06:30:00,5.7
18439,2023-07-12 06:45:00,4.5
18440,2023-07-12 07:00:00,8.0
18441,2023-07-12 07:15:00,4.7
18442,2023-07-12 07:30:00,7.2
18443,2023-07-12 07:45:00,12.0
18444,2023-07-12 08:00:00,5.4
18445,2023-07-12 08:15:00,5.5
18446,2023-07-12 08:30:00,4.8
18447,2023-07-12 08:45:00,5.9
18448,2023-07-12 09:00:00,5.1
18449,2023-07-12 09:15:00,5.1
18450,2023-07-12 09:30:00,5.3
18451,2023-07-12 09:45:00,5.5
18452,2023-07-12 10:00:00,3.5
18453,2023-07-12 10:15:00,4.0
18454,2023-07-12 10:30:00,3.4
18455,2023-07-12 10:45:00,6.2
18456,2023-07-12 11:00:00,2.5
18457,2023-07-12 11:15:00,3.3
18458,2023-07-12 11:30:00,6.1
18459,2023-07-12 11:45:00,6.2
18460,2023-07-12 12:00:00,6.1
18461,2023-07-12 12:15:00,7.6
18462,2023-07-12 12:30:00,4.2
18463,2023-07-12 12:45:00,3.8
18464,2023-07-12 13:00:00,6.6
18465,2023-07-12 13:15:00,5.6
18466,2023-07-12 13:30:00,10.1
18467,2023-07-12 13:45:00,5.8
18468,2023-07-12 14:00:00,10.5
18469,2023-07-12 14:15:00,3.5
18470,2023-07-12 14:30:00,6.8
18471,2023-07-12 14:45:00,6.6
18472,2023-07-12 15:00:00,6.9
18473,2023-07-12 15:15:00,8.2
18474,2023-07-12 15:30:00,7.1
18475,2023-07-12 15:45:00,6.6
18476,2023-07-12 16:00:00,7.2
18477,2023-07-12 16:15:00,4.0
18478,2023-07-12 16:30:00,5.8
18479,2023-07-12 16:45:00,6.7
18480,2023-07-12 17:00:00,11.5
18481,2023-07-12 17:15:00,6.3
18482,2023-07-12 17:30:00,9.8
18483,2023-07-12 17:45:00,3.9
18484,2023-07-12 18:00:00,9.6
18485,2023-07-12 18:15:00,3.5
18486,2023-07-12 18:30:00,6.2
18487,2023-07-12 18:45:00,7.6
18488,2023-07-12 19:00:00,4.8
18489,2023-07-12 19:15:00,10.0
18490,2023-07-12 19:30:00,3.7
18491,2023-07-12 19:45:00,10.8
18492,2023-07-12 20:00:00,6.4
18493,2023-07-12 20:15:00,9.0
18494,2023-07-12 20:30:00,4.0
18495,2023-07-12 20:45:00,3.6
18496,2023-07-12 21:00:00,3.4
18497,2023-07-12 21:15:00,3.7
18498,2023-07-12 21:30:00,3.8
18499,2023-07-12 21:45:00,3.3
18500,2023-07-12 22:00:00,3.0
18501,2023-07-12 22:15:00,4.0
18502,2023-07-12 22:30:00,3.8
18503,2023-07-12 22:45:00,3.0
18504,2023-07-12 23:00:00,2.6
18505,2023-07-12 23:15:00,4.3
18506,2023-07-12 23:30:00,3.1
18507,2023-07-12 23:45:00,2.5
18508,2023-07-13 00:00:00,2.5
18509,2023-07-13 00:15:00,3.0
18510,2023-07-13 00:30:00,3.6
18511,2023-07-13 00:45:00,5.4
18512,2023-07-13 01:00:00,5.5
18513,2023-07-13 01:15:00,5.3
18514,2023-07-13 01:30:00,4.3
18515,2023-07-13 01:45:00,5.1
18516,2023-07-13 02:00:00,5.6
18517,2023-07-13 02:15:00,5.3
18518,2023-07-13 02:30:00,6.9
18519,2023-07-13 02:45:00,6.3
18520,2023-07-13 03:00:00,6.1
18521,2023-07-13 03:15:00,6.2
18522,2023-07-13 03:30:00,5.7
18523,2023-07-13 03:45:00,6.2
18524,2023-07-13 04:00:00,5.2
18525,2023-07-13 04:15:00,5.0
18526,2023-07-13 04:30:00,6.1
18527,2023-07-13 04:45:00,4.9
18528,2023-07-13 05:00:00,4.4
18529,2023-07-13 05:15:00,4.2
18530,2023-07-13 05:30:00,4.9
18531,2023-07-13 05:45:00,4.9
18532,2023-07-13 06:00:00,5.0
18533,2023-07-13 06:15:00,4.3
18534,2023-07-13 06:30:00,5.0
18535,2023-07-13 06:45:00,5.1
18536,2023-07-13 07:00:00,5.7
18537,2023-07-13 07:15:00,5.1
18538,2023-07-13 07:30:00,5.0
18539,2023-07-13 07:45:00,4.8
18540,2023-07-13 08:00:00,4.7
18541,2023-07-13 08:15:00,4.4
18542,2023-07-13 08:30:00,5.8
18543,2023-07-13 08:45:00,5.4
18544,2023-07-13 09:00:00,5.5
18545,2023-07-13 09:15:00,4.9
18546,2023-07-13 09:30:00,5.7
18547,2023-07-13 09:45:00,4.4
18548,2023-07-13 10:00:00,4.2
18549,2023-07-13 10:15:00,2.6
18550,2023-07-13 10:30:00,6.5
18551,2023-07-13 10:45:00,6.5
18552,2023-07-13 11:00:00,3.3
18553,2023-07-13 11:15:00,2.4
18554,2023-07-13 11:30:00,3.3
18555,2023-07-13 11:45:00,5.5
18556,2023-07-13 12:00:00,3.7
18557,2023-07-13 12:15:00,2.5
18558,2023-07-13 12:30:00,4.0
18559,2023-07-13 12:45:00,2.9
18560,2023-07-13 13:00:00,2.5
18561,2023-07-13 13:15:00,2.8
18562,2023-07-13 13:30:00,2.8
18563,2023-07-13 13:45:00,5.6
18564,2023-07-13 14:00:00,6.4
18565,2023-07-13 14:15:00,4.8
18566,2023-07-13 14:30:00,3.1
18567,2023-07-13 14:45:00,3.8
18568,2023-07-13 15:00:00,3.5
18569,2023-07-13 15:15:00,3.5
18570,2023-07-13 15:30:00,3.2
18571,2023-07-13 15:45:00,1.9
18572,2023-07-13 16:00:00,3.2
18573,2023-07-13 16:15:00,3.3
18574,2023-07-13 16:30:00,2.9
18575,2023-07-13 16:45:00,2.4
18576,2023-07-13 17:00:00,5.4
18577,2023-07-13 17:15:00,2.7
18578,2023-07-13 17:30:00,2.7
18579,2023-07-13 17:45:00,2.9
18580,2023-07-13 18:00:00,3.3
18581,2023-07-13 18:15:00,3.1
18582,2023-07-13 18:30:00,9.1
18583,2023-07-13 18:45:00,3.1
18584,2023-07-13 19:00:00,4.0
18585,2023-07-13 19:15:00,2.8
18586,2023-07-13 19:30:00,2.8
18587,2023-07-13 19:45:00,7.3
18588,2023-07-13 20:00:00,3.1
18589,2023-07-13 20:15:00,3.1
18590,2023-07-13 20:30:00,5.7
18591,2023-07-13 20:45:00,3.4
18592,2023-07-13 21:00:00,4.8
18593,2023-07-13 21:15:00,6.0
18594,2023-07-13 21:30:00,4.3
18595,2023-07-13 21:45:00,3.2
18596,2023-07-13 22:00:00,2.4
18597,2023-07-13 22:15:00,3.5
18598,2023-07-13 22:30:00,3.7
18599,2023-07-13 22:45:00,3.1
18600,2023-07-13 23:00:00,4.2
18601,2023-07-13 23:15:00,1.9
18602,2023-07-13 23:30:00,3.5
18603,2023-07-13 23:45:00,2.7
18604,2023-07-14 00:00:00,5.2
18605,2023-07-14 00:15:00,7.4
18606,2023-07-14 00:30:00,3.7
18607,2023-07-14 00:45:00,2.8
18608,2023-07-14 01:00:00,5.1
18609,2023-07-14 01:15:00,6.0
18610,2023-07-14 01:30:00,5.5
18611,2023-07-14 01:45:00,5.5
18612,2023-07-14 02:00:00,6.1
18613,2023-07-14 02:15:00,5.7
18614,2023-07-14 02:30:00,6.1
18615,2023-07-14 02:45:00,5.1
18616,2023-07-14 03:00:00,7.1
18617,2023-07-14 03:15:00,4.6
18618,2023-07-14 03:30:00,
18619,2023-07-14 03:45:00,
18620,2023-07-14 04:00:00,
18621,2023-07-14 04:15:00,
18622,2023-07-14 04:30:00,
18623,2023-07-14 04:45:00,
18624,2023-07-14 05:00:00,
18625,2023-07-14 05:15:00,
18626,2023-07-14 05:30:00,
18627,2023-07-14 05:45:00,
18628,2023-07-14 06:00:00,
18629,2023-07-14 06:15:00,
18630,2023-07-14 06:30:00,
18631,2023-07-14 06:45:00,
18632,2023-07-14 07:00:00,
18633,2023-07-14 07:15:00,
18634,2023-07-14 07:30:00,
18635,2023-07-14 07:45:00,
18636,2023-07-14 08:00:00,
18637,2023-07-14 08:15:00,
18638,2023-07-14 08:30:00,
18639,2023-07-14 08:45:00,
18640,2023-07-14 09:00:00,
18641,2023-07-14 09:15:00,
18642,2023-07-14 09:30:00,
18643,2023-07-14 09:45:00,
18644,2023-07-14 10:00:00,
18645,2023-07-14 10:15:00,
18646,2023-07-14 10:30:00,
18647,2023-07-14 10:45:00,
18648,2023-07-14 11:00:00,
18649,2023-07-14 11:15:00,
18650,2023-07-14 11:30:00,
18651,2023-07-14 11:45:00,
18652,2023-07-14 12:00:00,
18653,2023-07-14 12:15:00,
18654,2023-07-14 12:30:00,
18655,2023-07-14 12:45:00,
18656,2023-07-14 13:00:00,
18657,2023-07-14 13:15:00,
18658,2023-07-14 13:30:00,
18659,2023-07-14 13:45:00,
18660,2023-07-14 14:00:00,
18661,2023-07-14 14:15:00,
18662,2023-07-14 14:30:00,
18663,2023-07-14 14:45:00,
18664,2023-07-14 15:00:00,
18665,2023-07-14 15:15:00,
18666,2023-07-14 15:30:00,
18667,2023-07-14 15:45:00,
18668,2023-07-14 16:00:00,
18669,2023-07-14 16:15:00,
18670,2023-07-14 16:30:00,
18671,2023-07-14 16:45:00,
18672,2023-07-14 17:00:00,
18673,2023-07-14 17:15:00,
18674,2023-07-14 17:30:00,
18675,2023-07-14 17:45:00,
18676,2023-07-14 18:00:00,
18677,2023-07-14 18:15:00,
18678,2023-07-14 18:30:00,
18679,2023-07-14 18:45:00,
18680,2023-07-14 19:00:00,
18681,2023-07-14 19:15:00,
18682,2023-07-14 19:30:00,
18683,2023-07-14 19:45:00,
18684,2023-07-14 20:00:00,
18685,2023-07-14 20:15:00,
18686,2023-07-14 20:30:00,
18687,2023-07-14 20:45:00,
18688,2023-07-14 21:00:00,
18689,2023-07-14 21:15:00,
18690,2023-07-14 21:30:00,
18691,2023-07-14 21:45:00,
18692,2023-07-14 22:00:00,
18693,2023-07-14 22:15:00,
18694,2023-07-14 22:30:00,
18695,2023-07-14 22:45:00,
18696,2023-07-14 23:00:00,
18697,2023-07-14 23:15:00,
18698,2023-07-14 23:30:00,
18699,2023-07-14 23:45:00,
18700,2023-07-15 00:00:00,
18701,2023-07-15 00:15:00,
18702,2023-07-15 00:30:00,
18703,2023-07-15 00:45:00,
18704,2023-07-15 01:00:00,
18705,2023-07-15 01:15:00,
18706,2023-07-15 01:30:00,
18707,2023-07-15 01:45:00,
18708,2023-07-15 02:00:00,
18709,2023-07-15 02:15:00,
18710,2023-07-15 02:30:00,
18711,2023-07-15 02:45:00,
18712,2023-07-15 03:00:00,
18713,2023-07-15 03:15:00,
18714,2023-07-15 03:30:00,
18715,2023-07-15 03:45:00,
18716,2023-07-15 04:00:00,
18717,2023-07-15 04:15:00,
18718,2023-07-15 04:30:00,
18719,2023-07-15 04:45:00,
18720,2023-07-15 05:00:00,
18721,2023-07-15 05:15:00,
18722,2023-07-15 05:30:00,
18723,2023-07-15 05:45:00,
18724,2023-07-15 06:00:00,
18725,2023-07-15 06:15:00,
18726,2023-07-15 06:30:00,
18727,2023-07-15 06:45:00,
18728,2023-07-15 07:00:00,
18729,2023-07-15 07:15:00,
18730,2023-07-15 07:30:00,
18731,2023-07-15 07:45:00,
18732,2023-07-15 08:00:00,
18733,2023-07-15 08:15:00,
18734,2023-07-15 08:30:00,
18735,2023-07-15 08:45:00,
18736,2023-07-15 09:00:00,
18737,2023-07-15 09:15:00,
18738,2023-07-15 09:30:00,
18739,2023-07-15 09:45:00,
18740,2023-07-15 10:00:00,
18741,2023-07-15 10:15:00,
18742,2023-07-15 10:30:00,
18743,2023-07-15 10:45:00,
18744,2023-07-15 11:00:00,
18745,2023-07-15 11:15:00,
18746,2023-07-15 11:30:00,
18747,2023-07-15 11:45:00,
18748,2023-07-15 12:00:00,
18749,2023-07-15 12:15:00,
18750,2023-07-15 12:30:00,
18751,2023-07-15 12:45:00,
18752,2023-07-15 13:00:00,
18753,2023-07-15 13:15:00,
18754,2023-07-15 13:30:00,
18755,2023-07-15 13:45:00,
18756,2023-07-15 14:00:00,
18757,2023-07-15 14:15:00,
18758,2023-07-15 14:30:00,
18759,2023-07-15 14:45:00,
18760,2023-07-15 15:00:00,
18761,2023-07-15 15:15:00,
18762,2023-07-15 15:30:00,
18763,2023-07-15 15:45:00,
18764,2023-07-15 16:00:00,
18765,2023-07-15 16:15:00,
18766,2023-07-15 16:30:00,
18767,2023-07-15 16:45:00,
18768,2023-07-15 17:00:00,
18769,2023-07-15 17:15:00,
18770,2023-07-15 17:30:00,
18771,2023-07-15 17:45:00,
18772,2023-07-15 18:00:00,
18773,2023-07-15 18:15:00,
18774,2023-07-15 18:30:00,
18775,2023-07-15 18:45:00,
18776,2023-07-15 19:00:00,
18777,2023-07-15 19:15:00,
18778,2023-07-15 19:30:00,
18779,2023-07-15 19:45:00,
18780,2023-07-15 20:00:00,
18781,2023-07-15 20:15:00,
18782,2023-07-15 20:30:00,
18783,2023-07-15 20:45:00,
18784,2023-07-15 21:00:00,
18785,2023-07-15 21:15:00,
18786,2023-07-15 21:30:00,
18787,2023-07-15 21:45:00,
18788,2023-07-15 22:00:00,
18789,2023-07-15 22:15:00,
18790,2023-07-15 22:30:00,
18791,2023-07-15 22:45:00,
18792,2023-07-15 23:00:00,
18793,2023-07-15 23:15:00,
18794,2023-07-15 23:30:00,
18795,2023-07-15 23:45:00,
18796,2023-07-16 00:00:00,
18797,2023-07-16 00:15:00,
18798,2023-07-16 00:30:00,
18799,2023-07-16 00:45:00,
18800,2023-07-16 01:00:00,
18801,2023-07-16 01:15:00,
18802,2023-07-16 01:30:00,
18803,2023-07-16 01:45:00,
18804,2023-07-16 02:00:00,
18805,2023-07-16 02:15:00,
18806,2023-07-16 02:30:00,
18807,2023-07-16 02:45:00,
18808,2023-07-16 03:00:00,
18809,2023-07-16 03:15:00,
18810,2023-07-16 03:30:00,
18811,2023-07-16 03:45:00,
18812,2023-07-16 04:00:00,
18813,2023-07-16 04:15:00,
18814,2023-07-16 04:30:00,
18815,2023-07-16 04:45:00,
18816,2023-07-16 05:00:00,
18817,2023-07-16 05:15:00,
18818,2023-07-16 05:30:00,
18819,2023-07-16 05:45:00,
18820,2023-07-16 06:00:00,
18821,2023-07-16 06:15:00,
18822,2023-07-16 06:30:00,
18823,2023-07-16 06:45:00,
18824,2023-07-16 07:00:00,
18825,2023-07-16 07:15:00,
18826,2023-07-16 07:30:00,
18827,2023-07-16 07:45:00,
18828,2023-07-16 08:00:00,
18829,2023-07-16 08:15:00,
18830,2023-07-16 08:30:00,
18831,2023-07-16 08:45:00,
18832,2023-07-16 09:00:00,
18833,2023-07-16 09:15:00,
18834,2023-07-16 09:30:00,
18835,2023-07-16 09:45:00,
18836,2023-07-16 10:00:00,
18837,2023-07-16 10:15:00,
18838,2023-07-16 10:30:00,
18839,2023-07-16 10:45:00,
18840,2023-07-16 11:00:00,
18841,2023-07-16 11:15:00,
18842,2023-07-16 11:30:00,
18843,2023-07-16 11:45:00,
18844,2023-07-16 12:00:00,
18845,2023-07-16 12:15:00,
18846,2023-07-16 12:30:00,
18847,2023-07-16 12:45:00,
18848,2023-07-16 13:00:00,
18849,2023-07-16 13:15:00,
18850,2023-07-16 13:30:00,
18851,2023-07-16 13:45:00,
18852,2023-07-16 14:00:00,
18853,2023-07-16 14:15:00,
18854,2023-07-16 14:30:00,
18855,2023-07-16 14:45:00,
18856,2023-07-16 15:00:00,
18857,2023-07-16 15:15:00,
18858,2023-07-16 15:30:00,
18859,2023-07-16 15:45:00,
18860,2023-07-16 16:00:00,
18861,2023-07-16 16:15:00,
18862,2023-07-16 16:30:00,
18863,2023-07-16 16:45:00,
18864,2023-07-16 17:00:00,
18865,2023-07-16 17:15:00,
18866,2023-07-16 17:30:00,
18867,2023-07-16 17:45:00,
18868,2023-07-16 18:00:00,
18869,2023-07-16 18:15:00,
18870,2023-07-16 18:30:00,
18871,2023-07-16 18:45:00,
18872,2023-07-16 19:00:00,
18873,2023-07-16 19:15:00,
18874,2023-07-16 19:30:00,
18875,2023-07-16 19:45:00,
18876,2023-07-16 20:00:00,
18877,2023-07-16 20:15:00,
18878,2023-07-16 20:30:00,
18879,2023-07-16 20:45:00,
18880,2023-07-16 21:00:00,
18881,2023-07-16 21:15:00,
18882,2023-07-16 21:30:00,
18883,2023-07-16 21:45:00,
18884,2023-07-16 22:00:00,
18885,2023-07-16 22:15:00,
18886,2023-07-16 22:30:00,
18887,2023-07-16 22:45:00,
18888,2023-07-16 23:00:00,
18889,2023-07-16 23:15:00,
18890,2023-07-16 23:30:00,
18891,2023-07-16 23:45:00,
18892,2023-07-17 00:00:00,
18893,2023-07-17 00:15:00,
18894,2023-07-17 00:30:00,
18895,2023-07-17 00:45:00,
18896,2023-07-17 01:00:00,
18897,2023-07-17 01:15:00,
18898,2023-07-17 01:30:00,
18899,2023-07-17 01:45:00,
18900,2023-07-17 02:00:00,
18901,2023-07-17 02:15:00,
18902,2023-07-17 02:30:00,
18903,2023-07-17 02:45:00,
18904,2023-07-17 03:00:00,
18905,2023-07-17 03:15:00,
18906,2023-07-17 03:30:00,
18907,2023-07-17 03:45:00,
18908,2023-07-17 04:00:00,
18909,2023-07-17 04:15:00,
18910,2023-07-17 04:30:00,
18911,2023-07-17 04:45:00,
18912,2023-07-17 05:00:00,
18913,2023-07-17 05:15:00,
18914,2023-07-17 05:30:00,
18915,2023-07-17 05:45:00,
18916,2023-07-17 06:00:00,
18917,2023-07-17 06:15:00,
18918,2023-07-17 06:30:00,
18919,2023-07-17 06:45:00,
18920,2023-07-17 07:00:00,
18921,2023-07-17 07:15:00,
18922,2023-07-17 07:30:00,
18923,2023-07-17 07:45:00,
18924,2023-07-17 08:00:00,
18925,2023-07-17 08:15:00,
18926,2023-07-17 08:30:00,
18927,2023-07-17 08:45:00,
18928,2023-07-17 09:00:00,
18929,2023-07-17 09:15:00,
18930,2023-07-17 09:30:00,
18931,2023-07-17 09:45:00,
18932,2023-07-17 10:00:00,
18933,2023-07-17 10:15:00,
18934,2023-07-17 10:30:00,
18935,2023-07-17 10:45:00,
18936,2023-07-17 11:00:00,
18937,2023-07-17 11:15:00,
18938,2023-07-17 11:30:00,
18939,2023-07-17 11:45:00,
18940,2023-07-17 12:00:00,
18941,2023-07-17 12:15:00,
18942,2023-07-17 12:30:00,
18943,2023-07-17 12:45:00,
18944,2023-07-17 13:00:00,
18945,2023-07-17 13:15:00,
18946,2023-07-17 13:30:00,
18947,2023-07-17 13:45:00,
18948,2023-07-17 14:00:00,
18949,2023-07-17 14:15:00,
18950,2023-07-17 14:30:00,
18951,2023-07-17 14:45:00,
18952,2023-07-17 15:00:00,
18953,2023-07-17 15:15:00,
18954,2023-07-17 15:30:00,
18955,2023-07-17 15:45:00,
18956,2023-07-17 16:00:00,
18957,2023-07-17 16:15:00,
18958,2023-07-17 16:30:00,
18959,2023-07-17 16:45:00,
18960,2023-07-17 17:00:00,
18961,2023-07-17 17:15:00,
18962,2023-07-17 17:30:00,
18963,2023-07-17 17:45:00,
18964,2023-07-17 18:00:00,
18965,2023-07-17 18:15:00,
18966,2023-07-17 18:30:00,
18967,2023-07-17 18:45:00,
18968,2023-07-17 19:00:00,
18969,2023-07-17 19:15:00,
18970,2023-07-17 19:30:00,
18971,2023-07-17 19:45:00,
18972,2023-07-17 20:00:00,
18973,2023-07-17 20:15:00,
18974,2023-07-17 20:30:00,
18975,2023-07-17 20:45:00,
18976,2023-07-17 21:00:00,
18977,2023-07-17 21:15:00,
18978,2023-07-17 21:30:00,
18979,2023-07-17 21:45:00,
18980,2023-07-17 22:00:00,
18981,2023-07-17 22:15:00,
18982,2023-07-17 22:30:00,
18983,2023-07-17 22:45:00,
18984,2023-07-17 23:00:00,
18985,2023-07-17 23:15:00,
18986,2023-07-17 23:30:00,
18987,2023-07-17 23:45:00,
18988,2023-07-18 00:00:00,
18989,2023-07-18 00:15:00,
18990,2023-07-18 00:30:00,
18991,2023-07-18 00:45:00,
18992,2023-07-18 01:00:00,
18993,2023-07-18 01:15:00,
18994,2023-07-18 01:30:00,
18995,2023-07-18 01:45:00,
18996,2023-07-18 02:00:00,
18997,2023-07-18 02:15:00,
18998,2023-07-18 02:30:00,
18999,2023-07-18 02:45:00,
19000,2023-07-18 03:00:00,
19001,2023-07-18 03:15:00,
19002,2023-07-18 03:30:00,
19003,2023-07-18 03:45:00,
19004,2023-07-18 04:00:00,
19005,2023-07-18 04:15:00,
19006,2023-07-18 04:30:00,
19007,2023-07-18 04:45:00,
19008,2023-07-18 05:00:00,
19009,2023-07-18 05:15:00,
19010,2023-07-18 05:30:00,
19011,2023-07-18 05:45:00,
19012,2023-07-18 06:00:00,
19013,2023-07-18 06:15:00,
19014,2023-07-18 06:30:00,
19015,2023-07-18 06:45:00,
19016,2023-07-18 07:00:00,
19017,2023-07-18 07:15:00,
19018,2023-07-18 07:30:00,
19019,2023-07-18 07:45:00,
19020,2023-07-18 08:00:00,
19021,2023-07-18 08:15:00,
19022,2023-07-18 08:30:00,
19023,2023-07-18 08:45:00,
19024,2023-07-18 09:00:00,
19025,2023-07-18 09:15:00,
19026,2023-07-18 09:30:00,
19027,2023-07-18 09:45:00,
19028,2023-07-18 10:00:00,
19029,2023-07-18 10:15:00,
19030,2023-07-18 10:30:00,
19031,2023-07-18 10:45:00,
19032,2023-07-18 11:00:00,
19033,2023-07-18 11:15:00,
19034,2023-07-18 11:30:00,
19035,2023-07-18 11:45:00,
19036,2023-07-18 12:00:00,
19037,2023-07-18 12:15:00,
19038,2023-07-18 12:30:00,
19039,2023-07-18 12:45:00,
19040,2023-07-18 13:00:00,
19041,2023-07-18 13:15:00,
19042,2023-07-18 13:30:00,
19043,2023-07-18 13:45:00,
19044,2023-07-18 14:00:00,
19045,2023-07-18 14:15:00,
19046,2023-07-18 14:30:00,
19047,2023-07-18 14:45:00,
19048,2023-07-18 15:00:00,
19049,2023-07-18 15:15:00,
19050,2023-07-18 15:30:00,
19051,2023-07-18 15:45:00,
19052,2023-07-18 16:00:00,
19053,2023-07-18 16:15:00,
19054,2023-07-18 16:30:00,
19055,2023-07-18 16:45:00,
19056,2023-07-18 17:00:00,
19057,2023-07-18 17:15:00,
19058,2023-07-18 17:30:00,
19059,2023-07-18 17:45:00,
19060,2023-07-18 18:00:00,
19061,2023-07-18 18:15:00,
19062,2023-07-18 18:30:00,
19063,2023-07-18 18:45:00,
19064,2023-07-18 19:00:00,
19065,2023-07-18 19:15:00,
19066,2023-07-18 19:30:00,
19067,2023-07-18 19:45:00,
19068,2023-07-18 20:00:00,
19069,2023-07-18 20:15:00,
19070,2023-07-18 20:30:00,
19071,2023-07-18 20:45:00,
19072,2023-07-18 21:00:00,
19073,2023-07-18 21:15:00,
19074,2023-07-18 21:30:00,
19075,2023-07-18 21:45:00,
19076,2023-07-18 22:00:00,
19077,2023-07-18 22:15:00,
19078,2023-07-18 22:30:00,
19079,2023-07-18 22:45:00,
19080,2023-07-18 23:00:00,
19081,2023-07-18 23:15:00,
19082,2023-07-18 23:30:00,
19083,2023-07-18 23:45:00,
19084,2023-07-19 00:00:00,
19085,2023-07-19 00:15:00,
19086,2023-07-19 00:30:00,
19087,2023-07-19 00:45:00,
19088,2023-07-19 01:00:00,
19089,2023-07-19 01:15:00,
19090,2023-07-19 01:30:00,
19091,2023-07-19 01:45:00,
19092,2023-07-19 02:00:00,
19093,2023-07-19 02:15:00,
19094,2023-07-19 02:30:00,
19095,2023-07-19 02:45:00,
19096,2023-07-19 03:00:00,
19097,2023-07-19 03:15:00,
19098,2023-07-19 03:30:00,
19099,2023-07-19 03:45:00,
19100,2023-07-19 04:00:00,
19101,2023-07-19 04:15:00,
19102,2023-07-19 04:30:00,
19103,2023-07-19 04:45:00,
19104,2023-07-19 05:00:00,
19105,2023-07-19 05:15:00,
19106,2023-07-19 05:30:00,
19107,2023-07-19 05:45:00,
19108,2023-07-19 06:00:00,
19109,2023-07-19 06:15:00,
19110,2023-07-19 06:30:00,
19111,2023-07-19 06:45:00,
19112,2023-07-19 07:00:00,
19113,2023-07-19 07:15:00,
19114,2023-07-19 07:30:00,
19115,2023-07-19 07:45:00,
19116,2023-07-19 08:00:00,
19117,2023-07-19 08:15:00,
19118,2023-07-19 08:30:00,
19119,2023-07-19 08:45:00,
19120,2023-07-19 09:00:00,
19121,2023-07-19 09:15:00,
19122,2023-07-19 09:30:00,
19123,2023-07-19 09:45:00,
19124,2023-07-19 10:00:00,
19125,2023-07-19 10:15:00,
19126,2023-07-19 10:30:00,
19127,2023-07-19 10:45:00,
19128,2023-07-19 11:00:00,
19129,2023-07-19 11:15:00,
19130,2023-07-19 11:30:00,
19131,2023-07-19 11:45:00,
19132,2023-07-19 12:00:00,
19133,2023-07-19 12:15:00,
19134,2023-07-19 12:30:00,
19135,2023-07-19 12:45:00,
19136,2023-07-19 13:00:00,
19137,2023-07-19 13:15:00,
19138,2023-07-19 13:30:00,
19139,2023-07-19 13:45:00,
19140,2023-07-19 14:00:00,
19141,2023-07-19 14:15:00,
19142,2023-07-19 14:30:00,
19143,2023-07-19 14:45:00,
19144,2023-07-19 15:00:00,
19145,2023-07-19 15:15:00,
19146,2023-07-19 15:30:00,
19147,2023-07-19 15:45:00,
19148,2023-07-19 16:00:00,
19149,2023-07-19 16:15:00,
19150,2023-07-19 16:30:00,
19151,2023-07-19 16:45:00,
19152,2023-07-19 17:00:00,
19153,2023-07-19 17:15:00,
19154,2023-07-19 17:30:00,
19155,2023-07-19 17:45:00,
19156,2023-07-19 18:00:00,
19157,2023-07-19 18:15:00,
19158,2023-07-19 18:30:00,
19159,2023-07-19 18:45:00,
19160,2023-07-19 19:00:00,
19161,2023-07-19 19:15:00,
19162,2023-07-19 19:30:00,
19163,2023-07-19 19:45:00,
19164,2023-07-19 20:00:00,
19165,2023-07-19 20:15:00,
19166,2023-07-19 20:30:00,
19167,2023-07-19 20:45:00,
19168,2023-07-19 21:00:00,
19169,2023-07-19 21:15:00,
19170,2023-07-19 21:30:00,
19171,2023-07-19 21:45:00,
19172,2023-07-19 22:00:00,
19173,2023-07-19 22:15:00,
19174,2023-07-19 22:30:00,
19175,2023-07-19 22:45:00,
19176,2023-07-19 23:00:00,
19177,2023-07-19 23:15:00,
19178,2023-07-19 23:30:00,
19179,2023-07-19 23:45:00,
19180,2023-07-20 00:00:00,
19181,2023-07-20 00:15:00,
19182,2023-07-20 00:30:00,
19183,2023-07-20 00:45:00,
19184,2023-07-20 01:00:00,
19185,2023-07-20 01:15:00,
19186,2023-07-20 01:30:00,
19187,2023-07-20 01:45:00,
19188,2023-07-20 02:00:00,
19189,2023-07-20 02:15:00,
19190,2023-07-20 02:30:00,
19191,2023-07-20 02:45:00,
19192,2023-07-20 03:00:00,
19193,2023-07-20 03:15:00,
19194,2023-07-20 03:30:00,
19195,2023-07-20 03:45:00,
19196,2023-07-20 04:00:00,
19197,2023-07-20 04:15:00,
19198,2023-07-20 04:30:00,
19199,2023-07-20 04:45:00,
19200,2023-07-20 05:00:00,
19201,2023-07-20 05:15:00,
19202,2023-07-20 05:30:00,
19203,2023-07-20 05:45:00,
19204,2023-07-20 06:00:00,
19205,2023-07-20 06:15:00,
19206,2023-07-20 06:30:00,
19207,2023-07-20 06:45:00,
19208,2023-07-20 07:00:00,
19209,2023-07-20 07:15:00,
19210,2023-07-20 07:30:00,
19211,2023-07-20 07:45:00,
19212,2023-07-20 08:00:00,
19213,2023-07-20 08:15:00,
19214,2023-07-20 08:30:00,
19215,2023-07-20 08:45:00,
19216,2023-07-20 09:00:00,
19217,2023-07-20 09:15:00,
19218,2023-07-20 09:30:00,
19219,2023-07-20 09:45:00,
19220,2023-07-20 10:00:00,
19221,2023-07-20 10:15:00,
19222,2023-07-20 10:30:00,
19223,2023-07-20 10:45:00,
19224,2023-07-20 11:00:00,
19225,2023-07-20 11:15:00,
19226,2023-07-20 11:30:00,
19227,2023-07-20 11:45:00,
19228,2023-07-20 12:00:00,
19229,2023-07-20 12:15:00,
19230,2023-07-20 12:30:00,
19231,2023-07-20 12:45:00,
19232,2023-07-20 13:00:00,
19233,2023-07-20 13:15:00,
19234,2023-07-20 13:30:00,
19235,2023-07-20 13:45:00,
19236,2023-07-20 14:00:00,
19237,2023-07-20 14:15:00,
19238,2023-07-20 14:30:00,
19239,2023-07-20 14:45:00,
19240,2023-07-20 15:00:00,
19241,2023-07-20 15:15:00,
19242,2023-07-20 15:30:00,
19243,2023-07-20 15:45:00,
19244,2023-07-20 16:00:00,
19245,2023-07-20 16:15:00,
19246,2023-07-20 16:30:00,
19247,2023-07-20 16:45:00,
19248,2023-07-20 17:00:00,
19249,2023-07-20 17:15:00,
19250,2023-07-20 17:30:00,
19251,2023-07-20 17:45:00,
19252,2023-07-20 18:00:00,
19253,2023-07-20 18:15:00,
19254,2023-07-20 18:30:00,
19255,2023-07-20 18:45:00,
19256,2023-07-20 19:00:00,
19257,2023-07-20 19:15:00,
19258,2023-07-20 19:30:00,
19259,2023-07-20 19:45:00,
19260,2023-07-20 20:00:00,
19261,2023-07-20 20:15:00,
19262,2023-07-20 20:30:00,
19263,2023-07-20 20:45:00,
19264,2023-07-20 21:00:00,
19265,2023-07-20 21:15:00,
19266,2023-07-20 21:30:00,
19267,2023-07-20 21:45:00,
19268,2023-07-20 22:00:00,
19269,2023-07-20 22:15:00,
19270,2023-07-20 22:30:00,
19271,2023-07-20 22:45:00,
19272,2023-07-20 23:00:00,
19273,2023-07-20 23:15:00,
19274,2023-07-20 23:30:00,
19275,2023-07-20 23:45:00,
19276,2023-07-21 00:00:00,
19277,2023-07-21 00:15:00,
19278,2023-07-21 00:30:00,
19279,2023-07-21 00:45:00,
19280,2023-07-21 01:00:00,
19281,2023-07-21 01:15:00,
19282,2023-07-21 01:30:00,
19283,2023-07-21 01:45:00,
19284,2023-07-21 02:00:00,
19285,2023-07-21 02:15:00,
19286,2023-07-21 02:30:00,
19287,2023-07-21 02:45:00,
19288,2023-07-21 03:00:00,
19289,2023-07-21 03:15:00,
19290,2023-07-21 03:30:00,
19291,2023-07-21 03:45:00,
19292,2023-07-21 04:00:00,
19293,2023-07-21 04:15:00,
19294,2023-07-21 04:30:00,
19295,2023-07-21 04:45:00,
19296,2023-07-21 05:00:00,
19297,2023-07-21 05:15:00,
19298,2023-07-21 05:30:00,
19299,2023-07-21 05:45:00,
19300,2023-07-21 06:00:00,
19301,2023-07-21 06:15:00,
19302,2023-07-21 06:30:00,
19303,2023-07-21 06:45:00,
19304,2023-07-21 07:00:00,
19305,2023-07-21 07:15:00,
19306,2023-07-21 07:30:00,
19307,2023-07-21 07:45:00,
19308,2023-07-21 08:00:00,
19309,2023-07-21 08:15:00,
19310,2023-07-21 08:30:00,
19311,2023-07-21 08:45:00,
19312,2023-07-21 09:00:00,
19313,2023-07-21 09:15:00,
19314,2023-07-21 09:30:00,
19315,2023-07-21 09:45:00,
19316,2023-07-21 10:00:00,
19317,2023-07-21 10:15:00,
19318,2023-07-21 10:30:00,
19319,2023-07-21 10:45:00,
19320,2023-07-21 11:00:00,
19321,2023-07-21 11:15:00,
19322,2023-07-21 11:30:00,
19323,2023-07-21 11:45:00,
19324,2023-07-21 12:00:00,
19325,2023-07-21 12:15:00,
19326,2023-07-21 12:30:00,
19327,2023-07-21 12:45:00,
19328,2023-07-21 13:00:00,
19329,2023-07-21 13:15:00,
19330,2023-07-21 13:30:00,
19331,2023-07-21 13:45:00,
19332,2023-07-21 14:00:00,
19333,2023-07-21 14:15:00,
19334,2023-07-21 14:30:00,
19335,2023-07-21 14:45:00,
19336,2023-07-21 15:00:00,
19337,2023-07-21 15:15:00,
19338,2023-07-21 15:30:00,
19339,2023-07-21 15:45:00,
19340,2023-07-21 16:00:00,
19341,2023-07-21 16:15:00,
19342,2023-07-21 16:30:00,
19343,2023-07-21 16:45:00,
19344,2023-07-21 17:00:00,
19345,2023-07-21 17:15:00,
19346,2023-07-21 17:30:00,
19347,2023-07-21 17:45:00,
19348,2023-07-21 18:00:00,
19349,2023-07-21 18:15:00,
19350,2023-07-21 18:30:00,
19351,2023-07-21 18:45:00,
19352,2023-07-21 19:00:00,
19353,2023-07-21 19:15:00,
19354,2023-07-21 19:30:00,
19355,2023-07-21 19:45:00,
19356,2023-07-21 20:00:00,
19357,2023-07-21 20:15:00,
19358,2023-07-21 20:30:00,
19359,2023-07-21 20:45:00,
19360,2023-07-21 21:00:00,
19361,2023-07-21 21:15:00,
19362,2023-07-21 21:30:00,
19363,2023-07-21 21:45:00,
19364,2023-07-21 22:00:00,
19365,2023-07-21 22:15:00,
19366,2023-07-21 22:30:00,
19367,2023-07-21 22:45:00,
19368,2023-07-21 23:00:00,
19369,2023-07-21 23:15:00,
19370,2023-07-21 23:30:00,
19371,2023-07-21 23:45:00,
19372,2023-07-22 00:00:00,
19373,2023-07-22 00:15:00,
19374,2023-07-22 00:30:00,
19375,2023-07-22 00:45:00,
19376,2023-07-22 01:00:00,
19377,2023-07-22 01:15:00,
19378,2023-07-22 01:30:00,
19379,2023-07-22 01:45:00,
19380,2023-07-22 02:00:00,
19381,2023-07-22 02:15:00,
19382,2023-07-22 02:30:00,
19383,2023-07-22 02:45:00,
19384,2023-07-22 03:00:00,
19385,2023-07-22 03:15:00,
19386,2023-07-22 03:30:00,
19387,2023-07-22 03:45:00,
19388,2023-07-22 04:00:00,
19389,2023-07-22 04:15:00,
19390,2023-07-22 04:30:00,
19391,2023-07-22 04:45:00,
19392,2023-07-22 05:00:00,
19393,2023-07-22 05:15:00,
19394,2023-07-22 05:30:00,
19395,2023-07-22 05:45:00,
19396,2023-07-22 06:00:00,
19397,2023-07-22 06:15:00,
19398,2023-07-22 06:30:00,
19399,2023-07-22 06:45:00,
19400,2023-07-22 07:00:00,
19401,2023-07-22 07:15:00,
19402,2023-07-22 07:30:00,
19403,2023-07-22 07:45:00,
19404,2023-07-22 08:00:00,
19405,2023-07-22 08:15:00,
19406,2023-07-22 08:30:00,
19407,2023-07-22 08:45:00,
19408,2023-07-22 09:00:00,
19409,2023-07-22 09:15:00,
19410,2023-07-22 09:30:00,
19411,2023-07-22 09:45:00,
19412,2023-07-22 10:00:00,
19413,2023-07-22 10:15:00,
19414,2023-07-22 10:30:00,
19415,2023-07-22 10:45:00,
19416,2023-07-22 11:00:00,
19417,2023-07-22 11:15:00,
19418,2023-07-22 11:30:00,
19419,2023-07-22 11:45:00,
19420,2023-07-22 12:00:00,
19421,2023-07-22 12:15:00,
19422,2023-07-22 12:30:00,
19423,2023-07-22 12:45:00,
19424,2023-07-22 13:00:00,
19425,2023-07-22 13:15:00,
19426,2023-07-22 13:30:00,
19427,2023-07-22 13:45:00,
19428,2023-07-22 14:00:00,
19429,2023-07-22 14:15:00,
19430,2023-07-22 14:30:00,
19431,2023-07-22 14:45:00,
19432,2023-07-22 15:00:00,
19433,2023-07-22 15:15:00,
19434,2023-07-22 15:30:00,
19435,2023-07-22 15:45:00,
19436,2023-07-22 16:00:00,
19437,2023-07-22 16:15:00,
19438,2023-07-22 16:30:00,
19439,2023-07-22 16:45:00,
19440,2023-07-22 17:00:00,
19441,2023-07-22 17:15:00,
19442,2023-07-22 17:30:00,
19443,2023-07-22 17:45:00,
19444,2023-07-22 18:00:00,
19445,2023-07-22 18:15:00,
19446,2023-07-22 18:30:00,
19447,2023-07-22 18:45:00,
19448,2023-07-22 19:00:00,
19449,2023-07-22 19:15:00,
19450,2023-07-22 19:30:00,
19451,2023-07-22 19:45:00,
19452,2023-07-22 20:00:00,
19453,2023-07-22 20:15:00,
19454,2023-07-22 20:30:00,
19455,2023-07-22 20:45:00,
19456,2023-07-22 21:00:00,
19457,2023-07-22 21:15:00,
19458,2023-07-22 21:30:00,
19459,2023-07-22 21:45:00,
19460,2023-07-22 22:00:00,
19461,2023-07-22 22:15:00,
19462,2023-07-22 22:30:00,
19463,2023-07-22 22:45:00,
19464,2023-07-22 23:00:00,
19465,2023-07-22 23:15:00,
19466,2023-07-22 23:30:00,
19467,2023-07-22 23:45:00,
19468,2023-07-23 00:00:00,
19469,2023-07-23 00:15:00,
19470,2023-07-23 00:30:00,
19471,2023-07-23 00:45:00,
19472,2023-07-23 01:00:00,
19473,2023-07-23 01:15:00,
19474,2023-07-23 01:30:00,
19475,2023-07-23 01:45:00,
19476,2023-07-23 02:00:00,
19477,2023-07-23 02:15:00,
19478,2023-07-23 02:30:00,
19479,2023-07-23 02:45:00,
19480,2023-07-23 03:00:00,
19481,2023-07-23 03:15:00,
19482,2023-07-23 03:30:00,
19483,2023-07-23 03:45:00,
19484,2023-07-23 04:00:00,
19485,2023-07-23 04:15:00,
19486,2023-07-23 04:30:00,
19487,2023-07-23 04:45:00,
19488,2023-07-23 05:00:00,
19489,2023-07-23 05:15:00,
19490,2023-07-23 05:30:00,
19491,2023-07-23 05:45:00,
19492,2023-07-23 06:00:00,
19493,2023-07-23 06:15:00,
19494,2023-07-23 06:30:00,
19495,2023-07-23 06:45:00,
19496,2023-07-23 07:00:00,
19497,2023-07-23 07:15:00,
19498,2023-07-23 07:30:00,
19499,2023-07-23 07:45:00,
19500,2023-07-23 08:00:00,
19501,2023-07-23 08:15:00,
19502,2023-07-23 08:30:00,
19503,2023-07-23 08:45:00,
19504,2023-07-23 09:00:00,
19505,2023-07-23 09:15:00,
19506,2023-07-23 09:30:00,
19507,2023-07-23 09:45:00,
19508,2023-07-23 10:00:00,
19509,2023-07-23 10:15:00,
19510,2023-07-23 10:30:00,
19511,2023-07-23 10:45:00,
19512,2023-07-23 11:00:00,
19513,2023-07-23 11:15:00,
19514,2023-07-23 11:30:00,
19515,2023-07-23 11:45:00,
19516,2023-07-23 12:00:00,
19517,2023-07-23 12:15:00,
19518,2023-07-23 12:30:00,
19519,2023-07-23 12:45:00,
19520,2023-07-23 13:00:00,
19521,2023-07-23 13:15:00,
19522,2023-07-23 13:30:00,
19523,2023-07-23 13:45:00,
19524,2023-07-23 14:00:00,
19525,2023-07-23 14:15:00,
19526,2023-07-23 14:30:00,
19527,2023-07-23 14:45:00,
19528,2023-07-23 15:00:00,
19529,2023-07-23 15:15:00,
19530,2023-07-23 15:30:00,
19531,2023-07-23 15:45:00,
19532,2023-07-23 16:00:00,
19533,2023-07-23 16:15:00,
19534,2023-07-23 16:30:00,
19535,2023-07-23 16:45:00,
19536,2023-07-23 17:00:00,
19537,2023-07-23 17:15:00,
19538,2023-07-23 17:30:00,
19539,2023-07-23 17:45:00,
19540,2023-07-23 18:00:00,
19541,2023-07-23 18:15:00,
19542,2023-07-23 18:30:00,
19543,2023-07-23 18:45:00,
19544,2023-07-23 19:00:00,
19545,2023-07-23 19:15:00,
19546,2023-07-23 19:30:00,
19547,2023-07-23 19:45:00,
19548,2023-07-23 20:00:00,
19549,2023-07-23 20:15:00,
19550,2023-07-23 20:30:00,
19551,2023-07-23 20:45:00,
19552,2023-07-23 21:00:00,
19553,2023-07-23 21:15:00,
19554,2023-07-23 21:30:00,
19555,2023-07-23 21:45:00,
19556,2023-07-23 22:00:00,
19557,2023-07-23 22:15:00,
19558,2023-07-23 22:30:00,
19559,2023-07-23 22:45:00,
19560,2023-07-23 23:00:00,
19561,2023-07-23 23:15:00,
19562,2023-07-23 23:30:00,
19563,2023-07-23 23:45:00,
19564,2023-07-24 00:00:00,
19565,2023-07-24 00:15:00,
19566,2023-07-24 00:30:00,
19567,2023-07-24 00:45:00,
19568,2023-07-24 01:00:00,
19569,2023-07-24 01:15:00,
19570,2023-07-24 01:30:00,
19571,2023-07-24 01:45:00,
19572,2023-07-24 02:00:00,
19573,2023-07-24 02:15:00,
19574,2023-07-24 02:30:00,
19575,2023-07-24 02:45:00,
19576,2023-07-24 03:00:00,
19577,2023-07-24 03:15:00,
19578,2023-07-24 03:30:00,
19579,2023-07-24 03:45:00,
19580,2023-07-24 04:00:00,
19581,2023-07-24 04:15:00,
19582,2023-07-24 04:30:00,
19583,2023-07-24 04:45:00,
19584,2023-07-24 05:00:00,
19585,2023-07-24 05:15:00,
19586,2023-07-24 05:30:00,
19587,2023-07-24 05:45:00,
19588,2023-07-24 06:00:00,
19589,2023-07-24 06:15:00,
19590,2023-07-24 06:30:00,
19591,2023-07-24 06:45:00,
19592,2023-07-24 07:00:00,
19593,2023-07-24 07:15:00,
19594,2023-07-24 07:30:00,
19595,2023-07-24 07:45:00,
19596,2023-07-24 08:00:00,
19597,2023-07-24 08:15:00,
19598,2023-07-24 08:30:00,
19599,2023-07-24 08:45:00,
19600,2023-07-24 09:00:00,
19601,2023-07-24 09:15:00,
19602,2023-07-24 09:30:00,
19603,2023-07-24 09:45:00,
19604,2023-07-24 10:00:00,
19605,2023-07-24 10:15:00,
19606,2023-07-24 10:30:00,
19607,2023-07-24 10:45:00,
19608,2023-07-24 11:00:00,
19609,2023-07-24 11:15:00,
19610,2023-07-24 11:30:00,
19611,2023-07-24 11:45:00,
19612,2023-07-24 12:00:00,
19613,2023-07-24 12:15:00,
19614,2023-07-24 12:30:00,
19615,2023-07-24 12:45:00,
19616,2023-07-24 13:00:00,
19617,2023-07-24 13:15:00,
19618,2023-07-24 13:30:00,
19619,2023-07-24 13:45:00,
19620,2023-07-24 14:00:00,
19621,2023-07-24 14:15:00,
19622,2023-07-24 14:30:00,
19623,2023-07-24 14:45:00,
19624,2023-07-24 15:00:00,
19625,2023-07-24 15:15:00,
19626,2023-07-24 15:30:00,
19627,2023-07-24 15:45:00,
19628,2023-07-24 16:00:00,
19629,2023-07-24 16:15:00,
19630,2023-07-24 16:30:00,
19631,2023-07-24 16:45:00,
19632,2023-07-24 17:00:00,
19633,2023-07-24 17:15:00,
19634,2023-07-24 17:30:00,
19635,2023-07-24 17:45:00,
19636,2023-07-24 18:00:00,
19637,2023-07-24 18:15:00,
19638,2023-07-24 18:30:00,
19639,2023-07-24 18:45:00,
19640,2023-07-24 19:00:00,
19641,2023-07-24 19:15:00,
19642,2023-07-24 19:30:00,
19643,2023-07-24 19:45:00,
19644,2023-07-24 20:00:00,
19645,2023-07-24 20:15:00,
19646,2023-07-24 20:30:00,
19647,2023-07-24 20:45:00,
19648,2023-07-24 21:00:00,
19649,2023-07-24 21:15:00,
19650,2023-07-24 21:30:00,
19651,2023-07-24 21:45:00,
19652,2023-07-24 22:00:00,
19653,2023-07-24 22:15:00,
19654,2023-07-24 22:30:00,
19655,2023-07-24 22:45:00,
19656,2023-07-24 23:00:00,
19657,2023-07-24 23:15:00,
19658,2023-07-24 23:30:00,
19659,2023-07-24 23:45:00,
19660,2023-07-25 00:00:00,
19661,2023-07-25 00:15:00,
19662,2023-07-25 00:30:00,
19663,2023-07-25 00:45:00,
19664,2023-07-25 01:00:00,
19665,2023-07-25 01:15:00,
19666,2023-07-25 01:30:00,
19667,2023-07-25 01:45:00,
19668,2023-07-25 02:00:00,
19669,2023-07-25 02:15:00,
19670,2023-07-25 02:30:00,
19671,2023-07-25 02:45:00,
19672,2023-07-25 03:00:00,
19673,2023-07-25 03:15:00,
19674,2023-07-25 03:30:00,
19675,2023-07-25 03:45:00,
19676,2023-07-25 04:00:00,
19677,2023-07-25 04:15:00,
19678,2023-07-25 04:30:00,
19679,2023-07-25 04:45:00,
19680,2023-07-25 05:00:00,
19681,2023-07-25 05:15:00,
19682,2023-07-25 05:30:00,
19683,2023-07-25 05:45:00,
19684,2023-07-25 06:00:00,
19685,2023-07-25 06:15:00,
19686,2023-07-25 06:30:00,
19687,2023-07-25 06:45:00,
19688,2023-07-25 07:00:00,
19689,2023-07-25 07:15:00,
19690,2023-07-25 07:30:00,
19691,2023-07-25 07:45:00,
19692,2023-07-25 08:00:00,
19693,2023-07-25 08:15:00,
19694,2023-07-25 08:30:00,
19695,2023-07-25 08:45:00,
19696,2023-07-25 09:00:00,
19697,2023-07-25 09:15:00,
19698,2023-07-25 09:30:00,
19699,2023-07-25 09:45:00,
19700,2023-07-25 10:00:00,
19701,2023-07-25 10:15:00,
19702,2023-07-25 10:30:00,
19703,2023-07-25 10:45:00,
19704,2023-07-25 11:00:00,
19705,2023-07-25 11:15:00,
19706,2023-07-25 11:30:00,
19707,2023-07-25 11:45:00,
19708,2023-07-25 12:00:00,
19709,2023-07-25 12:15:00,
19710,2023-07-25 12:30:00,
19711,2023-07-25 12:45:00,
19712,2023-07-25 13:00:00,
19713,2023-07-25 13:15:00,
19714,2023-07-25 13:30:00,
19715,2023-07-25 13:45:00,
19716,2023-07-25 14:00:00,
19717,2023-07-25 14:15:00,
19718,2023-07-25 14:30:00,
19719,2023-07-25 14:45:00,
19720,2023-07-25 15:00:00,
19721,2023-07-25 15:15:00,
19722,2023-07-25 15:30:00,
19723,2023-07-25 15:45:00,
19724,2023-07-25 16:00:00,
19725,2023-07-25 16:15:00,
19726,2023-07-25 16:30:00,
19727,2023-07-25 16:45:00,
19728,2023-07-25 17:00:00,
19729,2023-07-25 17:15:00,
19730,2023-07-25 17:30:00,
19731,2023-07-25 17:45:00,
19732,2023-07-25 18:00:00,
19733,2023-07-25 18:15:00,
19734,2023-07-25 18:30:00,
19735,2023-07-25 18:45:00,
19736,2023-07-25 19:00:00,
19737,2023-07-25 19:15:00,
19738,2023-07-25 19:30:00,
19739,2023-07-25 19:45:00,
19740,2023-07-25 20:00:00,
19741,2023-07-25 20:15:00,
19742,2023-07-25 20:30:00,
19743,2023-07-25 20:45:00,
19744,2023-07-25 21:00:00,
19745,2023-07-25 21:15:00,
19746,2023-07-25 21:30:00,
19747,2023-07-25 21:45:00,
19748,2023-07-25 22:00:00,
19749,2023-07-25 22:15:00,
19750,2023-07-25 22:30:00,
19751,2023-07-25 22:45:00,
19752,2023-07-25 23:00:00,
19753,2023-07-25 23:15:00,
19754,2023-07-25 23:30:00,
19755,2023-07-25 23:45:00,
19756,2023-07-26 00:00:00,
19757,2023-07-26 00:15:00,
19758,2023-07-26 00:30:00,
19759,2023-07-26 00:45:00,
19760,2023-07-26 01:00:00,
19761,2023-07-26 01:15:00,
19762,2023-07-26 01:30:00,
19763,2023-07-26 01:45:00,
19764,2023-07-26 02:00:00,
19765,2023-07-26 02:15:00,
19766,2023-07-26 02:30:00,
19767,2023-07-26 02:45:00,
19768,2023-07-26 03:00:00,
19769,2023-07-26 03:15:00,
19770,2023-07-26 03:30:00,
19771,2023-07-26 03:45:00,
19772,2023-07-26 04:00:00,
19773,2023-07-26 04:15:00,
19774,2023-07-26 04:30:00,
19775,2023-07-26 04:45:00,
19776,2023-07-26 05:00:00,
19777,2023-07-26 05:15:00,
19778,2023-07-26 05:30:00,
19779,2023-07-26 05:45:00,
19780,2023-07-26 06:00:00,
19781,2023-07-26 06:15:00,
19782,2023-07-26 06:30:00,
19783,2023-07-26 06:45:00,
19784,2023-07-26 07:00:00,
19785,2023-07-26 07:15:00,
19786,2023-07-26 07:30:00,
19787,2023-07-26 07:45:00,
19788,2023-07-26 08:00:00,
19789,2023-07-26 08:15:00,
19790,2023-07-26 08:30:00,
19791,2023-07-26 08:45:00,
19792,2023-07-26 09:00:00,
19793,2023-07-26 09:15:00,
19794,2023-07-26 09:30:00,
19795,2023-07-26 09:45:00,
19796,2023-07-26 10:00:00,
19797,2023-07-26 10:15:00,
19798,2023-07-26 10:30:00,
19799,2023-07-26 10:45:00,
19800,2023-07-26 11:00:00,
19801,2023-07-26 11:15:00,
19802,2023-07-26 11:30:00,
19803,2023-07-26 11:45:00,
19804,2023-07-26 12:00:00,
19805,2023-07-26 12:15:00,
19806,2023-07-26 12:30:00,
19807,2023-07-26 12:45:00,
19808,2023-07-26 13:00:00,
19809,2023-07-26 13:15:00,
19810,2023-07-26 13:30:00,
19811,2023-07-26 13:45:00,
19812,2023-07-26 14:00:00,
19813,2023-07-26 14:15:00,
19814,2023-07-26 14:30:00,
19815,2023-07-26 14:45:00,
19816,2023-07-26 15:00:00,
19817,2023-07-26 15:15:00,
19818,2023-07-26 15:30:00,
19819,2023-07-26 15:45:00,
19820,2023-07-26 16:00:00,
19821,2023-07-26 16:15:00,
19822,2023-07-26 16:30:00,
19823,2023-07-26 16:45:00,
19824,2023-07-26 17:00:00,
19825,2023-07-26 17:15:00,
19826,2023-07-26 17:30:00,
19827,2023-07-26 17:45:00,
19828,2023-07-26 18:00:00,
19829,2023-07-26 18:15:00,
19830,2023-07-26 18:30:00,
19831,2023-07-26 18:45:00,
19832,2023-07-26 19:00:00,
19833,2023-07-26 19:15:00,
19834,2023-07-26 19:30:00,
19835,2023-07-26 19:45:00,
19836,2023-07-26 20:00:00,
19837,2023-07-26 20:15:00,
19838,2023-07-26 20:30:00,
19839,2023-07-26 20:45:00,
19840,2023-07-26 21:00:00,
19841,2023-07-26 21:15:00,
19842,2023-07-26 21:30:00,
19843,2023-07-26 21:45:00,
19844,2023-07-26 22:00:00,
19845,2023-07-26 22:15:00,
19846,2023-07-26 22:30:00,
19847,2023-07-26 22:45:00,
19848,2023-07-26 23:00:00,
19849,2023-07-26 23:15:00,
19850,2023-07-26 23:30:00,
19851,2023-07-26 23:45:00,
19852,2023-07-27 00:00:00,
19853,2023-07-27 00:15:00,
19854,2023-07-27 00:30:00,
19855,2023-07-27 00:45:00,
19856,2023-07-27 01:00:00,
19857,2023-07-27 01:15:00,
19858,2023-07-27 01:30:00,
19859,2023-07-27 01:45:00,
19860,2023-07-27 02:00:00,
19861,2023-07-27 02:15:00,
19862,2023-07-27 02:30:00,
19863,2023-07-27 02:45:00,
19864,2023-07-27 03:00:00,
19865,2023-07-27 03:15:00,
19866,2023-07-27 03:30:00,
19867,2023-07-27 03:45:00,
19868,2023-07-27 04:00:00,
19869,2023-07-27 04:15:00,
19870,2023-07-27 04:30:00,
19871,2023-07-27 04:45:00,
19872,2023-07-27 05:00:00,
19873,2023-07-27 05:15:00,
19874,2023-07-27 05:30:00,
19875,2023-07-27 05:45:00,
19876,2023-07-27 06:00:00,
19877,2023-07-27 06:15:00,
19878,2023-07-27 06:30:00,
19879,2023-07-27 06:45:00,
19880,2023-07-27 07:00:00,
19881,2023-07-27 07:15:00,
19882,2023-07-27 07:30:00,
19883,2023-07-27 07:45:00,
19884,2023-07-27 08:00:00,
19885,2023-07-27 08:15:00,
19886,2023-07-27 08:30:00,
19887,2023-07-27 08:45:00,
19888,2023-07-27 09:00:00,
19889,2023-07-27 09:15:00,
19890,2023-07-27 09:30:00,
19891,2023-07-27 09:45:00,
19892,2023-07-27 10:00:00,
19893,2023-07-27 10:15:00,
19894,2023-07-27 10:30:00,
19895,2023-07-27 10:45:00,
19896,2023-07-27 11:00:00,
19897,2023-07-27 11:15:00,
19898,2023-07-27 11:30:00,
19899,2023-07-27 11:45:00,
19900,2023-07-27 12:00:00,
19901,2023-07-27 12:15:00,
19902,2023-07-27 12:30:00,
19903,2023-07-27 12:45:00,
19904,2023-07-27 13:00:00,
19905,2023-07-27 13:15:00,
19906,2023-07-27 13:30:00,
19907,2023-07-27 13:45:00,
19908,2023-07-27 14:00:00,
19909,2023-07-27 14:15:00,
19910,2023-07-27 14:30:00,
19911,2023-07-27 14:45:00,
19912,2023-07-27 15:00:00,
19913,2023-07-27 15:15:00,
19914,2023-07-27 15:30:00,
19915,2023-07-27 15:45:00,
19916,2023-07-27 16:00:00,
19917,2023-07-27 16:15:00,
19918,2023-07-27 16:30:00,
19919,2023-07-27 16:45:00,
19920,2023-07-27 17:00:00,
19921,2023-07-27 17:15:00,
19922,2023-07-27 17:30:00,
19923,2023-07-27 17:45:00,
19924,2023-07-27 18:00:00,
19925,2023-07-27 18:15:00,
19926,2023-07-27 18:30:00,
19927,2023-07-27 18:45:00,
19928,2023-07-27 19:00:00,
19929,2023-07-27 19:15:00,
19930,2023-07-27 19:30:00,
19931,2023-07-27 19:45:00,
19932,2023-07-27 20:00:00,
19933,2023-07-27 20:15:00,
19934,2023-07-27 20:30:00,
19935,2023-07-27 20:45:00,
19936,2023-07-27 21:00:00,
19937,2023-07-27 21:15:00,
19938,2023-07-27 21:30:00,
19939,2023-07-27 21:45:00,
19940,2023-07-27 22:00:00,
19941,2023-07-27 22:15:00,
19942,2023-07-27 22:30:00,
19943,2023-07-27 22:45:00,
19944,2023-07-27 23:00:00,
19945,2023-07-27 23:15:00,
19946,2023-07-27 23:30:00,
19947,2023-07-27 23:45:00,
19948,2023-07-28 00:00:00,
19949,2023-07-28 00:15:00,
19950,2023-07-28 00:30:00,
19951,2023-07-28 00:45:00,
19952,2023-07-28 01:00:00,
19953,2023-07-28 01:15:00,
19954,2023-07-28 01:30:00,
19955,2023-07-28 01:45:00,
19956,2023-07-28 02:00:00,
19957,2023-07-28 02:15:00,
19958,2023-07-28 02:30:00,
19959,2023-07-28 02:45:00,
19960,2023-07-28 03:00:00,
19961,2023-07-28 03:15:00,
19962,2023-07-28 03:30:00,
19963,2023-07-28 03:45:00,
19964,2023-07-28 04:00:00,
19965,2023-07-28 04:15:00,
19966,2023-07-28 04:30:00,
19967,2023-07-28 04:45:00,
19968,2023-07-28 05:00:00,
19969,2023-07-28 05:15:00,
19970,2023-07-28 05:30:00,
19971,2023-07-28 05:45:00,
19972,2023-07-28 06:00:00,
19973,2023-07-28 06:15:00,
19974,2023-07-28 06:30:00,
19975,2023-07-28 06:45:00,
19976,2023-07-28 07:00:00,
19977,2023-07-28 07:15:00,
19978,2023-07-28 07:30:00,
19979,2023-07-28 07:45:00,
19980,2023-07-28 08:00:00,
19981,2023-07-28 08:15:00,
19982,2023-07-28 08:30:00,
19983,2023-07-28 08:45:00,
19984,2023-07-28 09:00:00,
19985,2023-07-28 09:15:00,
19986,2023-07-28 09:30:00,
19987,2023-07-28 09:45:00,
19988,2023-07-28 10:00:00,
19989,2023-07-28 10:15:00,
19990,2023-07-28 10:30:00,
19991,2023-07-28 10:45:00,
19992,2023-07-28 11:00:00,
19993,2023-07-28 11:15:00,
19994,2023-07-28 11:30:00,
19995,2023-07-28 11:45:00,
19996,2023-07-28 12:00:00,
19997,2023-07-28 12:15:00,
19998,2023-07-28 12:30:00,
19999,2023-07-28 12:45:00,
20000,2023-07-28 13:00:00,
20001,2023-07-28 13:15:00,
20002,2023-07-28 13:30:00,
20003,2023-07-28 13:45:00,
20004,2023-07-28 14:00:00,
20005,2023-07-28 14:15:00,
20006,2023-07-28 14:30:00,
20007,2023-07-28 14:45:00,
20008,2023-07-28 15:00:00,
20009,2023-07-28 15:15:00,
20010,2023-07-28 15:30:00,
20011,2023-07-28 15:45:00,
20012,2023-07-28 16:00:00,
20013,2023-07-28 16:15:00,
20014,2023-07-28 16:30:00,
20015,2023-07-28 16:45:00,
20016,2023-07-28 17:00:00,
20017,2023-07-28 17:15:00,
20018,2023-07-28 17:30:00,
20019,2023-07-28 17:45:00,
20020,2023-07-28 18:00:00,
20021,2023-07-28 18:15:00,
20022,2023-07-28 18:30:00,
20023,2023-07-28 18:45:00,
20024,2023-07-28 19:00:00,
20025,2023-07-28 19:15:00,
20026,2023-07-28 19:30:00,
20027,2023-07-28 19:45:00,
20028,2023-07-28 20:00:00,
20029,2023-07-28 20:15:00,
20030,2023-07-28 20:30:00,
20031,2023-07-28 20:45:00,
20032,2023-07-28 21:00:00,
20033,2023-07-28 21:15:00,
20034,2023-07-28 21:30:00,
20035,2023-07-28 21:45:00,
20036,2023-07-28 22:00:00,
20037,2023-07-28 22:15:00,
20038,2023-07-28 22:30:00,
20039,2023-07-28 22:45:00,
20040,2023-07-28 23:00:00,
20041,2023-07-28 23:15:00,
20042,2023-07-28 23:30:00,
20043,2023-07-28 23:45:00,
20044,2023-07-29 00:00:00,
20045,2023-07-29 00:15:00,
20046,2023-07-29 00:30:00,
20047,2023-07-29 00:45:00,
20048,2023-07-29 01:00:00,
20049,2023-07-29 01:15:00,
20050,2023-07-29 01:30:00,
20051,2023-07-29 01:45:00,
20052,2023-07-29 02:00:00,
20053,2023-07-29 02:15:00,
20054,2023-07-29 02:30:00,
20055,2023-07-29 02:45:00,
20056,2023-07-29 03:00:00,
20057,2023-07-29 03:15:00,
20058,2023-07-29 03:30:00,
20059,2023-07-29 03:45:00,
20060,2023-07-29 04:00:00,
20061,2023-07-29 04:15:00,
20062,2023-07-29 04:30:00,
20063,2023-07-29 04:45:00,
20064,2023-07-29 05:00:00,
20065,2023-07-29 05:15:00,
20066,2023-07-29 05:30:00,
20067,2023-07-29 05:45:00,
20068,2023-07-29 06:00:00,
20069,2023-07-29 06:15:00,
20070,2023-07-29 06:30:00,
20071,2023-07-29 06:45:00,
20072,2023-07-29 07:00:00,
20073,2023-07-29 07:15:00,
20074,2023-07-29 07:30:00,
20075,2023-07-29 07:45:00,
20076,2023-07-29 08:00:00,
20077,2023-07-29 08:15:00,
20078,2023-07-29 08:30:00,
20079,2023-07-29 08:45:00,
20080,2023-07-29 09:00:00,
20081,2023-07-29 09:15:00,
20082,2023-07-29 09:30:00,
20083,2023-07-29 09:45:00,
20084,2023-07-29 10:00:00,
20085,2023-07-29 10:15:00,
20086,2023-07-29 10:30:00,
20087,2023-07-29 10:45:00,
20088,2023-07-29 11:00:00,
20089,2023-07-29 11:15:00,
20090,2023-07-29 11:30:00,
20091,2023-07-29 11:45:00,
20092,2023-07-29 12:00:00,
20093,2023-07-29 12:15:00,
20094,2023-07-29 12:30:00,
20095,2023-07-29 12:45:00,
20096,2023-07-29 13:00:00,
20097,2023-07-29 13:15:00,
20098,2023-07-29 13:30:00,
20099,2023-07-29 13:45:00,
20100,2023-07-29 14:00:00,
20101,2023-07-29 14:15:00,
20102,2023-07-29 14:30:00,
20103,2023-07-29 14:45:00,
20104,2023-07-29 15:00:00,
20105,2023-07-29 15:15:00,
20106,2023-07-29 15:30:00,
20107,2023-07-29 15:45:00,
20108,2023-07-29 16:00:00,
20109,2023-07-29 16:15:00,
20110,2023-07-29 16:30:00,
20111,2023-07-29 16:45:00,
20112,2023-07-29 17:00:00,
20113,2023-07-29 17:15:00,
20114,2023-07-29 17:30:00,
20115,2023-07-29 17:45:00,
20116,2023-07-29 18:00:00,
20117,2023-07-29 18:15:00,
20118,2023-07-29 18:30:00,
20119,2023-07-29 18:45:00,
20120,2023-07-29 19:00:00,
20121,2023-07-29 19:15:00,
20122,2023-07-29 19:30:00,
20123,2023-07-29 19:45:00,
20124,2023-07-29 20:00:00,
20125,2023-07-29 20:15:00,
20126,2023-07-29 20:30:00,
20127,2023-07-29 20:45:00,
20128,2023-07-29 21:00:00,
20129,2023-07-29 21:15:00,
20130,2023-07-29 21:30:00,
20131,2023-07-29 21:45:00,
20132,2023-07-29 22:00:00,
20133,2023-07-29 22:15:00,
20134,2023-07-29 22:30:00,
20135,2023-07-29 22:45:00,
20136,2023-07-29 23:00:00,
20137,2023-07-29 23:15:00,
20138,2023-07-29 23:30:00,
20139,2023-07-29 23:45:00,
20140,2023-07-30 00:00:00,
20141,2023-07-30 00:15:00,
20142,2023-07-30 00:30:00,
20143,2023-07-30 00:45:00,
20144,2023-07-30 01:00:00,
20145,2023-07-30 01:15:00,
20146,2023-07-30 01:30:00,
20147,2023-07-30 01:45:00,
20148,2023-07-30 02:00:00,
20149,2023-07-30 02:15:00,
20150,2023-07-30 02:30:00,
20151,2023-07-30 02:45:00,
20152,2023-07-30 03:00:00,
20153,2023-07-30 03:15:00,
20154,2023-07-30 03:30:00,
20155,2023-07-30 03:45:00,
20156,2023-07-30 04:00:00,
20157,2023-07-30 04:15:00,
20158,2023-07-30 04:30:00,
20159,2023-07-30 04:45:00,
20160,2023-07-30 05:00:00,
20161,2023-07-30 05:15:00,
20162,2023-07-30 05:30:00,
20163,2023-07-30 05:45:00,
20164,2023-07-30 06:00:00,
20165,2023-07-30 06:15:00,
20166,2023-07-30 06:30:00,
20167,2023-07-30 06:45:00,
20168,2023-07-30 07:00:00,
20169,2023-07-30 07:15:00,
20170,2023-07-30 07:30:00,
20171,2023-07-30 07:45:00,
20172,2023-07-30 08:00:00,
20173,2023-07-30 08:15:00,
20174,2023-07-30 08:30:00,
20175,2023-07-30 08:45:00,
20176,2023-07-30 09:00:00,
20177,2023-07-30 09:15:00,
20178,2023-07-30 09:30:00,
20179,2023-07-30 09:45:00,
20180,2023-07-30 10:00:00,
20181,2023-07-30 10:15:00,
20182,2023-07-30 10:30:00,
20183,2023-07-30 10:45:00,
20184,2023-07-30 11:00:00,
20185,2023-07-30 11:15:00,
20186,2023-07-30 11:30:00,
20187,2023-07-30 11:45:00,
20188,2023-07-30 12:00:00,
20189,2023-07-30 12:15:00,
20190,2023-07-30 12:30:00,
20191,2023-07-30 12:45:00,
20192,2023-07-30 13:00:00,
20193,2023-07-30 13:15:00,
20194,2023-07-30 13:30:00,
20195,2023-07-30 13:45:00,
20196,2023-07-30 14:00:00,
20197,2023-07-30 14:15:00,
20198,2023-07-30 14:30:00,
20199,2023-07-30 14:45:00,
20200,2023-07-30 15:00:00,
20201,2023-07-30 15:15:00,
20202,2023-07-30 15:30:00,
20203,2023-07-30 15:45:00,
20204,2023-07-30 16:00:00,
20205,2023-07-30 16:15:00,
20206,2023-07-30 16:30:00,
20207,2023-07-30 16:45:00,
20208,2023-07-30 17:00:00,
20209,2023-07-30 17:15:00,
20210,2023-07-30 17:30:00,
20211,2023-07-30 17:45:00,
20212,2023-07-30 18:00:00,
20213,2023-07-30 18:15:00,
20214,2023-07-30 18:30:00,
20215,2023-07-30 18:45:00,
20216,2023-07-30 19:00:00,
20217,2023-07-30 19:15:00,
20218,2023-07-30 19:30:00,
20219,2023-07-30 19:45:00,
20220,2023-07-30 20:00:00,
20221,2023-07-30 20:15:00,
20222,2023-07-30 20:30:00,
20223,2023-07-30 20:45:00,
20224,2023-07-30 21:00:00,
20225,2023-07-30 21:15:00,
20226,2023-07-30 21:30:00,
20227,2023-07-30 21:45:00,
20228,2023-07-30 22:00:00,
20229,2023-07-30 22:15:00,
20230,2023-07-30 22:30:00,
20231,2023-07-30 22:45:00,
20232,2023-07-30 23:00:00,
20233,2023-07-30 23:15:00,
20234,2023-07-30 23:30:00,
20235,2023-07-30 23:45:00,
20236,2023-07-31 00:00:00,
20237,2023-07-31 00:15:00,
20238,2023-07-31 00:30:00,
20239,2023-07-31 00:45:00,
20240,2023-07-31 01:00:00,
20241,2023-07-31 01:15:00,
20242,2023-07-31 01:30:00,
20243,2023-07-31 01:45:00,
20244,2023-07-31 02:00:00,
20245,2023-07-31 02:15:00,
20246,2023-07-31 02:30:00,
20247,2023-07-31 02:45:00,
20248,2023-07-31 03:00:00,
20249,2023-07-31 03:15:00,
20250,2023-07-31 03:30:00,
20251,2023-07-31 03:45:00,
20252,2023-07-31 04:00:00,
20253,2023-07-31 04:15:00,
20254,2023-07-31 04:30:00,
20255,2023-07-31 04:45:00,
20256,2023-07-31 05:00:00,
20257,2023-07-31 05:15:00,
20258,2023-07-31 05:30:00,
20259,2023-07-31 05:45:00,
20260,2023-07-31 06:00:00,
20261,2023-07-31 06:15:00,
20262,2023-07-31 06:30:00,
20263,2023-07-31 06:45:00,
20264,2023-07-31 07:00:00,
20265,2023-07-31 07:15:00,
20266,2023-07-31 07:30:00,
20267,2023-07-31 07:45:00,
20268,2023-07-31 08:00:00,
20269,2023-07-31 08:15:00,
20270,2023-07-31 08:30:00,
20271,2023-07-31 08:45:00,
20272,2023-07-31 09:00:00,
20273,2023-07-31 09:15:00,
20274,2023-07-31 09:30:00,
20275,2023-07-31 09:45:00,
20276,2023-07-31 10:00:00,
20277,2023-07-31 10:15:00,
20278,2023-07-31 10:30:00,
20279,2023-07-31 10:45:00,
20280,2023-07-31 11:00:00,
20281,2023-07-31 11:15:00,
20282,2023-07-31 11:30:00,
20283,2023-07-31 11:45:00,
20284,2023-07-31 12:00:00,
20285,2023-07-31 12:15:00,
20286,2023-07-31 12:30:00,
20287,2023-07-31 12:45:00,
20288,2023-07-31 13:00:00,
20289,2023-07-31 13:15:00,
20290,2023-07-31 13:30:00,
20291,2023-07-31 13:45:00,
20292,2023-07-31 14:00:00,
20293,2023-07-31 14:15:00,
20294,2023-07-31 14:30:00,
20295,2023-07-31 14:45:00,
20296,2023-07-31 15:00:00,
20297,2023-07-31 15:15:00,
20298,2023-07-31 15:30:00,
20299,2023-07-31 15:45:00,
20300,2023-07-31 16:00:00,
20301,2023-07-31 16:15:00,
20302,2023-07-31 16:30:00,
20303,2023-07-31 16:45:00,
20304,2023-07-31 17:00:00,
20305,2023-07-31 17:15:00,
20306,2023-07-31 17:30:00,
20307,2023-07-31 17:45:00,
20308,2023-07-31 18:00:00,
20309,2023-07-31 18:15:00,
20310,2023-07-31 18:30:00,
20311,2023-07-31 18:45:00,
20312,2023-07-31 19:00:00,
20313,2023-07-31 19:15:00,
20314,2023-07-31 19:30:00,
20315,2023-07-31 19:45:00,
20316,2023-07-31 20:00:00,
20317,2023-07-31 20:15:00,
20318,2023-07-31 20:30:00,
20319,2023-07-31 20:45:00,
20320,2023-07-31 21:00:00,
20321,2023-07-31 21:15:00,
20322,2023-07-31 21:30:00,
20323,2023-07-31 21:45:00,
20324,2023-07-31 22:00:00,
20325,2023-07-31 22:15:00,
20326,2023-07-31 22:30:00,
20327,2023-07-31 22:45:00,
20328,2023-07-31 23:00:00,
20329,2023-07-31 23:15:00,
20330,2023-07-31 23:30:00,
20331,2023-07-31 23:45:00,
20332,2023-08-01 00:00:00,
20333,2023-08-01 00:15:00,
20334,2023-08-01 00:30:00,
20335,2023-08-01 00:45:00,
20336,2023-08-01 01:00:00,
20337,2023-08-01 01:15:00,
20338,2023-08-01 01:30:00,
20339,2023-08-01 01:45:00,
20340,2023-08-01 02:00:00,
20341,2023-08-01 02:15:00,
20342,2023-08-01 02:30:00,
20343,2023-08-01 02:45:00,
20344,2023-08-01 03:00:00,
20345,2023-08-01 03:15:00,
20346,2023-08-01 03:30:00,
20347,2023-08-01 03:45:00,
20348,2023-08-01 04:00:00,
20349,2023-08-01 04:15:00,
20350,2023-08-01 04:30:00,
20351,2023-08-01 04:45:00,
20352,2023-08-01 05:00:00,
20353,2023-08-01 05:15:00,
20354,2023-08-01 05:30:00,
20355,2023-08-01 05:45:00,
20356,2023-08-01 06:00:00,
20357,2023-08-01 06:15:00,
20358,2023-08-01 06:30:00,
20359,2023-08-01 06:45:00,
20360,2023-08-01 07:00:00,
20361,2023-08-01 07:15:00,
20362,2023-08-01 07:30:00,
20363,2023-08-01 07:45:00,
20364,2023-08-01 08:00:00,
20365,2023-08-01 08:15:00,
20366,2023-08-01 08:30:00,
20367,2023-08-01 08:45:00,
20368,2023-08-01 09:00:00,
20369,2023-08-01 09:15:00,
20370,2023-08-01 09:30:00,
20371,2023-08-01 09:45:00,
20372,2023-08-01 10:00:00,
20373,2023-08-01 10:15:00,
20374,2023-08-01 10:30:00,
20375,2023-08-01 10:45:00,
20376,2023-08-01 11:00:00,
20377,2023-08-01 11:15:00,
20378,2023-08-01 11:30:00,
20379,2023-08-01 11:45:00,
20380,2023-08-01 12:00:00,
20381,2023-08-01 12:15:00,
20382,2023-08-01 12:30:00,
20383,2023-08-01 12:45:00,
20384,2023-08-01 13:00:00,
20385,2023-08-01 13:15:00,
20386,2023-08-01 13:30:00,
20387,2023-08-01 13:45:00,
20388,2023-08-01 14:00:00,
20389,2023-08-01 14:15:00,
20390,2023-08-01 14:30:00,
20391,2023-08-01 14:45:00,
20392,2023-08-01 15:00:00,
20393,2023-08-01 15:15:00,
20394,2023-08-01 15:30:00,
20395,2023-08-01 15:45:00,
20396,2023-08-01 16:00:00,
20397,2023-08-01 16:15:00,
20398,2023-08-01 16:30:00,
20399,2023-08-01 16:45:00,
20400,2023-08-01 17:00:00,
20401,2023-08-01 17:15:00,
20402,2023-08-01 17:30:00,
20403,2023-08-01 17:45:00,
20404,2023-08-01 18:00:00,
20405,2023-08-01 18:15:00,
20406,2023-08-01 18:30:00,
20407,2023-08-01 18:45:00,
20408,2023-08-01 19:00:00,
20409,2023-08-01 19:15:00,
20410,2023-08-01 19:30:00,
20411,2023-08-01 19:45:00,
20412,2023-08-01 20:00:00,
20413,2023-08-01 20:15:00,
20414,2023-08-01 20:30:00,
20415,2023-08-01 20:45:00,
20416,2023-08-01 21:00:00,
20417,2023-08-01 21:15:00,
20418,2023-08-01 21:30:00,
20419,2023-08-01 21:45:00,
20420,2023-08-01 22:00:00,
20421,2023-08-01 22:15:00,
20422,2023-08-01 22:30:00,
20423,2023-08-01 22:45:00,
20424,2023-08-01 23:00:00,
20425,2023-08-01 23:15:00,
20426,2023-08-01 23:30:00,
20427,2023-08-01 23:45:00,
20428,2023-08-02 00:00:00,
20429,2023-08-02 00:15:00,
20430,2023-08-02 00:30:00,
20431,2023-08-02 00:45:00,
20432,2023-08-02 01:00:00,
20433,2023-08-02 01:15:00,
20434,2023-08-02 01:30:00,
20435,2023-08-02 01:45:00,
20436,2023-08-02 02:00:00,
20437,2023-08-02 02:15:00,
20438,2023-08-02 02:30:00,
20439,2023-08-02 02:45:00,
20440,2023-08-02 03:00:00,
20441,2023-08-02 03:15:00,
20442,2023-08-02 03:30:00,
20443,2023-08-02 03:45:00,
20444,2023-08-02 04:00:00,
20445,2023-08-02 04:15:00,
20446,2023-08-02 04:30:00,
20447,2023-08-02 04:45:00,
20448,2023-08-02 05:00:00,
20449,2023-08-02 05:15:00,
20450,2023-08-02 05:30:00,
20451,2023-08-02 05:45:00,
20452,2023-08-02 06:00:00,
20453,2023-08-02 06:15:00,
20454,2023-08-02 06:30:00,
20455,2023-08-02 06:45:00,
20456,2023-08-02 07:00:00,
20457,2023-08-02 07:15:00,
20458,2023-08-02 07:30:00,
20459,2023-08-02 07:45:00,
20460,2023-08-02 08:00:00,
20461,2023-08-02 08:15:00,
20462,2023-08-02 08:30:00,
20463,2023-08-02 08:45:00,
20464,2023-08-02 09:00:00,
20465,2023-08-02 09:15:00,
20466,2023-08-02 09:30:00,
20467,2023-08-02 09:45:00,
20468,2023-08-02 10:00:00,
20469,2023-08-02 10:15:00,
20470,2023-08-02 10:30:00,
20471,2023-08-02 10:45:00,
20472,2023-08-02 11:00:00,
20473,2023-08-02 11:15:00,
20474,2023-08-02 11:30:00,
20475,2023-08-02 11:45:00,
20476,2023-08-02 12:00:00,
20477,2023-08-02 12:15:00,
20478,2023-08-02 12:30:00,
20479,2023-08-02 12:45:00,
20480,2023-08-02 13:00:00,
20481,2023-08-02 13:15:00,
20482,2023-08-02 13:30:00,
20483,2023-08-02 13:45:00,
20484,2023-08-02 14:00:00,
20485,2023-08-02 14:15:00,
20486,2023-08-02 14:30:00,
20487,2023-08-02 14:45:00,
20488,2023-08-02 15:00:00,
20489,2023-08-02 15:15:00,
20490,2023-08-02 15:30:00,
20491,2023-08-02 15:45:00,
20492,2023-08-02 16:00:00,
20493,2023-08-02 16:15:00,
20494,2023-08-02 16:30:00,
20495,2023-08-02 16:45:00,
20496,2023-08-02 17:00:00,
20497,2023-08-02 17:15:00,
20498,2023-08-02 17:30:00,
20499,2023-08-02 17:45:00,
20500,2023-08-02 18:00:00,
20501,2023-08-02 18:15:00,
20502,2023-08-02 18:30:00,
20503,2023-08-02 18:45:00,
20504,2023-08-02 19:00:00,
20505,2023-08-02 19:15:00,
20506,2023-08-02 19:30:00,
20507,2023-08-02 19:45:00,
20508,2023-08-02 20:00:00,
20509,2023-08-02 20:15:00,
20510,2023-08-02 20:30:00,
20511,2023-08-02 20:45:00,
20512,2023-08-02 21:00:00,
20513,2023-08-02 21:15:00,
20514,2023-08-02 21:30:00,
20515,2023-08-02 21:45:00,
20516,2023-08-02 22:00:00,
20517,2023-08-02 22:15:00,
20518,2023-08-02 22:30:00,
20519,2023-08-02 22:45:00,
20520,2023-08-02 23:00:00,
20521,2023-08-02 23:15:00,
20522,2023-08-02 23:30:00,
20523,2023-08-02 23:45:00,
20524,2023-08-03 00:00:00,
20525,2023-08-03 00:15:00,
20526,2023-08-03 00:30:00,
20527,2023-08-03 00:45:00,
20528,2023-08-03 01:00:00,
20529,2023-08-03 01:15:00,
20530,2023-08-03 01:30:00,
20531,2023-08-03 01:45:00,
20532,2023-08-03 02:00:00,
20533,2023-08-03 02:15:00,
20534,2023-08-03 02:30:00,
20535,2023-08-03 02:45:00,
20536,2023-08-03 03:00:00,
20537,2023-08-03 03:15:00,
20538,2023-08-03 03:30:00,
20539,2023-08-03 03:45:00,
20540,2023-08-03 04:00:00,
20541,2023-08-03 04:15:00,
20542,2023-08-03 04:30:00,
20543,2023-08-03 04:45:00,
20544,2023-08-03 05:00:00,
20545,2023-08-03 05:15:00,
20546,2023-08-03 05:30:00,
20547,2023-08-03 05:45:00,
20548,2023-08-03 06:00:00,
20549,2023-08-03 06:15:00,
20550,2023-08-03 06:30:00,
20551,2023-08-03 06:45:00,
20552,2023-08-03 07:00:00,
20553,2023-08-03 07:15:00,
20554,2023-08-03 07:30:00,
20555,2023-08-03 07:45:00,
20556,2023-08-03 08:00:00,
20557,2023-08-03 08:15:00,
20558,2023-08-03 08:30:00,
20559,2023-08-03 08:45:00,
20560,2023-08-03 09:00:00,
20561,2023-08-03 09:15:00,
20562,2023-08-03 09:30:00,
20563,2023-08-03 09:45:00,
20564,2023-08-03 10:00:00,
20565,2023-08-03 10:15:00,
20566,2023-08-03 10:30:00,
20567,2023-08-03 10:45:00,
20568,2023-08-03 11:00:00,
20569,2023-08-03 11:15:00,
20570,2023-08-03 11:30:00,
20571,2023-08-03 11:45:00,
20572,2023-08-03 12:00:00,
20573,2023-08-03 12:15:00,
20574,2023-08-03 12:30:00,
20575,2023-08-03 12:45:00,
20576,2023-08-03 13:00:00,
20577,2023-08-03 13:15:00,
20578,2023-08-03 13:30:00,
20579,2023-08-03 13:45:00,
20580,2023-08-03 14:00:00,
20581,2023-08-03 14:15:00,
20582,2023-08-03 14:30:00,
20583,2023-08-03 14:45:00,
20584,2023-08-03 15:00:00,
20585,2023-08-03 15:15:00,
20586,2023-08-03 15:30:00,
20587,2023-08-03 15:45:00,
20588,2023-08-03 16:00:00,
20589,2023-08-03 16:15:00,
20590,2023-08-03 16:30:00,
20591,2023-08-03 16:45:00,
20592,2023-08-03 17:00:00,
20593,2023-08-03 17:15:00,
20594,2023-08-03 17:30:00,
20595,2023-08-03 17:45:00,
20596,2023-08-03 18:00:00,
20597,2023-08-03 18:15:00,
20598,2023-08-03 18:30:00,
20599,2023-08-03 18:45:00,
20600,2023-08-03 19:00:00,
20601,2023-08-03 19:15:00,
20602,2023-08-03 19:30:00,
20603,2023-08-03 19:45:00,
20604,2023-08-03 20:00:00,
20605,2023-08-03 20:15:00,
20606,2023-08-03 20:30:00,
20607,2023-08-03 20:45:00,
20608,2023-08-03 21:00:00,
20609,2023-08-03 21:15:00,
20610,2023-08-03 21:30:00,
20611,2023-08-03 21:45:00,
20612,2023-08-03 22:00:00,
20613,2023-08-03 22:15:00,
20614,2023-08-03 22:30:00,
20615,2023-08-03 22:45:00,
20616,2023-08-03 23:00:00,
20617,2023-08-03 23:15:00,
20618,2023-08-03 23:30:00,
20619,2023-08-03 23:45:00,
20620,2023-08-04 00:00:00,
20621,2023-08-04 00:15:00,
20622,2023-08-04 00:30:00,
20623,2023-08-04 00:45:00,
20624,2023-08-04 01:00:00,
20625,2023-08-04 01:15:00,
20626,2023-08-04 01:30:00,
20627,2023-08-04 01:45:00,
20628,2023-08-04 02:00:00,
20629,2023-08-04 02:15:00,
20630,2023-08-04 02:30:00,
20631,2023-08-04 02:45:00,
20632,2023-08-04 03:00:00,
20633,2023-08-04 03:15:00,
20634,2023-08-04 03:30:00,
20635,2023-08-04 03:45:00,
20636,2023-08-04 04:00:00,
20637,2023-08-04 04:15:00,
20638,2023-08-04 04:30:00,
20639,2023-08-04 04:45:00,
20640,2023-08-04 05:00:00,
20641,2023-08-04 05:15:00,
20642,2023-08-04 05:30:00,
20643,2023-08-04 05:45:00,
20644,2023-08-04 06:00:00,
20645,2023-08-04 06:15:00,
20646,2023-08-04 06:30:00,
20647,2023-08-04 06:45:00,
20648,2023-08-04 07:00:00,
20649,2023-08-04 07:15:00,
20650,2023-08-04 07:30:00,
20651,2023-08-04 07:45:00,
20652,2023-08-04 08:00:00,
20653,2023-08-04 08:15:00,
20654,2023-08-04 08:30:00,
20655,2023-08-04 08:45:00,
20656,2023-08-04 09:00:00,
20657,2023-08-04 09:15:00,
20658,2023-08-04 09:30:00,
20659,2023-08-04 09:45:00,
20660,2023-08-04 10:00:00,
20661,2023-08-04 10:15:00,
20662,2023-08-04 10:30:00,
20663,2023-08-04 10:45:00,
20664,2023-08-04 11:00:00,
20665,2023-08-04 11:15:00,
20666,2023-08-04 11:30:00,
20667,2023-08-04 11:45:00,
20668,2023-08-04 12:00:00,
20669,2023-08-04 12:15:00,
20670,2023-08-04 12:30:00,
20671,2023-08-04 12:45:00,
20672,2023-08-04 13:00:00,
20673,2023-08-04 13:15:00,
20674,2023-08-04 13:30:00,
20675,2023-08-04 13:45:00,
20676,2023-08-04 14:00:00,
20677,2023-08-04 14:15:00,
20678,2023-08-04 14:30:00,
20679,2023-08-04 14:45:00,
20680,2023-08-04 15:00:00,
20681,2023-08-04 15:15:00,
20682,2023-08-04 15:30:00,
20683,2023-08-04 15:45:00,
20684,2023-08-04 16:00:00,
20685,2023-08-04 16:15:00,
20686,2023-08-04 16:30:00,
20687,2023-08-04 16:45:00,
20688,2023-08-04 17:00:00,
20689,2023-08-04 17:15:00,
20690,2023-08-04 17:30:00,
20691,2023-08-04 17:45:00,
20692,2023-08-04 18:00:00,
20693,2023-08-04 18:15:00,
20694,2023-08-04 18:30:00,
20695,2023-08-04 18:45:00,
20696,2023-08-04 19:00:00,
20697,2023-08-04 19:15:00,
20698,2023-08-04 19:30:00,
20699,2023-08-04 19:45:00,
20700,2023-08-04 20:00:00,
20701,2023-08-04 20:15:00,
20702,2023-08-04 20:30:00,
20703,2023-08-04 20:45:00,
20704,2023-08-04 21:00:00,
20705,2023-08-04 21:15:00,
20706,2023-08-04 21:30:00,
20707,2023-08-04 21:45:00,
20708,2023-08-04 22:00:00,
20709,2023-08-04 22:15:00,
20710,2023-08-04 22:30:00,
20711,2023-08-04 22:45:00,
20712,2023-08-04 23:00:00,
20713,2023-08-04 23:15:00,
20714,2023-08-04 23:30:00,
20715,2023-08-04 23:45:00,
20716,2023-08-05 00:00:00,
20717,2023-08-05 00:15:00,
20718,2023-08-05 00:30:00,
20719,2023-08-05 00:45:00,
20720,2023-08-05 01:00:00,
20721,2023-08-05 01:15:00,
20722,2023-08-05 01:30:00,
20723,2023-08-05 01:45:00,
20724,2023-08-05 02:00:00,
20725,2023-08-05 02:15:00,
20726,2023-08-05 02:30:00,
20727,2023-08-05 02:45:00,
20728,2023-08-05 03:00:00,
20729,2023-08-05 03:15:00,
20730,2023-08-05 03:30:00,
20731,2023-08-05 03:45:00,
20732,2023-08-05 04:00:00,
20733,2023-08-05 04:15:00,
20734,2023-08-05 04:30:00,
20735,2023-08-05 04:45:00,
20736,2023-08-05 05:00:00,
20737,2023-08-05 05:15:00,
20738,2023-08-05 05:30:00,
20739,2023-08-05 05:45:00,
20740,2023-08-05 06:00:00,
20741,2023-08-05 06:15:00,
20742,2023-08-05 06:30:00,
20743,2023-08-05 06:45:00,
20744,2023-08-05 07:00:00,
20745,2023-08-05 07:15:00,
20746,2023-08-05 07:30:00,
20747,2023-08-05 07:45:00,
20748,2023-08-05 08:00:00,
20749,2023-08-05 08:15:00,
20750,2023-08-05 08:30:00,
20751,2023-08-05 08:45:00,
20752,2023-08-05 09:00:00,
20753,2023-08-05 09:15:00,
20754,2023-08-05 09:30:00,
20755,2023-08-05 09:45:00,
20756,2023-08-05 10:00:00,
20757,2023-08-05 10:15:00,
20758,2023-08-05 10:30:00,
20759,2023-08-05 10:45:00,
20760,2023-08-05 11:00:00,
20761,2023-08-05 11:15:00,
20762,2023-08-05 11:30:00,
20763,2023-08-05 11:45:00,
20764,2023-08-05 12:00:00,
20765,2023-08-05 12:15:00,
20766,2023-08-05 12:30:00,
20767,2023-08-05 12:45:00,
20768,2023-08-05 13:00:00,
20769,2023-08-05 13:15:00,
20770,2023-08-05 13:30:00,
20771,2023-08-05 13:45:00,
20772,2023-08-05 14:00:00,
20773,2023-08-05 14:15:00,
20774,2023-08-05 14:30:00,
20775,2023-08-05 14:45:00,
20776,2023-08-05 15:00:00,
20777,2023-08-05 15:15:00,
20778,2023-08-05 15:30:00,
20779,2023-08-05 15:45:00,
20780,2023-08-05 16:00:00,
20781,2023-08-05 16:15:00,
20782,2023-08-05 16:30:00,
20783,2023-08-05 16:45:00,
20784,2023-08-05 17:00:00,
20785,2023-08-05 17:15:00,
20786,2023-08-05 17:30:00,
20787,2023-08-05 17:45:00,
20788,2023-08-05 18:00:00,
20789,2023-08-05 18:15:00,
20790,2023-08-05 18:30:00,
20791,2023-08-05 18:45:00,
20792,2023-08-05 19:00:00,
20793,2023-08-05 19:15:00,
20794,2023-08-05 19:30:00,
20795,2023-08-05 19:45:00,
20796,2023-08-05 20:00:00,
20797,2023-08-05 20:15:00,
20798,2023-08-05 20:30:00,
20799,2023-08-05 20:45:00,
20800,2023-08-05 21:00:00,
20801,2023-08-05 21:15:00,
20802,2023-08-05 21:30:00,
20803,2023-08-05 21:45:00,
20804,2023-08-05 22:00:00,
20805,2023-08-05 22:15:00,
20806,2023-08-05 22:30:00,
20807,2023-08-05 22:45:00,
20808,2023-08-05 23:00:00,
20809,2023-08-05 23:15:00,
20810,2023-08-05 23:30:00,
20811,2023-08-05 23:45:00,
20812,2023-08-06 00:00:00,
20813,2023-08-06 00:15:00,
20814,2023-08-06 00:30:00,
20815,2023-08-06 00:45:00,
20816,2023-08-06 01:00:00,
20817,2023-08-06 01:15:00,
20818,2023-08-06 01:30:00,
20819,2023-08-06 01:45:00,
20820,2023-08-06 02:00:00,
20821,2023-08-06 02:15:00,
20822,2023-08-06 02:30:00,
20823,2023-08-06 02:45:00,
20824,2023-08-06 03:00:00,
20825,2023-08-06 03:15:00,
20826,2023-08-06 03:30:00,
20827,2023-08-06 03:45:00,
20828,2023-08-06 04:00:00,
20829,2023-08-06 04:15:00,
20830,2023-08-06 04:30:00,
20831,2023-08-06 04:45:00,
20832,2023-08-06 05:00:00,
20833,2023-08-06 05:15:00,
20834,2023-08-06 05:30:00,
20835,2023-08-06 05:45:00,
20836,2023-08-06 06:00:00,
20837,2023-08-06 06:15:00,
20838,2023-08-06 06:30:00,
20839,2023-08-06 06:45:00,
20840,2023-08-06 07:00:00,
20841,2023-08-06 07:15:00,
20842,2023-08-06 07:30:00,
20843,2023-08-06 07:45:00,
20844,2023-08-06 08:00:00,
20845,2023-08-06 08:15:00,
20846,2023-08-06 08:30:00,
20847,2023-08-06 08:45:00,
20848,2023-08-06 09:00:00,
20849,2023-08-06 09:15:00,
20850,2023-08-06 09:30:00,
20851,2023-08-06 09:45:00,
20852,2023-08-06 10:00:00,
20853,2023-08-06 10:15:00,
20854,2023-08-06 10:30:00,
20855,2023-08-06 10:45:00,
20856,2023-08-06 11:00:00,
20857,2023-08-06 11:15:00,
20858,2023-08-06 11:30:00,
20859,2023-08-06 11:45:00,
20860,2023-08-06 12:00:00,
20861,2023-08-06 12:15:00,
20862,2023-08-06 12:30:00,
20863,2023-08-06 12:45:00,
20864,2023-08-06 13:00:00,
20865,2023-08-06 13:15:00,
20866,2023-08-06 13:30:00,
20867,2023-08-06 13:45:00,
20868,2023-08-06 14:00:00,
20869,2023-08-06 14:15:00,
20870,2023-08-06 14:30:00,
20871,2023-08-06 14:45:00,
20872,2023-08-06 15:00:00,
20873,2023-08-06 15:15:00,
20874,2023-08-06 15:30:00,
20875,2023-08-06 15:45:00,
20876,2023-08-06 16:00:00,
20877,2023-08-06 16:15:00,
20878,2023-08-06 16:30:00,
20879,2023-08-06 16:45:00,
20880,2023-08-06 17:00:00,
20881,2023-08-06 17:15:00,
20882,2023-08-06 17:30:00,
20883,2023-08-06 17:45:00,
20884,2023-08-06 18:00:00,
20885,2023-08-06 18:15:00,
20886,2023-08-06 18:30:00,
20887,2023-08-06 18:45:00,
20888,2023-08-06 19:00:00,
20889,2023-08-06 19:15:00,
20890,2023-08-06 19:30:00,
20891,2023-08-06 19:45:00,
20892,2023-08-06 20:00:00,
20893,2023-08-06 20:15:00,
20894,2023-08-06 20:30:00,
20895,2023-08-06 20:45:00,
20896,2023-08-06 21:00:00,
20897,2023-08-06 21:15:00,
20898,2023-08-06 21:30:00,
20899,2023-08-06 21:45:00,
20900,2023-08-06 22:00:00,
20901,2023-08-06 22:15:00,
20902,2023-08-06 22:30:00,
20903,2023-08-06 22:45:00,
20904,2023-08-06 23:00:00,
20905,2023-08-06 23:15:00,
20906,2023-08-06 23:30:00,
20907,2023-08-06 23:45:00,
20908,2023-08-07 00:00:00,
20909,2023-08-07 00:15:00,
20910,2023-08-07 00:30:00,
20911,2023-08-07 00:45:00,
20912,2023-08-07 01:00:00,
20913,2023-08-07 01:15:00,
20914,2023-08-07 01:30:00,
20915,2023-08-07 01:45:00,
20916,2023-08-07 02:00:00,
20917,2023-08-07 02:15:00,
20918,2023-08-07 02:30:00,
20919,2023-08-07 02:45:00,
20920,2023-08-07 03:00:00,
20921,2023-08-07 03:15:00,
20922,2023-08-07 03:30:00,
20923,2023-08-07 03:45:00,
20924,2023-08-07 04:00:00,
20925,2023-08-07 04:15:00,
20926,2023-08-07 04:30:00,
20927,2023-08-07 04:45:00,
20928,2023-08-07 05:00:00,
20929,2023-08-07 05:15:00,
20930,2023-08-07 05:30:00,
20931,2023-08-07 05:45:00,
20932,2023-08-07 06:00:00,
20933,2023-08-07 06:15:00,
20934,2023-08-07 06:30:00,
20935,2023-08-07 06:45:00,
20936,2023-08-07 07:00:00,
20937,2023-08-07 07:15:00,
20938,2023-08-07 07:30:00,
20939,2023-08-07 07:45:00,
20940,2023-08-07 08:00:00,
20941,2023-08-07 08:15:00,
20942,2023-08-07 08:30:00,
20943,2023-08-07 08:45:00,
20944,2023-08-07 09:00:00,
20945,2023-08-07 09:15:00,
20946,2023-08-07 09:30:00,
20947,2023-08-07 09:45:00,
20948,2023-08-07 10:00:00,
20949,2023-08-07 10:15:00,
20950,2023-08-07 10:30:00,
20951,2023-08-07 10:45:00,
20952,2023-08-07 11:00:00,
20953,2023-08-07 11:15:00,
20954,2023-08-07 11:30:00,
20955,2023-08-07 11:45:00,
20956,2023-08-07 12:00:00,
20957,2023-08-07 12:15:00,
20958,2023-08-07 12:30:00,
20959,2023-08-07 12:45:00,
20960,2023-08-07 13:00:00,
20961,2023-08-07 13:15:00,
20962,2023-08-07 13:30:00,
20963,2023-08-07 13:45:00,
20964,2023-08-07 14:00:00,
20965,2023-08-07 14:15:00,
20966,2023-08-07 14:30:00,
20967,2023-08-07 14:45:00,
20968,2023-08-07 15:00:00,
20969,2023-08-07 15:15:00,
20970,2023-08-07 15:30:00,
20971,2023-08-07 15:45:00,
20972,2023-08-07 16:00:00,
20973,2023-08-07 16:15:00,
20974,2023-08-07 16:30:00,
20975,2023-08-07 16:45:00,
20976,2023-08-07 17:00:00,
20977,2023-08-07 17:15:00,
20978,2023-08-07 17:30:00,
20979,2023-08-07 17:45:00,
20980,2023-08-07 18:00:00,
20981,2023-08-07 18:15:00,
20982,2023-08-07 18:30:00,
20983,2023-08-07 18:45:00,
20984,2023-08-07 19:00:00,
20985,2023-08-07 19:15:00,
20986,2023-08-07 19:30:00,
20987,2023-08-07 19:45:00,
20988,2023-08-07 20:00:00,
20989,2023-08-07 20:15:00,
20990,2023-08-07 20:30:00,
20991,2023-08-07 20:45:00,
20992,2023-08-07 21:00:00,
20993,2023-08-07 21:15:00,
20994,2023-08-07 21:30:00,
20995,2023-08-07 21:45:00,
20996,2023-08-07 22:00:00,
20997,2023-08-07 22:15:00,
20998,2023-08-07 22:30:00,
20999,2023-08-07 22:45:00,
21000,2023-08-07 23:00:00,
21001,2023-08-07 23:15:00,
21002,2023-08-07 23:30:00,
21003,2023-08-07 23:45:00,
21004,2023-08-08 00:00:00,
21005,2023-08-08 00:15:00,
21006,2023-08-08 00:30:00,
21007,2023-08-08 00:45:00,
21008,2023-08-08 01:00:00,
21009,2023-08-08 01:15:00,
21010,2023-08-08 01:30:00,
21011,2023-08-08 01:45:00,
21012,2023-08-08 02:00:00,
21013,2023-08-08 02:15:00,
21014,2023-08-08 02:30:00,
21015,2023-08-08 02:45:00,
21016,2023-08-08 03:00:00,
21017,2023-08-08 03:15:00,
21018,2023-08-08 03:30:00,
21019,2023-08-08 03:45:00,
21020,2023-08-08 04:00:00,
21021,2023-08-08 04:15:00,
21022,2023-08-08 04:30:00,
21023,2023-08-08 04:45:00,
21024,2023-08-08 05:00:00,
21025,2023-08-08 05:15:00,
21026,2023-08-08 05:30:00,
21027,2023-08-08 05:45:00,
21028,2023-08-08 06:00:00,
21029,2023-08-08 06:15:00,
21030,2023-08-08 06:30:00,
21031,2023-08-08 06:45:00,
21032,2023-08-08 07:00:00,
21033,2023-08-08 07:15:00,
21034,2023-08-08 07:30:00,
21035,2023-08-08 07:45:00,
21036,2023-08-08 08:00:00,
21037,2023-08-08 08:15:00,
21038,2023-08-08 08:30:00,
21039,2023-08-08 08:45:00,
21040,2023-08-08 09:00:00,
21041,2023-08-08 09:15:00,
21042,2023-08-08 09:30:00,
21043,2023-08-08 09:45:00,
21044,2023-08-08 10:00:00,
21045,2023-08-08 10:15:00,
21046,2023-08-08 10:30:00,
21047,2023-08-08 10:45:00,
21048,2023-08-08 11:00:00,
21049,2023-08-08 11:15:00,
21050,2023-08-08 11:30:00,
21051,2023-08-08 11:45:00,
21052,2023-08-08 12:00:00,
21053,2023-08-08 12:15:00,
21054,2023-08-08 12:30:00,
21055,2023-08-08 12:45:00,
21056,2023-08-08 13:00:00,
21057,2023-08-08 13:15:00,
21058,2023-08-08 13:30:00,
21059,2023-08-08 13:45:00,
21060,2023-08-08 14:00:00,
21061,2023-08-08 14:15:00,
21062,2023-08-08 14:30:00,
21063,2023-08-08 14:45:00,
21064,2023-08-08 15:00:00,
21065,2023-08-08 15:15:00,
21066,2023-08-08 15:30:00,
21067,2023-08-08 15:45:00,
21068,2023-08-08 16:00:00,
21069,2023-08-08 16:15:00,
21070,2023-08-08 16:30:00,
21071,2023-08-08 16:45:00,
21072,2023-08-08 17:00:00,
21073,2023-08-08 17:15:00,
21074,2023-08-08 17:30:00,
21075,2023-08-08 17:45:00,
21076,2023-08-08 18:00:00,
21077,2023-08-08 18:15:00,
21078,2023-08-08 18:30:00,
21079,2023-08-08 18:45:00,
21080,2023-08-08 19:00:00,
21081,2023-08-08 19:15:00,
21082,2023-08-08 19:30:00,
21083,2023-08-08 19:45:00,
21084,2023-08-08 20:00:00,
21085,2023-08-08 20:15:00,
21086,2023-08-08 20:30:00,
21087,2023-08-08 20:45:00,
21088,2023-08-08 21:00:00,
21089,2023-08-08 21:15:00,
21090,2023-08-08 21:30:00,
21091,2023-08-08 21:45:00,
21092,2023-08-08 22:00:00,
21093,2023-08-08 22:15:00,
21094,2023-08-08 22:30:00,
21095,2023-08-08 22:45:00,
21096,2023-08-08 23:00:00,
21097,2023-08-08 23:15:00,
21098,2023-08-08 23:30:00,
21099,2023-08-08 23:45:00,
21100,2023-08-09 00:00:00,
21101,2023-08-09 00:15:00,
21102,2023-08-09 00:30:00,
21103,2023-08-09 00:45:00,
21104,2023-08-09 01:00:00,
21105,2023-08-09 01:15:00,
21106,2023-08-09 01:30:00,
21107,2023-08-09 01:45:00,
21108,2023-08-09 02:00:00,
21109,2023-08-09 02:15:00,
21110,2023-08-09 02:30:00,
21111,2023-08-09 02:45:00,
21112,2023-08-09 03:00:00,
21113,2023-08-09 03:15:00,
21114,2023-08-09 03:30:00,
21115,2023-08-09 03:45:00,
21116,2023-08-09 04:00:00,
21117,2023-08-09 04:15:00,
21118,2023-08-09 04:30:00,
21119,2023-08-09 04:45:00,
21120,2023-08-09 05:00:00,
21121,2023-08-09 05:15:00,
21122,2023-08-09 05:30:00,
21123,2023-08-09 05:45:00,
21124,2023-08-09 06:00:00,
21125,2023-08-09 06:15:00,
21126,2023-08-09 06:30:00,
21127,2023-08-09 06:45:00,
21128,2023-08-09 07:00:00,
21129,2023-08-09 07:15:00,
21130,2023-08-09 07:30:00,
21131,2023-08-09 07:45:00,
21132,2023-08-09 08:00:00,
21133,2023-08-09 08:15:00,
21134,2023-08-09 08:30:00,
21135,2023-08-09 08:45:00,
21136,2023-08-09 09:00:00,
21137,2023-08-09 09:15:00,
21138,2023-08-09 09:30:00,
21139,2023-08-09 09:45:00,
21140,2023-08-09 10:00:00,
21141,2023-08-09 10:15:00,
21142,2023-08-09 10:30:00,
21143,2023-08-09 10:45:00,
21144,2023-08-09 11:00:00,
21145,2023-08-09 11:15:00,
21146,2023-08-09 11:30:00,
21147,2023-08-09 11:45:00,
21148,2023-08-09 12:00:00,
21149,2023-08-09 12:15:00,
21150,2023-08-09 12:30:00,
21151,2023-08-09 12:45:00,
21152,2023-08-09 13:00:00,
21153,2023-08-09 13:15:00,
21154,2023-08-09 13:30:00,
21155,2023-08-09 13:45:00,
21156,2023-08-09 14:00:00,
21157,2023-08-09 14:15:00,
21158,2023-08-09 14:30:00,
21159,2023-08-09 14:45:00,
21160,2023-08-09 15:00:00,
21161,2023-08-09 15:15:00,
21162,2023-08-09 15:30:00,
21163,2023-08-09 15:45:00,
21164,2023-08-09 16:00:00,
21165,2023-08-09 16:15:00,
21166,2023-08-09 16:30:00,
21167,2023-08-09 16:45:00,
21168,2023-08-09 17:00:00,
21169,2023-08-09 17:15:00,
21170,2023-08-09 17:30:00,
21171,2023-08-09 17:45:00,
21172,2023-08-09 18:00:00,
21173,2023-08-09 18:15:00,
21174,2023-08-09 18:30:00,
21175,2023-08-09 18:45:00,
21176,2023-08-09 19:00:00,
21177,2023-08-09 19:15:00,
21178,2023-08-09 19:30:00,
21179,2023-08-09 19:45:00,
21180,2023-08-09 20:00:00,
21181,2023-08-09 20:15:00,
21182,2023-08-09 20:30:00,
21183,2023-08-09 20:45:00,
21184,2023-08-09 21:00:00,
21185,2023-08-09 21:15:00,
21186,2023-08-09 21:30:00,
21187,2023-08-09 21:45:00,
21188,2023-08-09 22:00:00,
21189,2023-08-09 22:15:00,
21190,2023-08-09 22:30:00,
21191,2023-08-09 22:45:00,
21192,2023-08-09 23:00:00,
21193,2023-08-09 23:15:00,
21194,2023-08-09 23:30:00,
21195,2023-08-09 23:45:00,
21196,2023-08-10 00:00:00,
21197,2023-08-10 00:15:00,
21198,2023-08-10 00:30:00,
21199,2023-08-10 00:45:00,
21200,2023-08-10 01:00:00,
21201,2023-08-10 01:15:00,
21202,2023-08-10 01:30:00,
21203,2023-08-10 01:45:00,
21204,2023-08-10 02:00:00,
21205,2023-08-10 02:15:00,
21206,2023-08-10 02:30:00,
21207,2023-08-10 02:45:00,
21208,2023-08-10 03:00:00,
21209,2023-08-10 03:15:00,
21210,2023-08-10 03:30:00,
21211,2023-08-10 03:45:00,
21212,2023-08-10 04:00:00,
21213,2023-08-10 04:15:00,
21214,2023-08-10 04:30:00,
21215,2023-08-10 04:45:00,
21216,2023-08-10 05:00:00,
21217,2023-08-10 05:15:00,
21218,2023-08-10 05:30:00,
21219,2023-08-10 05:45:00,
21220,2023-08-10 06:00:00,
21221,2023-08-10 06:15:00,
21222,2023-08-10 06:30:00,
21223,2023-08-10 06:45:00,
21224,2023-08-10 07:00:00,
21225,2023-08-10 07:15:00,
21226,2023-08-10 07:30:00,
21227,2023-08-10 07:45:00,
21228,2023-08-10 08:00:00,
21229,2023-08-10 08:15:00,
21230,2023-08-10 08:30:00,
21231,2023-08-10 08:45:00,
21232,2023-08-10 09:00:00,
21233,2023-08-10 09:15:00,
21234,2023-08-10 09:30:00,
21235,2023-08-10 09:45:00,
21236,2023-08-10 10:00:00,
21237,2023-08-10 10:15:00,
21238,2023-08-10 10:30:00,
21239,2023-08-10 10:45:00,
21240,2023-08-10 11:00:00,
21241,2023-08-10 11:15:00,
21242,2023-08-10 11:30:00,
21243,2023-08-10 11:45:00,
21244,2023-08-10 12:00:00,
21245,2023-08-10 12:15:00,
21246,2023-08-10 12:30:00,
21247,2023-08-10 12:45:00,
21248,2023-08-10 13:00:00,
21249,2023-08-10 13:15:00,
21250,2023-08-10 13:30:00,
21251,2023-08-10 13:45:00,
21252,2023-08-10 14:00:00,
21253,2023-08-10 14:15:00,
21254,2023-08-10 14:30:00,
21255,2023-08-10 14:45:00,
21256,2023-08-10 15:00:00,
21257,2023-08-10 15:15:00,
21258,2023-08-10 15:30:00,
21259,2023-08-10 15:45:00,
21260,2023-08-10 16:00:00,
21261,2023-08-10 16:15:00,
21262,2023-08-10 16:30:00,
21263,2023-08-10 16:45:00,
21264,2023-08-10 17:00:00,
21265,2023-08-10 17:15:00,
21266,2023-08-10 17:30:00,
21267,2023-08-10 17:45:00,
21268,2023-08-10 18:00:00,
21269,2023-08-10 18:15:00,
21270,2023-08-10 18:30:00,
21271,2023-08-10 18:45:00,
21272,2023-08-10 19:00:00,
21273,2023-08-10 19:15:00,
21274,2023-08-10 19:30:00,
21275,2023-08-10 19:45:00,
21276,2023-08-10 20:00:00,
21277,2023-08-10 20:15:00,
21278,2023-08-10 20:30:00,
21279,2023-08-10 20:45:00,
21280,2023-08-10 21:00:00,
21281,2023-08-10 21:15:00,
21282,2023-08-10 21:30:00,
21283,2023-08-10 21:45:00,
21284,2023-08-10 22:00:00,
21285,2023-08-10 22:15:00,
21286,2023-08-10 22:30:00,
21287,2023-08-10 22:45:00,
21288,2023-08-10 23:00:00,
21289,2023-08-10 23:15:00,
21290,2023-08-10 23:30:00,
21291,2023-08-10 23:45:00,
21292,2023-08-11 00:00:00,
21293,2023-08-11 00:15:00,
21294,2023-08-11 00:30:00,
21295,2023-08-11 00:45:00,
21296,2023-08-11 01:00:00,
21297,2023-08-11 01:15:00,
21298,2023-08-11 01:30:00,
21299,2023-08-11 01:45:00,
21300,2023-08-11 02:00:00,
21301,2023-08-11 02:15:00,
21302,2023-08-11 02:30:00,
21303,2023-08-11 02:45:00,
21304,2023-08-11 03:00:00,
21305,2023-08-11 03:15:00,
21306,2023-08-11 03:30:00,
21307,2023-08-11 03:45:00,
21308,2023-08-11 04:00:00,
21309,2023-08-11 04:15:00,
21310,2023-08-11 04:30:00,
21311,2023-08-11 04:45:00,
21312,2023-08-11 05:00:00,
21313,2023-08-11 05:15:00,
21314,2023-08-11 05:30:00,
21315,2023-08-11 05:45:00,
21316,2023-08-11 06:00:00,
21317,2023-08-11 06:15:00,
21318,2023-08-11 06:30:00,
21319,2023-08-11 06:45:00,
21320,2023-08-11 07:00:00,
21321,2023-08-11 07:15:00,
21322,2023-08-11 07:30:00,
21323,2023-08-11 07:45:00,
21324,2023-08-11 08:00:00,
21325,2023-08-11 08:15:00,
21326,2023-08-11 08:30:00,
21327,2023-08-11 08:45:00,
21328,2023-08-11 09:00:00,
21329,2023-08-11 09:15:00,
21330,2023-08-11 09:30:00,
21331,2023-08-11 09:45:00,
21332,2023-08-11 10:00:00,
21333,2023-08-11 10:15:00,
21334,2023-08-11 10:30:00,
21335,2023-08-11 10:45:00,
21336,2023-08-11 11:00:00,
21337,2023-08-11 11:15:00,
21338,2023-08-11 11:30:00,
21339,2023-08-11 11:45:00,
21340,2023-08-11 12:00:00,
21341,2023-08-11 12:15:00,
21342,2023-08-11 12:30:00,
21343,2023-08-11 12:45:00,
21344,2023-08-11 13:00:00,
21345,2023-08-11 13:15:00,
21346,2023-08-11 13:30:00,
21347,2023-08-11 13:45:00,
21348,2023-08-11 14:00:00,
21349,2023-08-11 14:15:00,
21350,2023-08-11 14:30:00,
21351,2023-08-11 14:45:00,
21352,2023-08-11 15:00:00,
21353,2023-08-11 15:15:00,
21354,2023-08-11 15:30:00,
21355,2023-08-11 15:45:00,
21356,2023-08-11 16:00:00,
21357,2023-08-11 16:15:00,
21358,2023-08-11 16:30:00,
21359,2023-08-11 16:45:00,
21360,2023-08-11 17:00:00,
21361,2023-08-11 17:15:00,
21362,2023-08-11 17:30:00,
21363,2023-08-11 17:45:00,
21364,2023-08-11 18:00:00,
21365,2023-08-11 18:15:00,
21366,2023-08-11 18:30:00,
21367,2023-08-11 18:45:00,
21368,2023-08-11 19:00:00,
21369,2023-08-11 19:15:00,
21370,2023-08-11 19:30:00,
21371,2023-08-11 19:45:00,
21372,2023-08-11 20:00:00,
21373,2023-08-11 20:15:00,
21374,2023-08-11 20:30:00,
21375,2023-08-11 20:45:00,
21376,2023-08-11 21:00:00,
21377,2023-08-11 21:15:00,
21378,2023-08-11 21:30:00,
21379,2023-08-11 21:45:00,
21380,2023-08-11 22:00:00,
21381,2023-08-11 22:15:00,
21382,2023-08-11 22:30:00,
21383,2023-08-11 22:45:00,
21384,2023-08-11 23:00:00,
21385,2023-08-11 23:15:00,
21386,2023-08-11 23:30:00,
21387,2023-08-11 23:45:00,
21388,2023-08-12 00:00:00,
21389,2023-08-12 00:15:00,
21390,2023-08-12 00:30:00,
21391,2023-08-12 00:45:00,
21392,2023-08-12 01:00:00,
21393,2023-08-12 01:15:00,
21394,2023-08-12 01:30:00,
21395,2023-08-12 01:45:00,
21396,2023-08-12 02:00:00,
21397,2023-08-12 02:15:00,
21398,2023-08-12 02:30:00,
21399,2023-08-12 02:45:00,
21400,2023-08-12 03:00:00,
21401,2023-08-12 03:15:00,
21402,2023-08-12 03:30:00,
21403,2023-08-12 03:45:00,
21404,2023-08-12 04:00:00,
21405,2023-08-12 04:15:00,
21406,2023-08-12 04:30:00,
21407,2023-08-12 04:45:00,
21408,2023-08-12 05:00:00,
21409,2023-08-12 05:15:00,
21410,2023-08-12 05:30:00,
21411,2023-08-12 05:45:00,
21412,2023-08-12 06:00:00,
21413,2023-08-12 06:15:00,
21414,2023-08-12 06:30:00,
21415,2023-08-12 06:45:00,
21416,2023-08-12 07:00:00,
21417,2023-08-12 07:15:00,
21418,2023-08-12 07:30:00,
21419,2023-08-12 07:45:00,
21420,2023-08-12 08:00:00,
21421,2023-08-12 08:15:00,
21422,2023-08-12 08:30:00,
21423,2023-08-12 08:45:00,
21424,2023-08-12 09:00:00,
21425,2023-08-12 09:15:00,
21426,2023-08-12 09:30:00,
21427,2023-08-12 09:45:00,
21428,2023-08-12 10:00:00,
21429,2023-08-12 10:15:00,
21430,2023-08-12 10:30:00,
21431,2023-08-12 10:45:00,
21432,2023-08-12 11:00:00,
21433,2023-08-12 11:15:00,
21434,2023-08-12 11:30:00,
21435,2023-08-12 11:45:00,
21436,2023-08-12 12:00:00,
21437,2023-08-12 12:15:00,
21438,2023-08-12 12:30:00,
21439,2023-08-12 12:45:00,
21440,2023-08-12 13:00:00,
21441,2023-08-12 13:15:00,
21442,2023-08-12 13:30:00,
21443,2023-08-12 13:45:00,
21444,2023-08-12 14:00:00,
21445,2023-08-12 14:15:00,
21446,2023-08-12 14:30:00,
21447,2023-08-12 14:45:00,
21448,2023-08-12 15:00:00,
21449,2023-08-12 15:15:00,
21450,2023-08-12 15:30:00,
21451,2023-08-12 15:45:00,
21452,2023-08-12 16:00:00,
21453,2023-08-12 16:15:00,
21454,2023-08-12 16:30:00,
21455,2023-08-12 16:45:00,
21456,2023-08-12 17:00:00,
21457,2023-08-12 17:15:00,
21458,2023-08-12 17:30:00,
21459,2023-08-12 17:45:00,
21460,2023-08-12 18:00:00,
21461,2023-08-12 18:15:00,
21462,2023-08-12 18:30:00,
21463,2023-08-12 18:45:00,
21464,2023-08-12 19:00:00,
21465,2023-08-12 19:15:00,
21466,2023-08-12 19:30:00,
21467,2023-08-12 19:45:00,
21468,2023-08-12 20:00:00,
21469,2023-08-12 20:15:00,
21470,2023-08-12 20:30:00,
21471,2023-08-12 20:45:00,
21472,2023-08-12 21:00:00,
21473,2023-08-12 21:15:00,
21474,2023-08-12 21:30:00,
21475,2023-08-12 21:45:00,
21476,2023-08-12 22:00:00,
21477,2023-08-12 22:15:00,
21478,2023-08-12 22:30:00,
21479,2023-08-12 22:45:00,
21480,2023-08-12 23:00:00,
21481,2023-08-12 23:15:00,
21482,2023-08-12 23:30:00,
21483,2023-08-12 23:45:00,
21484,2023-08-13 00:00:00,
21485,2023-08-13 00:15:00,
21486,2023-08-13 00:30:00,
21487,2023-08-13 00:45:00,
21488,2023-08-13 01:00:00,
21489,2023-08-13 01:15:00,
21490,2023-08-13 01:30:00,
21491,2023-08-13 01:45:00,
21492,2023-08-13 02:00:00,
21493,2023-08-13 02:15:00,
21494,2023-08-13 02:30:00,
21495,2023-08-13 02:45:00,
21496,2023-08-13 03:00:00,
21497,2023-08-13 03:15:00,
21498,2023-08-13 03:30:00,
21499,2023-08-13 03:45:00,
21500,2023-08-13 04:00:00,
21501,2023-08-13 04:15:00,
21502,2023-08-13 04:30:00,
21503,2023-08-13 04:45:00,
21504,2023-08-13 05:00:00,
21505,2023-08-13 05:15:00,
21506,2023-08-13 05:30:00,
21507,2023-08-13 05:45:00,
21508,2023-08-13 06:00:00,
21509,2023-08-13 06:15:00,
21510,2023-08-13 06:30:00,
21511,2023-08-13 06:45:00,
21512,2023-08-13 07:00:00,
21513,2023-08-13 07:15:00,
21514,2023-08-13 07:30:00,
21515,2023-08-13 07:45:00,
21516,2023-08-13 08:00:00,
21517,2023-08-13 08:15:00,
21518,2023-08-13 08:30:00,
21519,2023-08-13 08:45:00,
21520,2023-08-13 09:00:00,
21521,2023-08-13 09:15:00,
21522,2023-08-13 09:30:00,
21523,2023-08-13 09:45:00,
21524,2023-08-13 10:00:00,
21525,2023-08-13 10:15:00,
21526,2023-08-13 10:30:00,
21527,2023-08-13 10:45:00,
21528,2023-08-13 11:00:00,
21529,2023-08-13 11:15:00,
21530,2023-08-13 11:30:00,
21531,2023-08-13 11:45:00,
21532,2023-08-13 12:00:00,
21533,2023-08-13 12:15:00,
21534,2023-08-13 12:30:00,
21535,2023-08-13 12:45:00,
21536,2023-08-13 13:00:00,
21537,2023-08-13 13:15:00,
21538,2023-08-13 13:30:00,
21539,2023-08-13 13:45:00,
21540,2023-08-13 14:00:00,
21541,2023-08-13 14:15:00,
21542,2023-08-13 14:30:00,
21543,2023-08-13 14:45:00,
21544,2023-08-13 15:00:00,
21545,2023-08-13 15:15:00,
21546,2023-08-13 15:30:00,
21547,2023-08-13 15:45:00,
21548,2023-08-13 16:00:00,
21549,2023-08-13 16:15:00,
21550,2023-08-13 16:30:00,
21551,2023-08-13 16:45:00,
21552,2023-08-13 17:00:00,
21553,2023-08-13 17:15:00,
21554,2023-08-13 17:30:00,
21555,2023-08-13 17:45:00,
21556,2023-08-13 18:00:00,
21557,2023-08-13 18:15:00,
21558,2023-08-13 18:30:00,
21559,2023-08-13 18:45:00,
21560,2023-08-13 19:00:00,
21561,2023-08-13 19:15:00,
21562,2023-08-13 19:30:00,
21563,2023-08-13 19:45:00,
21564,2023-08-13 20:00:00,
21565,2023-08-13 20:15:00,
21566,2023-08-13 20:30:00,
21567,2023-08-13 20:45:00,
21568,2023-08-13 21:00:00,
21569,2023-08-13 21:15:00,
21570,2023-08-13 21:30:00,
21571,2023-08-13 21:45:00,
21572,2023-08-13 22:00:00,
21573,2023-08-13 22:15:00,
21574,2023-08-13 22:30:00,
21575,2023-08-13 22:45:00,
21576,2023-08-13 23:00:00,
21577,2023-08-13 23:15:00,
21578,2023-08-13 23:30:00,
21579,2023-08-13 23:45:00,
21580,2023-08-14 00:00:00,
21581,2023-08-14 00:15:00,
21582,2023-08-14 00:30:00,
21583,2023-08-14 00:45:00,
21584,2023-08-14 01:00:00,
21585,2023-08-14 01:15:00,
21586,2023-08-14 01:30:00,
21587,2023-08-14 01:45:00,
21588,2023-08-14 02:00:00,
21589,2023-08-14 02:15:00,
21590,2023-08-14 02:30:00,
21591,2023-08-14 02:45:00,
21592,2023-08-14 03:00:00,
21593,2023-08-14 03:15:00,
21594,2023-08-14 03:30:00,
21595,2023-08-14 03:45:00,
21596,2023-08-14 04:00:00,
21597,2023-08-14 04:15:00,
21598,2023-08-14 04:30:00,
21599,2023-08-14 04:45:00,
21600,2023-08-14 05:00:00,
21601,2023-08-14 05:15:00,
21602,2023-08-14 05:30:00,
21603,2023-08-14 05:45:00,
21604,2023-08-14 06:00:00,
21605,2023-08-14 06:15:00,
21606,2023-08-14 06:30:00,
21607,2023-08-14 06:45:00,
21608,2023-08-14 07:00:00,
21609,2023-08-14 07:15:00,
21610,2023-08-14 07:30:00,
21611,2023-08-14 07:45:00,
21612,2023-08-14 08:00:00,
21613,2023-08-14 08:15:00,
21614,2023-08-14 08:30:00,
21615,2023-08-14 08:45:00,
21616,2023-08-14 09:00:00,
21617,2023-08-14 09:15:00,
21618,2023-08-14 09:30:00,
21619,2023-08-14 09:45:00,
21620,2023-08-14 10:00:00,
21621,2023-08-14 10:15:00,
21622,2023-08-14 10:30:00,
21623,2023-08-14 10:45:00,
21624,2023-08-14 11:00:00,
21625,2023-08-14 11:15:00,
21626,2023-08-14 11:30:00,
21627,2023-08-14 11:45:00,
21628,2023-08-14 12:00:00,
21629,2023-08-14 12:15:00,
21630,2023-08-14 12:30:00,
21631,2023-08-14 12:45:00,
21632,2023-08-14 13:00:00,
21633,2023-08-14 13:15:00,
21634,2023-08-14 13:30:00,
21635,2023-08-14 13:45:00,
21636,2023-08-14 14:00:00,
21637,2023-08-14 14:15:00,
21638,2023-08-14 14:30:00,
21639,2023-08-14 14:45:00,
21640,2023-08-14 15:00:00,
21641,2023-08-14 15:15:00,
21642,2023-08-14 15:30:00,
21643,2023-08-14 15:45:00,
21644,2023-08-14 16:00:00,
21645,2023-08-14 16:15:00,
21646,2023-08-14 16:30:00,
21647,2023-08-14 16:45:00,
21648,2023-08-14 17:00:00,
21649,2023-08-14 17:15:00,
21650,2023-08-14 17:30:00,
21651,2023-08-14 17:45:00,
21652,2023-08-14 18:00:00,
21653,2023-08-14 18:15:00,
21654,2023-08-14 18:30:00,
21655,2023-08-14 18:45:00,
21656,2023-08-14 19:00:00,
21657,2023-08-14 19:15:00,
21658,2023-08-14 19:30:00,
21659,2023-08-14 19:45:00,
21660,2023-08-14 20:00:00,
21661,2023-08-14 20:15:00,
21662,2023-08-14 20:30:00,
21663,2023-08-14 20:45:00,
21664,2023-08-14 21:00:00,
21665,2023-08-14 21:15:00,
21666,2023-08-14 21:30:00,
21667,2023-08-14 21:45:00,
21668,2023-08-14 22:00:00,
21669,2023-08-14 22:15:00,
21670,2023-08-14 22:30:00,
21671,2023-08-14 22:45:00,
21672,2023-08-14 23:00:00,
21673,2023-08-14 23:15:00,
21674,2023-08-14 23:30:00,
21675,2023-08-14 23:45:00,
21676,2023-08-15 00:00:00,
21677,2023-08-15 00:15:00,
21678,2023-08-15 00:30:00,
21679,2023-08-15 00:45:00,
21680,2023-08-15 01:00:00,
21681,2023-08-15 01:15:00,
21682,2023-08-15 01:30:00,
21683,2023-08-15 01:45:00,
21684,2023-08-15 02:00:00,
21685,2023-08-15 02:15:00,
21686,2023-08-15 02:30:00,
21687,2023-08-15 02:45:00,
21688,2023-08-15 03:00:00,
21689,2023-08-15 03:15:00,
21690,2023-08-15 03:30:00,
21691,2023-08-15 03:45:00,
21692,2023-08-15 04:00:00,
21693,2023-08-15 04:15:00,
21694,2023-08-15 04:30:00,
21695,2023-08-15 04:45:00,
21696,2023-08-15 05:00:00,
21697,2023-08-15 05:15:00,
21698,2023-08-15 05:30:00,
21699,2023-08-15 05:45:00,
21700,2023-08-15 06:00:00,
21701,2023-08-15 06:15:00,
21702,2023-08-15 06:30:00,
21703,2023-08-15 06:45:00,
21704,2023-08-15 07:00:00,
21705,2023-08-15 07:15:00,
21706,2023-08-15 07:30:00,
21707,2023-08-15 07:45:00,
21708,2023-08-15 08:00:00,
21709,2023-08-15 08:15:00,
21710,2023-08-15 08:30:00,
21711,2023-08-15 08:45:00,
21712,2023-08-15 09:00:00,
21713,2023-08-15 09:15:00,
21714,2023-08-15 09:30:00,
21715,2023-08-15 09:45:00,
21716,2023-08-15 10:00:00,
21717,2023-08-15 10:15:00,
21718,2023-08-15 10:30:00,
21719,2023-08-15 10:45:00,
21720,2023-08-15 11:00:00,
21721,2023-08-15 11:15:00,
21722,2023-08-15 11:30:00,
21723,2023-08-15 11:45:00,
21724,2023-08-15 12:00:00,
21725,2023-08-15 12:15:00,
21726,2023-08-15 12:30:00,
21727,2023-08-15 12:45:00,
21728,2023-08-15 13:00:00,
21729,2023-08-15 13:15:00,
21730,2023-08-15 13:30:00,
21731,2023-08-15 13:45:00,
21732,2023-08-15 14:00:00,
21733,2023-08-15 14:15:00,
21734,2023-08-15 14:30:00,
21735,2023-08-15 14:45:00,
21736,2023-08-15 15:00:00,
21737,2023-08-15 15:15:00,
21738,2023-08-15 15:30:00,
21739,2023-08-15 15:45:00,
21740,2023-08-15 16:00:00,
21741,2023-08-15 16:15:00,
21742,2023-08-15 16:30:00,
21743,2023-08-15 16:45:00,
21744,2023-08-15 17:00:00,
21745,2023-08-15 17:15:00,
21746,2023-08-15 17:30:00,
21747,2023-08-15 17:45:00,
21748,2023-08-15 18:00:00,
21749,2023-08-15 18:15:00,
21750,2023-08-15 18:30:00,
21751,2023-08-15 18:45:00,
21752,2023-08-15 19:00:00,
21753,2023-08-15 19:15:00,
21754,2023-08-15 19:30:00,
21755,2023-08-15 19:45:00,
21756,2023-08-15 20:00:00,
21757,2023-08-15 20:15:00,
21758,2023-08-15 20:30:00,
21759,2023-08-15 20:45:00,
21760,2023-08-15 21:00:00,
21761,2023-08-15 21:15:00,
21762,2023-08-15 21:30:00,
21763,2023-08-15 21:45:00,
21764,2023-08-15 22:00:00,
21765,2023-08-15 22:15:00,
21766,2023-08-15 22:30:00,
21767,2023-08-15 22:45:00,
21768,2023-08-15 23:00:00,
21769,2023-08-15 23:15:00,
21770,2023-08-15 23:30:00,
21771,2023-08-15 23:45:00,
21772,2023-08-16 00:00:00,
21773,2023-08-16 00:15:00,
21774,2023-08-16 00:30:00,
21775,2023-08-16 00:45:00,
21776,2023-08-16 01:00:00,
21777,2023-08-16 01:15:00,
21778,2023-08-16 01:30:00,
21779,2023-08-16 01:45:00,
21780,2023-08-16 02:00:00,
21781,2023-08-16 02:15:00,
21782,2023-08-16 02:30:00,
21783,2023-08-16 02:45:00,
21784,2023-08-16 03:00:00,
21785,2023-08-16 03:15:00,
21786,2023-08-16 03:30:00,
21787,2023-08-16 03:45:00,
21788,2023-08-16 04:00:00,
21789,2023-08-16 04:15:00,
21790,2023-08-16 04:30:00,
21791,2023-08-16 04:45:00,
21792,2023-08-16 05:00:00,
21793,2023-08-16 05:15:00,
21794,2023-08-16 05:30:00,
21795,2023-08-16 05:45:00,
21796,2023-08-16 06:00:00,
21797,2023-08-16 06:15:00,
21798,2023-08-16 06:30:00,
21799,2023-08-16 06:45:00,
21800,2023-08-16 07:00:00,
21801,2023-08-16 07:15:00,
21802,2023-08-16 07:30:00,
21803,2023-08-16 07:45:00,
21804,2023-08-16 08:00:00,
21805,2023-08-16 08:15:00,
21806,2023-08-16 08:30:00,
21807,2023-08-16 08:45:00,
21808,2023-08-16 09:00:00,
21809,2023-08-16 09:15:00,
21810,2023-08-16 09:30:00,
21811,2023-08-16 09:45:00,
21812,2023-08-16 10:00:00,
21813,2023-08-16 10:15:00,
21814,2023-08-16 10:30:00,
21815,2023-08-16 10:45:00,
21816,2023-08-16 11:00:00,
21817,2023-08-16 11:15:00,
21818,2023-08-16 11:30:00,
21819,2023-08-16 11:45:00,
21820,2023-08-16 12:00:00,
21821,2023-08-16 12:15:00,
21822,2023-08-16 12:30:00,
21823,2023-08-16 12:45:00,
21824,2023-08-16 13:00:00,
21825,2023-08-16 13:15:00,
21826,2023-08-16 13:30:00,
21827,2023-08-16 13:45:00,
21828,2023-08-16 14:00:00,
21829,2023-08-16 14:15:00,
21830,2023-08-16 14:30:00,
21831,2023-08-16 14:45:00,
21832,2023-08-16 15:00:00,
21833,2023-08-16 15:15:00,
21834,2023-08-16 15:30:00,
21835,2023-08-16 15:45:00,
21836,2023-08-16 16:00:00,
21837,2023-08-16 16:15:00,
21838,2023-08-16 16:30:00,
21839,2023-08-16 16:45:00,
21840,2023-08-16 17:00:00,
21841,2023-08-16 17:15:00,
21842,2023-08-16 17:30:00,
21843,2023-08-16 17:45:00,
21844,2023-08-16 18:00:00,
21845,2023-08-16 18:15:00,
21846,2023-08-16 18:30:00,
21847,2023-08-16 18:45:00,
21848,2023-08-16 19:00:00,
21849,2023-08-16 19:15:00,
21850,2023-08-16 19:30:00,
21851,2023-08-16 19:45:00,
21852,2023-08-16 20:00:00,
21853,2023-08-16 20:15:00,
21854,2023-08-16 20:30:00,
21855,2023-08-16 20:45:00,
21856,2023-08-16 21:00:00,
21857,2023-08-16 21:15:00,
21858,2023-08-16 21:30:00,
21859,2023-08-16 21:45:00,
21860,2023-08-16 22:00:00,
21861,2023-08-16 22:15:00,
21862,2023-08-16 22:30:00,
21863,2023-08-16 22:45:00,
21864,2023-08-16 23:00:00,
21865,2023-08-16 23:15:00,
21866,2023-08-16 23:30:00,
21867,2023-08-16 23:45:00,
21868,2023-08-17 00:00:00,
21869,2023-08-17 00:15:00,
21870,2023-08-17 00:30:00,
21871,2023-08-17 00:45:00,
21872,2023-08-17 01:00:00,
21873,2023-08-17 01:15:00,
21874,2023-08-17 01:30:00,
21875,2023-08-17 01:45:00,
21876,2023-08-17 02:00:00,
21877,2023-08-17 02:15:00,
21878,2023-08-17 02:30:00,
21879,2023-08-17 02:45:00,
21880,2023-08-17 03:00:00,
21881,2023-08-17 03:15:00,
21882,2023-08-17 03:30:00,
21883,2023-08-17 03:45:00,
21884,2023-08-17 04:00:00,
21885,2023-08-17 04:15:00,
21886,2023-08-17 04:30:00,
21887,2023-08-17 04:45:00,
21888,2023-08-17 05:00:00,
21889,2023-08-17 05:15:00,
21890,2023-08-17 05:30:00,
21891,2023-08-17 05:45:00,
21892,2023-08-17 06:00:00,
21893,2023-08-17 06:15:00,
21894,2023-08-17 06:30:00,
21895,2023-08-17 06:45:00,
21896,2023-08-17 07:00:00,
21897,2023-08-17 07:15:00,
21898,2023-08-17 07:30:00,
21899,2023-08-17 07:45:00,
21900,2023-08-17 08:00:00,
21901,2023-08-17 08:15:00,
21902,2023-08-17 08:30:00,
21903,2023-08-17 08:45:00,
21904,2023-08-17 09:00:00,
21905,2023-08-17 09:15:00,
21906,2023-08-17 09:30:00,
21907,2023-08-17 09:45:00,
21908,2023-08-17 10:00:00,
21909,2023-08-17 10:15:00,
21910,2023-08-17 10:30:00,
21911,2023-08-17 10:45:00,
21912,2023-08-17 11:00:00,
21913,2023-08-17 11:15:00,
21914,2023-08-17 11:30:00,
21915,2023-08-17 11:45:00,
21916,2023-08-17 12:00:00,
21917,2023-08-17 12:15:00,
21918,2023-08-17 12:30:00,
21919,2023-08-17 12:45:00,
21920,2023-08-17 13:00:00,
21921,2023-08-17 13:15:00,
21922,2023-08-17 13:30:00,
21923,2023-08-17 13:45:00,
21924,2023-08-17 14:00:00,
21925,2023-08-17 14:15:00,
21926,2023-08-17 14:30:00,
21927,2023-08-17 14:45:00,
21928,2023-08-17 15:00:00,
21929,2023-08-17 15:15:00,
21930,2023-08-17 15:30:00,
21931,2023-08-17 15:45:00,
21932,2023-08-17 16:00:00,
21933,2023-08-17 16:15:00,
21934,2023-08-17 16:30:00,
21935,2023-08-17 16:45:00,
21936,2023-08-17 17:00:00,
21937,2023-08-17 17:15:00,
21938,2023-08-17 17:30:00,
21939,2023-08-17 17:45:00,
21940,2023-08-17 18:00:00,
21941,2023-08-17 18:15:00,
21942,2023-08-17 18:30:00,
21943,2023-08-17 18:45:00,
21944,2023-08-17 19:00:00,
21945,2023-08-17 19:15:00,
21946,2023-08-17 19:30:00,
21947,2023-08-17 19:45:00,
21948,2023-08-17 20:00:00,
21949,2023-08-17 20:15:00,
21950,2023-08-17 20:30:00,
21951,2023-08-17 20:45:00,
21952,2023-08-17 21:00:00,
21953,2023-08-17 21:15:00,
21954,2023-08-17 21:30:00,
21955,2023-08-17 21:45:00,
21956,2023-08-17 22:00:00,
21957,2023-08-17 22:15:00,
21958,2023-08-17 22:30:00,
21959,2023-08-17 22:45:00,
21960,2023-08-17 23:00:00,
21961,2023-08-17 23:15:00,
21962,2023-08-17 23:30:00,
21963,2023-08-17 23:45:00,
21964,2023-08-18 00:00:00,
21965,2023-08-18 00:15:00,
21966,2023-08-18 00:30:00,
21967,2023-08-18 00:45:00,
21968,2023-08-18 01:00:00,
21969,2023-08-18 01:15:00,
21970,2023-08-18 01:30:00,
21971,2023-08-18 01:45:00,
21972,2023-08-18 02:00:00,
21973,2023-08-18 02:15:00,
21974,2023-08-18 02:30:00,
21975,2023-08-18 02:45:00,
21976,2023-08-18 03:00:00,
21977,2023-08-18 03:15:00,
21978,2023-08-18 03:30:00,
21979,2023-08-18 03:45:00,
21980,2023-08-18 04:00:00,
21981,2023-08-18 04:15:00,
21982,2023-08-18 04:30:00,
21983,2023-08-18 04:45:00,
21984,2023-08-18 05:00:00,
21985,2023-08-18 05:15:00,
21986,2023-08-18 05:30:00,
21987,2023-08-18 05:45:00,
21988,2023-08-18 06:00:00,
21989,2023-08-18 06:15:00,
21990,2023-08-18 06:30:00,
21991,2023-08-18 06:45:00,
21992,2023-08-18 07:00:00,
21993,2023-08-18 07:15:00,
21994,2023-08-18 07:30:00,
21995,2023-08-18 07:45:00,
21996,2023-08-18 08:00:00,
21997,2023-08-18 08:15:00,
21998,2023-08-18 08:30:00,
21999,2023-08-18 08:45:00,
22000,2023-08-18 09:00:00,
22001,2023-08-18 09:15:00,
22002,2023-08-18 09:30:00,
22003,2023-08-18 09:45:00,
22004,2023-08-18 10:00:00,
22005,2023-08-18 10:15:00,
22006,2023-08-18 10:30:00,
22007,2023-08-18 10:45:00,
22008,2023-08-18 11:00:00,
22009,2023-08-18 11:15:00,
22010,2023-08-18 11:30:00,
22011,2023-08-18 11:45:00,
22012,2023-08-18 12:00:00,
22013,2023-08-18 12:15:00,
22014,2023-08-18 12:30:00,
22015,2023-08-18 12:45:00,
22016,2023-08-18 13:00:00,
22017,2023-08-18 13:15:00,
22018,2023-08-18 13:30:00,
22019,2023-08-18 13:45:00,
22020,2023-08-18 14:00:00,
22021,2023-08-18 14:15:00,
22022,2023-08-18 14:30:00,
22023,2023-08-18 14:45:00,
22024,2023-08-18 15:00:00,
22025,2023-08-18 15:15:00,
22026,2023-08-18 15:30:00,
22027,2023-08-18 15:45:00,
22028,2023-08-18 16:00:00,
22029,2023-08-18 16:15:00,
22030,2023-08-18 16:30:00,
22031,2023-08-18 16:45:00,
22032,2023-08-18 17:00:00,
22033,2023-08-18 17:15:00,
22034,2023-08-18 17:30:00,
22035,2023-08-18 17:45:00,
22036,2023-08-18 18:00:00,
22037,2023-08-18 18:15:00,
22038,2023-08-18 18:30:00,
22039,2023-08-18 18:45:00,
22040,2023-08-18 19:00:00,
22041,2023-08-18 19:15:00,
22042,2023-08-18 19:30:00,
22043,2023-08-18 19:45:00,
22044,2023-08-18 20:00:00,
22045,2023-08-18 20:15:00,
22046,2023-08-18 20:30:00,
22047,2023-08-18 20:45:00,
22048,2023-08-18 21:00:00,
22049,2023-08-18 21:15:00,
22050,2023-08-18 21:30:00,
22051,2023-08-18 21:45:00,
22052,2023-08-18 22:00:00,
22053,2023-08-18 22:15:00,
22054,2023-08-18 22:30:00,
22055,2023-08-18 22:45:00,
22056,2023-08-18 23:00:00,
22057,2023-08-18 23:15:00,
22058,2023-08-18 23:30:00,
22059,2023-08-18 23:45:00,
22060,2023-08-19 00:00:00,
22061,2023-08-19 00:15:00,
22062,2023-08-19 00:30:00,
22063,2023-08-19 00:45:00,
22064,2023-08-19 01:00:00,
22065,2023-08-19 01:15:00,
22066,2023-08-19 01:30:00,
22067,2023-08-19 01:45:00,
22068,2023-08-19 02:00:00,
22069,2023-08-19 02:15:00,
22070,2023-08-19 02:30:00,
22071,2023-08-19 02:45:00,
22072,2023-08-19 03:00:00,
22073,2023-08-19 03:15:00,
22074,2023-08-19 03:30:00,
22075,2023-08-19 03:45:00,
22076,2023-08-19 04:00:00,
22077,2023-08-19 04:15:00,
22078,2023-08-19 04:30:00,
22079,2023-08-19 04:45:00,
22080,2023-08-19 05:00:00,
22081,2023-08-19 05:15:00,
22082,2023-08-19 05:30:00,
22083,2023-08-19 05:45:00,
22084,2023-08-19 06:00:00,
22085,2023-08-19 06:15:00,
22086,2023-08-19 06:30:00,
22087,2023-08-19 06:45:00,
22088,2023-08-19 07:00:00,
22089,2023-08-19 07:15:00,
22090,2023-08-19 07:30:00,
22091,2023-08-19 07:45:00,
22092,2023-08-19 08:00:00,
22093,2023-08-19 08:15:00,
22094,2023-08-19 08:30:00,
22095,2023-08-19 08:45:00,
22096,2023-08-19 09:00:00,
22097,2023-08-19 09:15:00,
22098,2023-08-19 09:30:00,
22099,2023-08-19 09:45:00,
22100,2023-08-19 10:00:00,
22101,2023-08-19 10:15:00,
22102,2023-08-19 10:30:00,
22103,2023-08-19 10:45:00,
22104,2023-08-19 11:00:00,
22105,2023-08-19 11:15:00,
22106,2023-08-19 11:30:00,
22107,2023-08-19 11:45:00,
22108,2023-08-19 12:00:00,
22109,2023-08-19 12:15:00,
22110,2023-08-19 12:30:00,
22111,2023-08-19 12:45:00,
22112,2023-08-19 13:00:00,
22113,2023-08-19 13:15:00,
22114,2023-08-19 13:30:00,
22115,2023-08-19 13:45:00,
22116,2023-08-19 14:00:00,
22117,2023-08-19 14:15:00,
22118,2023-08-19 14:30:00,
22119,2023-08-19 14:45:00,
22120,2023-08-19 15:00:00,
22121,2023-08-19 15:15:00,
22122,2023-08-19 15:30:00,
22123,2023-08-19 15:45:00,
22124,2023-08-19 16:00:00,
22125,2023-08-19 16:15:00,
22126,2023-08-19 16:30:00,
22127,2023-08-19 16:45:00,
22128,2023-08-19 17:00:00,
22129,2023-08-19 17:15:00,
22130,2023-08-19 17:30:00,
22131,2023-08-19 17:45:00,
22132,2023-08-19 18:00:00,
22133,2023-08-19 18:15:00,
22134,2023-08-19 18:30:00,
22135,2023-08-19 18:45:00,
22136,2023-08-19 19:00:00,
22137,2023-08-19 19:15:00,
22138,2023-08-19 19:30:00,
22139,2023-08-19 19:45:00,
22140,2023-08-19 20:00:00,
22141,2023-08-19 20:15:00,
22142,2023-08-19 20:30:00,
22143,2023-08-19 20:45:00,
22144,2023-08-19 21:00:00,
22145,2023-08-19 21:15:00,
22146,2023-08-19 21:30:00,
22147,2023-08-19 21:45:00,
22148,2023-08-19 22:00:00,
22149,2023-08-19 22:15:00,
22150,2023-08-19 22:30:00,
22151,2023-08-19 22:45:00,
22152,2023-08-19 23:00:00,
22153,2023-08-19 23:15:00,
22154,2023-08-19 23:30:00,
22155,2023-08-19 23:45:00,
22156,2023-08-20 00:00:00,
22157,2023-08-20 00:15:00,
22158,2023-08-20 00:30:00,
22159,2023-08-20 00:45:00,
22160,2023-08-20 01:00:00,
22161,2023-08-20 01:15:00,
22162,2023-08-20 01:30:00,
22163,2023-08-20 01:45:00,
22164,2023-08-20 02:00:00,
22165,2023-08-20 02:15:00,
22166,2023-08-20 02:30:00,
22167,2023-08-20 02:45:00,
22168,2023-08-20 03:00:00,
22169,2023-08-20 03:15:00,
22170,2023-08-20 03:30:00,
22171,2023-08-20 03:45:00,
22172,2023-08-20 04:00:00,
22173,2023-08-20 04:15:00,
22174,2023-08-20 04:30:00,
22175,2023-08-20 04:45:00,
22176,2023-08-20 05:00:00,
22177,2023-08-20 05:15:00,
22178,2023-08-20 05:30:00,
22179,2023-08-20 05:45:00,
22180,2023-08-20 06:00:00,
22181,2023-08-20 06:15:00,
22182,2023-08-20 06:30:00,
22183,2023-08-20 06:45:00,
22184,2023-08-20 07:00:00,
22185,2023-08-20 07:15:00,
22186,2023-08-20 07:30:00,
22187,2023-08-20 07:45:00,
22188,2023-08-20 08:00:00,
22189,2023-08-20 08:15:00,
22190,2023-08-20 08:30:00,
22191,2023-08-20 08:45:00,
22192,2023-08-20 09:00:00,
22193,2023-08-20 09:15:00,
22194,2023-08-20 09:30:00,
22195,2023-08-20 09:45:00,
22196,2023-08-20 10:00:00,
22197,2023-08-20 10:15:00,
22198,2023-08-20 10:30:00,
22199,2023-08-20 10:45:00,
22200,2023-08-20 11:00:00,
22201,2023-08-20 11:15:00,
22202,2023-08-20 11:30:00,
22203,2023-08-20 11:45:00,
22204,2023-08-20 12:00:00,
22205,2023-08-20 12:15:00,
22206,2023-08-20 12:30:00,
22207,2023-08-20 12:45:00,
22208,2023-08-20 13:00:00,
22209,2023-08-20 13:15:00,
22210,2023-08-20 13:30:00,
22211,2023-08-20 13:45:00,
22212,2023-08-20 14:00:00,
22213,2023-08-20 14:15:00,
22214,2023-08-20 14:30:00,
22215,2023-08-20 14:45:00,
22216,2023-08-20 15:00:00,
22217,2023-08-20 15:15:00,
22218,2023-08-20 15:30:00,
22219,2023-08-20 15:45:00,
22220,2023-08-20 16:00:00,
22221,2023-08-20 16:15:00,
22222,2023-08-20 16:30:00,
22223,2023-08-20 16:45:00,
22224,2023-08-20 17:00:00,
22225,2023-08-20 17:15:00,
22226,2023-08-20 17:30:00,
22227,2023-08-20 17:45:00,
22228,2023-08-20 18:00:00,
22229,2023-08-20 18:15:00,
22230,2023-08-20 18:30:00,
22231,2023-08-20 18:45:00,
22232,2023-08-20 19:00:00,
22233,2023-08-20 19:15:00,
22234,2023-08-20 19:30:00,
22235,2023-08-20 19:45:00,
22236,2023-08-20 20:00:00,
22237,2023-08-20 20:15:00,
22238,2023-08-20 20:30:00,
22239,2023-08-20 20:45:00,
22240,2023-08-20 21:00:00,
22241,2023-08-20 21:15:00,
22242,2023-08-20 21:30:00,
22243,2023-08-20 21:45:00,
22244,2023-08-20 22:00:00,
22245,2023-08-20 22:15:00,
22246,2023-08-20 22:30:00,
22247,2023-08-20 22:45:00,
22248,2023-08-20 23:00:00,
22249,2023-08-20 23:15:00,
22250,2023-08-20 23:30:00,
22251,2023-08-20 23:45:00,
22252,2023-08-21 00:00:00,
22253,2023-08-21 00:15:00,
22254,2023-08-21 00:30:00,
22255,2023-08-21 00:45:00,
22256,2023-08-21 01:00:00,
22257,2023-08-21 01:15:00,
22258,2023-08-21 01:30:00,
22259,2023-08-21 01:45:00,
22260,2023-08-21 02:00:00,
22261,2023-08-21 02:15:00,
22262,2023-08-21 02:30:00,
22263,2023-08-21 02:45:00,
22264,2023-08-21 03:00:00,
22265,2023-08-21 03:15:00,
22266,2023-08-21 03:30:00,
22267,2023-08-21 03:45:00,
22268,2023-08-21 04:00:00,
22269,2023-08-21 04:15:00,
22270,2023-08-21 04:30:00,
22271,2023-08-21 04:45:00,
22272,2023-08-21 05:00:00,
22273,2023-08-21 05:15:00,
22274,2023-08-21 05:30:00,
22275,2023-08-21 05:45:00,
22276,2023-08-21 06:00:00,
22277,2023-08-21 06:15:00,
22278,2023-08-21 06:30:00,
22279,2023-08-21 06:45:00,
22280,2023-08-21 07:00:00,
22281,2023-08-21 07:15:00,
22282,2023-08-21 07:30:00,
22283,2023-08-21 07:45:00,
22284,2023-08-21 08:00:00,
22285,2023-08-21 08:15:00,
22286,2023-08-21 08:30:00,
22287,2023-08-21 08:45:00,
22288,2023-08-21 09:00:00,
22289,2023-08-21 09:15:00,
22290,2023-08-21 09:30:00,
22291,2023-08-21 09:45:00,
22292,2023-08-21 10:00:00,
22293,2023-08-21 10:15:00,
22294,2023-08-21 10:30:00,
22295,2023-08-21 10:45:00,
22296,2023-08-21 11:00:00,
22297,2023-08-21 11:15:00,
22298,2023-08-21 11:30:00,
22299,2023-08-21 11:45:00,
22300,2023-08-21 12:00:00,
22301,2023-08-21 12:15:00,
22302,2023-08-21 12:30:00,
22303,2023-08-21 12:45:00,
22304,2023-08-21 13:00:00,
22305,2023-08-21 13:15:00,
22306,2023-08-21 13:30:00,
22307,2023-08-21 13:45:00,
22308,2023-08-21 14:00:00,
22309,2023-08-21 14:15:00,
22310,2023-08-21 14:30:00,
22311,2023-08-21 14:45:00,
22312,2023-08-21 15:00:00,
22313,2023-08-21 15:15:00,
22314,2023-08-21 15:30:00,
22315,2023-08-21 15:45:00,
22316,2023-08-21 16:00:00,
22317,2023-08-21 16:15:00,
22318,2023-08-21 16:30:00,
22319,2023-08-21 16:45:00,
22320,2023-08-21 17:00:00,
22321,2023-08-21 17:15:00,
22322,2023-08-21 17:30:00,
22323,2023-08-21 17:45:00,
22324,2023-08-21 18:00:00,
22325,2023-08-21 18:15:00,
22326,2023-08-21 18:30:00,
22327,2023-08-21 18:45:00,
22328,2023-08-21 19:00:00,
22329,2023-08-21 19:15:00,
22330,2023-08-21 19:30:00,
22331,2023-08-21 19:45:00,
22332,2023-08-21 20:00:00,
22333,2023-08-21 20:15:00,
22334,2023-08-21 20:30:00,
22335,2023-08-21 20:45:00,
22336,2023-08-21 21:00:00,
22337,2023-08-21 21:15:00,
22338,2023-08-21 21:30:00,
22339,2023-08-21 21:45:00,
22340,2023-08-21 22:00:00,
22341,2023-08-21 22:15:00,
22342,2023-08-21 22:30:00,
22343,2023-08-21 22:45:00,
22344,2023-08-21 23:00:00,
22345,2023-08-21 23:15:00,
22346,2023-08-21 23:30:00,
22347,2023-08-21 23:45:00,
22348,2023-08-22 00:00:00,
22349,2023-08-22 00:15:00,
22350,2023-08-22 00:30:00,
22351,2023-08-22 00:45:00,
22352,2023-08-22 01:00:00,
22353,2023-08-22 01:15:00,
22354,2023-08-22 01:30:00,
22355,2023-08-22 01:45:00,
22356,2023-08-22 02:00:00,
22357,2023-08-22 02:15:00,
22358,2023-08-22 02:30:00,
22359,2023-08-22 02:45:00,
22360,2023-08-22 03:00:00,
22361,2023-08-22 03:15:00,
22362,2023-08-22 03:30:00,
22363,2023-08-22 03:45:00,
22364,2023-08-22 04:00:00,
22365,2023-08-22 04:15:00,
22366,2023-08-22 04:30:00,
22367,2023-08-22 04:45:00,
22368,2023-08-22 05:00:00,
22369,2023-08-22 05:15:00,
22370,2023-08-22 05:30:00,
22371,2023-08-22 05:45:00,
22372,2023-08-22 06:00:00,
22373,2023-08-22 06:15:00,
22374,2023-08-22 06:30:00,
22375,2023-08-22 06:45:00,
22376,2023-08-22 07:00:00,
22377,2023-08-22 07:15:00,
22378,2023-08-22 07:30:00,
22379,2023-08-22 07:45:00,
22380,2023-08-22 08:00:00,
22381,2023-08-22 08:15:00,
22382,2023-08-22 08:30:00,
22383,2023-08-22 08:45:00,
22384,2023-08-22 09:00:00,
22385,2023-08-22 09:15:00,
22386,2023-08-22 09:30:00,
22387,2023-08-22 09:45:00,
22388,2023-08-22 10:00:00,
22389,2023-08-22 10:15:00,
22390,2023-08-22 10:30:00,
22391,2023-08-22 10:45:00,
22392,2023-08-22 11:00:00,
22393,2023-08-22 11:15:00,
22394,2023-08-22 11:30:00,
22395,2023-08-22 11:45:00,
22396,2023-08-22 12:00:00,
22397,2023-08-22 12:15:00,
22398,2023-08-22 12:30:00,
22399,2023-08-22 12:45:00,
22400,2023-08-22 13:00:00,
22401,2023-08-22 13:15:00,
22402,2023-08-22 13:30:00,
22403,2023-08-22 13:45:00,
22404,2023-08-22 14:00:00,
22405,2023-08-22 14:15:00,
22406,2023-08-22 14:30:00,
22407,2023-08-22 14:45:00,
22408,2023-08-22 15:00:00,
22409,2023-08-22 15:15:00,
22410,2023-08-22 15:30:00,
22411,2023-08-22 15:45:00,
22412,2023-08-22 16:00:00,
22413,2023-08-22 16:15:00,
22414,2023-08-22 16:30:00,
22415,2023-08-22 16:45:00,
22416,2023-08-22 17:00:00,
22417,2023-08-22 17:15:00,
22418,2023-08-22 17:30:00,
22419,2023-08-22 17:45:00,
22420,2023-08-22 18:00:00,
22421,2023-08-22 18:15:00,
22422,2023-08-22 18:30:00,
22423,2023-08-22 18:45:00,
22424,2023-08-22 19:00:00,
22425,2023-08-22 19:15:00,
22426,2023-08-22 19:30:00,
22427,2023-08-22 19:45:00,
22428,2023-08-22 20:00:00,
22429,2023-08-22 20:15:00,
22430,2023-08-22 20:30:00,
22431,2023-08-22 20:45:00,
22432,2023-08-22 21:00:00,
22433,2023-08-22 21:15:00,
22434,2023-08-22 21:30:00,
22435,2023-08-22 21:45:00,
22436,2023-08-22 22:00:00,
22437,2023-08-22 22:15:00,
22438,2023-08-22 22:30:00,
22439,2023-08-22 22:45:00,
22440,2023-08-22 23:00:00,
22441,2023-08-22 23:15:00,
22442,2023-08-22 23:30:00,
22443,2023-08-22 23:45:00,
22444,2023-08-23 00:00:00,
22445,2023-08-23 00:15:00,
22446,2023-08-23 00:30:00,
22447,2023-08-23 00:45:00,
22448,2023-08-23 01:00:00,
22449,2023-08-23 01:15:00,
22450,2023-08-23 01:30:00,
22451,2023-08-23 01:45:00,
22452,2023-08-23 02:00:00,
22453,2023-08-23 02:15:00,
22454,2023-08-23 02:30:00,
22455,2023-08-23 02:45:00,
22456,2023-08-23 03:00:00,
22457,2023-08-23 03:15:00,
22458,2023-08-23 03:30:00,
22459,2023-08-23 03:45:00,
22460,2023-08-23 04:00:00,
22461,2023-08-23 04:15:00,
22462,2023-08-23 04:30:00,
22463,2023-08-23 04:45:00,
22464,2023-08-23 05:00:00,
22465,2023-08-23 05:15:00,
22466,2023-08-23 05:30:00,
22467,2023-08-23 05:45:00,
22468,2023-08-23 06:00:00,
22469,2023-08-23 06:15:00,
22470,2023-08-23 06:30:00,
22471,2023-08-23 06:45:00,
22472,2023-08-23 07:00:00,
22473,2023-08-23 07:15:00,
22474,2023-08-23 07:30:00,
22475,2023-08-23 07:45:00,
22476,2023-08-23 08:00:00,
22477,2023-08-23 08:15:00,
22478,2023-08-23 08:30:00,
22479,2023-08-23 08:45:00,
22480,2023-08-23 09:00:00,
22481,2023-08-23 09:15:00,
22482,2023-08-23 09:30:00,
22483,2023-08-23 09:45:00,
22484,2023-08-23 10:00:00,
22485,2023-08-23 10:15:00,
22486,2023-08-23 10:30:00,
22487,2023-08-23 10:45:00,
22488,2023-08-23 11:00:00,
22489,2023-08-23 11:15:00,
22490,2023-08-23 11:30:00,
22491,2023-08-23 11:45:00,
22492,2023-08-23 12:00:00,
22493,2023-08-23 12:15:00,
22494,2023-08-23 12:30:00,
22495,2023-08-23 12:45:00,
22496,2023-08-23 13:00:00,
22497,2023-08-23 13:15:00,
22498,2023-08-23 13:30:00,
22499,2023-08-23 13:45:00,
22500,2023-08-23 14:00:00,
22501,2023-08-23 14:15:00,
22502,2023-08-23 14:30:00,
22503,2023-08-23 14:45:00,
22504,2023-08-23 15:00:00,
22505,2023-08-23 15:15:00,
22506,2023-08-23 15:30:00,
22507,2023-08-23 15:45:00,
22508,2023-08-23 16:00:00,
22509,2023-08-23 16:15:00,
22510,2023-08-23 16:30:00,
22511,2023-08-23 16:45:00,
22512,2023-08-23 17:00:00,
22513,2023-08-23 17:15:00,
22514,2023-08-23 17:30:00,
22515,2023-08-23 17:45:00,
22516,2023-08-23 18:00:00,
22517,2023-08-23 18:15:00,
22518,2023-08-23 18:30:00,
22519,2023-08-23 18:45:00,
22520,2023-08-23 19:00:00,
22521,2023-08-23 19:15:00,
22522,2023-08-23 19:30:00,
22523,2023-08-23 19:45:00,
22524,2023-08-23 20:00:00,
22525,2023-08-23 20:15:00,
22526,2023-08-23 20:30:00,
22527,2023-08-23 20:45:00,
22528,2023-08-23 21:00:00,
22529,2023-08-23 21:15:00,
22530,2023-08-23 21:30:00,
22531,2023-08-23 21:45:00,
22532,2023-08-23 22:00:00,
22533,2023-08-23 22:15:00,
22534,2023-08-23 22:30:00,
22535,2023-08-23 22:45:00,
22536,2023-08-23 23:00:00,
22537,2023-08-23 23:15:00,
22538,2023-08-23 23:30:00,
22539,2023-08-23 23:45:00,
22540,2023-08-24 00:00:00,
22541,2023-08-24 00:15:00,
22542,2023-08-24 00:30:00,
22543,2023-08-24 00:45:00,
22544,2023-08-24 01:00:00,
22545,2023-08-24 01:15:00,
22546,2023-08-24 01:30:00,
22547,2023-08-24 01:45:00,
22548,2023-08-24 02:00:00,
22549,2023-08-24 02:15:00,
22550,2023-08-24 02:30:00,
22551,2023-08-24 02:45:00,
22552,2023-08-24 03:00:00,
22553,2023-08-24 03:15:00,
22554,2023-08-24 03:30:00,
22555,2023-08-24 03:45:00,
22556,2023-08-24 04:00:00,
22557,2023-08-24 04:15:00,
22558,2023-08-24 04:30:00,
22559,2023-08-24 04:45:00,
22560,2023-08-24 05:00:00,
22561,2023-08-24 05:15:00,
22562,2023-08-24 05:30:00,
22563,2023-08-24 05:45:00,
22564,2023-08-24 06:00:00,
22565,2023-08-24 06:15:00,
22566,2023-08-24 06:30:00,
22567,2023-08-24 06:45:00,
22568,2023-08-24 07:00:00,
22569,2023-08-24 07:15:00,
22570,2023-08-24 07:30:00,
22571,2023-08-24 07:45:00,
22572,2023-08-24 08:00:00,
22573,2023-08-24 08:15:00,
22574,2023-08-24 08:30:00,
22575,2023-08-24 08:45:00,
22576,2023-08-24 09:00:00,
22577,2023-08-24 09:15:00,
22578,2023-08-24 09:30:00,
22579,2023-08-24 09:45:00,
22580,2023-08-24 10:00:00,
22581,2023-08-24 10:15:00,
22582,2023-08-24 10:30:00,
22583,2023-08-24 10:45:00,
22584,2023-08-24 11:00:00,
22585,2023-08-24 11:15:00,
22586,2023-08-24 11:30:00,
22587,2023-08-24 11:45:00,
22588,2023-08-24 12:00:00,
22589,2023-08-24 12:15:00,
22590,2023-08-24 12:30:00,
22591,2023-08-24 12:45:00,
22592,2023-08-24 13:00:00,
22593,2023-08-24 13:15:00,
22594,2023-08-24 13:30:00,
22595,2023-08-24 13:45:00,
22596,2023-08-24 14:00:00,
22597,2023-08-24 14:15:00,
22598,2023-08-24 14:30:00,
22599,2023-08-24 14:45:00,
22600,2023-08-24 15:00:00,
22601,2023-08-24 15:15:00,
22602,2023-08-24 15:30:00,
22603,2023-08-24 15:45:00,
22604,2023-08-24 16:00:00,
22605,2023-08-24 16:15:00,
22606,2023-08-24 16:30:00,
22607,2023-08-24 16:45:00,
22608,2023-08-24 17:00:00,
22609,2023-08-24 17:15:00,
22610,2023-08-24 17:30:00,
22611,2023-08-24 17:45:00,
22612,2023-08-24 18:00:00,
22613,2023-08-24 18:15:00,
22614,2023-08-24 18:30:00,
22615,2023-08-24 18:45:00,
22616,2023-08-24 19:00:00,
22617,2023-08-24 19:15:00,
22618,2023-08-24 19:30:00,
22619,2023-08-24 19:45:00,
22620,2023-08-24 20:00:00,
22621,2023-08-24 20:15:00,
22622,2023-08-24 20:30:00,
22623,2023-08-24 20:45:00,
22624,2023-08-24 21:00:00,
22625,2023-08-24 21:15:00,
22626,2023-08-24 21:30:00,
22627,2023-08-24 21:45:00,
22628,2023-08-24 22:00:00,
22629,2023-08-24 22:15:00,
22630,2023-08-24 22:30:00,
22631,2023-08-24 22:45:00,
22632,2023-08-24 23:00:00,
22633,2023-08-24 23:15:00,
22634,2023-08-24 23:30:00,
22635,2023-08-24 23:45:00,
22636,2023-08-25 00:00:00,
22637,2023-08-25 00:15:00,
22638,2023-08-25 00:30:00,
22639,2023-08-25 00:45:00,
22640,2023-08-25 01:00:00,
22641,2023-08-25 01:15:00,
22642,2023-08-25 01:30:00,
22643,2023-08-25 01:45:00,
22644,2023-08-25 02:00:00,
22645,2023-08-25 02:15:00,
22646,2023-08-25 02:30:00,
22647,2023-08-25 02:45:00,
22648,2023-08-25 03:00:00,
22649,2023-08-25 03:15:00,
22650,2023-08-25 03:30:00,
22651,2023-08-25 03:45:00,
22652,2023-08-25 04:00:00,
22653,2023-08-25 04:15:00,
22654,2023-08-25 04:30:00,
22655,2023-08-25 04:45:00,
22656,2023-08-25 05:00:00,
22657,2023-08-25 05:15:00,
22658,2023-08-25 05:30:00,
22659,2023-08-25 05:45:00,
22660,2023-08-25 06:00:00,
22661,2023-08-25 06:15:00,
22662,2023-08-25 06:30:00,
22663,2023-08-25 06:45:00,
22664,2023-08-25 07:00:00,
22665,2023-08-25 07:15:00,
22666,2023-08-25 07:30:00,
22667,2023-08-25 07:45:00,
22668,2023-08-25 08:00:00,
22669,2023-08-25 08:15:00,
22670,2023-08-25 08:30:00,
22671,2023-08-25 08:45:00,
22672,2023-08-25 09:00:00,
22673,2023-08-25 09:15:00,
22674,2023-08-25 09:30:00,
22675,2023-08-25 09:45:00,
22676,2023-08-25 10:00:00,
22677,2023-08-25 10:15:00,
22678,2023-08-25 10:30:00,
22679,2023-08-25 10:45:00,
22680,2023-08-25 11:00:00,
22681,2023-08-25 11:15:00,
22682,2023-08-25 11:30:00,
22683,2023-08-25 11:45:00,
22684,2023-08-25 12:00:00,
22685,2023-08-25 12:15:00,
22686,2023-08-25 12:30:00,
22687,2023-08-25 12:45:00,
22688,2023-08-25 13:00:00,
22689,2023-08-25 13:15:00,
22690,2023-08-25 13:30:00,
22691,2023-08-25 13:45:00,
22692,2023-08-25 14:00:00,
22693,2023-08-25 14:15:00,
22694,2023-08-25 14:30:00,
22695,2023-08-25 14:45:00,
22696,2023-08-25 15:00:00,
22697,2023-08-25 15:15:00,
22698,2023-08-25 15:30:00,
22699,2023-08-25 15:45:00,
22700,2023-08-25 16:00:00,
22701,2023-08-25 16:15:00,
22702,2023-08-25 16:30:00,
22703,2023-08-25 16:45:00,
22704,2023-08-25 17:00:00,
22705,2023-08-25 17:15:00,
22706,2023-08-25 17:30:00,
22707,2023-08-25 17:45:00,
22708,2023-08-25 18:00:00,
22709,2023-08-25 18:15:00,
22710,2023-08-25 18:30:00,
22711,2023-08-25 18:45:00,
22712,2023-08-25 19:00:00,
22713,2023-08-25 19:15:00,
22714,2023-08-25 19:30:00,
22715,2023-08-25 19:45:00,
22716,2023-08-25 20:00:00,
22717,2023-08-25 20:15:00,
22718,2023-08-25 20:30:00,
22719,2023-08-25 20:45:00,
22720,2023-08-25 21:00:00,
22721,2023-08-25 21:15:00,
22722,2023-08-25 21:30:00,
22723,2023-08-25 21:45:00,
22724,2023-08-25 22:00:00,
22725,2023-08-25 22:15:00,
22726,2023-08-25 22:30:00,
22727,2023-08-25 22:45:00,
22728,2023-08-25 23:00:00,
22729,2023-08-25 23:15:00,
22730,2023-08-25 23:30:00,
22731,2023-08-25 23:45:00,
22732,2023-08-26 00:00:00,
22733,2023-08-26 00:15:00,
22734,2023-08-26 00:30:00,
22735,2023-08-26 00:45:00,
22736,2023-08-26 01:00:00,
22737,2023-08-26 01:15:00,
22738,2023-08-26 01:30:00,
22739,2023-08-26 01:45:00,
22740,2023-08-26 02:00:00,
22741,2023-08-26 02:15:00,
22742,2023-08-26 02:30:00,
22743,2023-08-26 02:45:00,
22744,2023-08-26 03:00:00,
22745,2023-08-26 03:15:00,
22746,2023-08-26 03:30:00,
22747,2023-08-26 03:45:00,
22748,2023-08-26 04:00:00,
22749,2023-08-26 04:15:00,
22750,2023-08-26 04:30:00,
22751,2023-08-26 04:45:00,
22752,2023-08-26 05:00:00,
22753,2023-08-26 05:15:00,
22754,2023-08-26 05:30:00,
22755,2023-08-26 05:45:00,
22756,2023-08-26 06:00:00,
22757,2023-08-26 06:15:00,
22758,2023-08-26 06:30:00,
22759,2023-08-26 06:45:00,
22760,2023-08-26 07:00:00,
22761,2023-08-26 07:15:00,
22762,2023-08-26 07:30:00,
22763,2023-08-26 07:45:00,
22764,2023-08-26 08:00:00,
22765,2023-08-26 08:15:00,
22766,2023-08-26 08:30:00,
22767,2023-08-26 08:45:00,
22768,2023-08-26 09:00:00,
22769,2023-08-26 09:15:00,
22770,2023-08-26 09:30:00,
22771,2023-08-26 09:45:00,
22772,2023-08-26 10:00:00,
22773,2023-08-26 10:15:00,
22774,2023-08-26 10:30:00,
22775,2023-08-26 10:45:00,
22776,2023-08-26 11:00:00,
22777,2023-08-26 11:15:00,
22778,2023-08-26 11:30:00,
22779,2023-08-26 11:45:00,
22780,2023-08-26 12:00:00,
22781,2023-08-26 12:15:00,
22782,2023-08-26 12:30:00,
22783,2023-08-26 12:45:00,
22784,2023-08-26 13:00:00,
22785,2023-08-26 13:15:00,
22786,2023-08-26 13:30:00,
22787,2023-08-26 13:45:00,
22788,2023-08-26 14:00:00,
22789,2023-08-26 14:15:00,
22790,2023-08-26 14:30:00,
22791,2023-08-26 14:45:00,
22792,2023-08-26 15:00:00,
22793,2023-08-26 15:15:00,
22794,2023-08-26 15:30:00,
22795,2023-08-26 15:45:00,
22796,2023-08-26 16:00:00,
22797,2023-08-26 16:15:00,
22798,2023-08-26 16:30:00,
22799,2023-08-26 16:45:00,
22800,2023-08-26 17:00:00,
22801,2023-08-26 17:15:00,
22802,2023-08-26 17:30:00,
22803,2023-08-26 17:45:00,
22804,2023-08-26 18:00:00,
22805,2023-08-26 18:15:00,
22806,2023-08-26 18:30:00,
22807,2023-08-26 18:45:00,
22808,2023-08-26 19:00:00,
22809,2023-08-26 19:15:00,
22810,2023-08-26 19:30:00,
22811,2023-08-26 19:45:00,
22812,2023-08-26 20:00:00,
22813,2023-08-26 20:15:00,
22814,2023-08-26 20:30:00,
22815,2023-08-26 20:45:00,
22816,2023-08-26 21:00:00,
22817,2023-08-26 21:15:00,
22818,2023-08-26 21:30:00,
22819,2023-08-26 21:45:00,
22820,2023-08-26 22:00:00,
22821,2023-08-26 22:15:00,
22822,2023-08-26 22:30:00,
22823,2023-08-26 22:45:00,
22824,2023-08-26 23:00:00,
22825,2023-08-26 23:15:00,
22826,2023-08-26 23:30:00,
22827,2023-08-26 23:45:00,
22828,2023-08-27 00:00:00,
22829,2023-08-27 00:15:00,
22830,2023-08-27 00:30:00,
22831,2023-08-27 00:45:00,
22832,2023-08-27 01:00:00,
22833,2023-08-27 01:15:00,
22834,2023-08-27 01:30:00,
22835,2023-08-27 01:45:00,
22836,2023-08-27 02:00:00,
22837,2023-08-27 02:15:00,
22838,2023-08-27 02:30:00,
22839,2023-08-27 02:45:00,
22840,2023-08-27 03:00:00,
22841,2023-08-27 03:15:00,
22842,2023-08-27 03:30:00,
22843,2023-08-27 03:45:00,
22844,2023-08-27 04:00:00,
22845,2023-08-27 04:15:00,
22846,2023-08-27 04:30:00,
22847,2023-08-27 04:45:00,
22848,2023-08-27 05:00:00,
22849,2023-08-27 05:15:00,
22850,2023-08-27 05:30:00,
22851,2023-08-27 05:45:00,
22852,2023-08-27 06:00:00,
22853,2023-08-27 06:15:00,
22854,2023-08-27 06:30:00,
22855,2023-08-27 06:45:00,
22856,2023-08-27 07:00:00,
22857,2023-08-27 07:15:00,
22858,2023-08-27 07:30:00,
22859,2023-08-27 07:45:00,
22860,2023-08-27 08:00:00,
22861,2023-08-27 08:15:00,
22862,2023-08-27 08:30:00,
22863,2023-08-27 08:45:00,
22864,2023-08-27 09:00:00,
22865,2023-08-27 09:15:00,
22866,2023-08-27 09:30:00,
22867,2023-08-27 09:45:00,
22868,2023-08-27 10:00:00,
22869,2023-08-27 10:15:00,
22870,2023-08-27 10:30:00,
22871,2023-08-27 10:45:00,
22872,2023-08-27 11:00:00,
22873,2023-08-27 11:15:00,
22874,2023-08-27 11:30:00,
22875,2023-08-27 11:45:00,
22876,2023-08-27 12:00:00,
22877,2023-08-27 12:15:00,
22878,2023-08-27 12:30:00,
22879,2023-08-27 12:45:00,
22880,2023-08-27 13:00:00,
22881,2023-08-27 13:15:00,
22882,2023-08-27 13:30:00,
22883,2023-08-27 13:45:00,
22884,2023-08-27 14:00:00,
22885,2023-08-27 14:15:00,
22886,2023-08-27 14:30:00,
22887,2023-08-27 14:45:00,
22888,2023-08-27 15:00:00,
22889,2023-08-27 15:15:00,
22890,2023-08-27 15:30:00,
22891,2023-08-27 15:45:00,
22892,2023-08-27 16:00:00,
22893,2023-08-27 16:15:00,
22894,2023-08-27 16:30:00,
22895,2023-08-27 16:45:00,
22896,2023-08-27 17:00:00,
22897,2023-08-27 17:15:00,
22898,2023-08-27 17:30:00,
22899,2023-08-27 17:45:00,
22900,2023-08-27 18:00:00,
22901,2023-08-27 18:15:00,
22902,2023-08-27 18:30:00,
22903,2023-08-27 18:45:00,
22904,2023-08-27 19:00:00,
22905,2023-08-27 19:15:00,
22906,2023-08-27 19:30:00,
22907,2023-08-27 19:45:00,
22908,2023-08-27 20:00:00,
22909,2023-08-27 20:15:00,
22910,2023-08-27 20:30:00,
22911,2023-08-27 20:45:00,
22912,2023-08-27 21:00:00,
22913,2023-08-27 21:15:00,
22914,2023-08-27 21:30:00,
22915,2023-08-27 21:45:00,
22916,2023-08-27 22:00:00,
22917,2023-08-27 22:15:00,
22918,2023-08-27 22:30:00,
22919,2023-08-27 22:45:00,
22920,2023-08-27 23:00:00,
22921,2023-08-27 23:15:00,
22922,2023-08-27 23:30:00,
22923,2023-08-27 23:45:00,
22924,2023-08-28 00:00:00,
22925,2023-08-28 00:15:00,
22926,2023-08-28 00:30:00,
22927,2023-08-28 00:45:00,
22928,2023-08-28 01:00:00,
22929,2023-08-28 01:15:00,
22930,2023-08-28 01:30:00,
22931,2023-08-28 01:45:00,
22932,2023-08-28 02:00:00,
22933,2023-08-28 02:15:00,
22934,2023-08-28 02:30:00,
22935,2023-08-28 02:45:00,
22936,2023-08-28 03:00:00,
22937,2023-08-28 03:15:00,
22938,2023-08-28 03:30:00,
22939,2023-08-28 03:45:00,
22940,2023-08-28 04:00:00,
22941,2023-08-28 04:15:00,
22942,2023-08-28 04:30:00,
22943,2023-08-28 04:45:00,
22944,2023-08-28 05:00:00,
22945,2023-08-28 05:15:00,
22946,2023-08-28 05:30:00,
22947,2023-08-28 05:45:00,
22948,2023-08-28 06:00:00,
22949,2023-08-28 06:15:00,
22950,2023-08-28 06:30:00,
22951,2023-08-28 06:45:00,
22952,2023-08-28 07:00:00,
22953,2023-08-28 07:15:00,
22954,2023-08-28 07:30:00,
22955,2023-08-28 07:45:00,
22956,2023-08-28 08:00:00,
22957,2023-08-28 08:15:00,
22958,2023-08-28 08:30:00,
22959,2023-08-28 08:45:00,
22960,2023-08-28 09:00:00,
22961,2023-08-28 09:15:00,
22962,2023-08-28 09:30:00,
22963,2023-08-28 09:45:00,
22964,2023-08-28 10:00:00,
22965,2023-08-28 10:15:00,
22966,2023-08-28 10:30:00,
22967,2023-08-28 10:45:00,
22968,2023-08-28 11:00:00,
22969,2023-08-28 11:15:00,
22970,2023-08-28 11:30:00,
22971,2023-08-28 11:45:00,
22972,2023-08-28 12:00:00,
22973,2023-08-28 12:15:00,
22974,2023-08-28 12:30:00,
22975,2023-08-28 12:45:00,
22976,2023-08-28 13:00:00,
22977,2023-08-28 13:15:00,
22978,2023-08-28 13:30:00,
22979,2023-08-28 13:45:00,
22980,2023-08-28 14:00:00,
22981,2023-08-28 14:15:00,
22982,2023-08-28 14:30:00,
22983,2023-08-28 14:45:00,
22984,2023-08-28 15:00:00,
22985,2023-08-28 15:15:00,
22986,2023-08-28 15:30:00,
22987,2023-08-28 15:45:00,
22988,2023-08-28 16:00:00,
22989,2023-08-28 16:15:00,
22990,2023-08-28 16:30:00,
22991,2023-08-28 16:45:00,
22992,2023-08-28 17:00:00,
22993,2023-08-28 17:15:00,
22994,2023-08-28 17:30:00,
22995,2023-08-28 17:45:00,
22996,2023-08-28 18:00:00,
22997,2023-08-28 18:15:00,
22998,2023-08-28 18:30:00,
22999,2023-08-28 18:45:00,
23000,2023-08-28 19:00:00,
23001,2023-08-28 19:15:00,
23002,2023-08-28 19:30:00,
23003,2023-08-28 19:45:00,
23004,2023-08-28 20:00:00,
23005,2023-08-28 20:15:00,
23006,2023-08-28 20:30:00,
23007,2023-08-28 20:45:00,
23008,2023-08-28 21:00:00,
23009,2023-08-28 21:15:00,
23010,2023-08-28 21:30:00,
23011,2023-08-28 21:45:00,
23012,2023-08-28 22:00:00,
23013,2023-08-28 22:15:00,
23014,2023-08-28 22:30:00,
23015,2023-08-28 22:45:00,
23016,2023-08-28 23:00:00,
23017,2023-08-28 23:15:00,
23018,2023-08-28 23:30:00,
23019,2023-08-28 23:45:00,
23020,2023-08-29 00:00:00,
23021,2023-08-29 00:15:00,
23022,2023-08-29 00:30:00,
23023,2023-08-29 00:45:00,
23024,2023-08-29 01:00:00,
23025,2023-08-29 01:15:00,
23026,2023-08-29 01:30:00,
23027,2023-08-29 01:45:00,
23028,2023-08-29 02:00:00,
23029,2023-08-29 02:15:00,
23030,2023-08-29 02:30:00,
23031,2023-08-29 02:45:00,
23032,2023-08-29 03:00:00,
23033,2023-08-29 03:15:00,
23034,2023-08-29 03:30:00,
23035,2023-08-29 03:45:00,
23036,2023-08-29 04:00:00,
23037,2023-08-29 04:15:00,
23038,2023-08-29 04:30:00,
23039,2023-08-29 04:45:00,
23040,2023-08-29 05:00:00,
23041,2023-08-29 05:15:00,
23042,2023-08-29 05:30:00,
23043,2023-08-29 05:45:00,
23044,2023-08-29 06:00:00,
23045,2023-08-29 06:15:00,
23046,2023-08-29 06:30:00,
23047,2023-08-29 06:45:00,
23048,2023-08-29 07:00:00,
23049,2023-08-29 07:15:00,
23050,2023-08-29 07:30:00,
23051,2023-08-29 07:45:00,
23052,2023-08-29 08:00:00,
23053,2023-08-29 08:15:00,
23054,2023-08-29 08:30:00,
23055,2023-08-29 08:45:00,
23056,2023-08-29 09:00:00,
23057,2023-08-29 09:15:00,
23058,2023-08-29 09:30:00,
23059,2023-08-29 09:45:00,
23060,2023-08-29 10:00:00,
23061,2023-08-29 10:15:00,
23062,2023-08-29 10:30:00,
23063,2023-08-29 10:45:00,
23064,2023-08-29 11:00:00,
23065,2023-08-29 11:15:00,
23066,2023-08-29 11:30:00,
23067,2023-08-29 11:45:00,
23068,2023-08-29 12:00:00,
23069,2023-08-29 12:15:00,
23070,2023-08-29 12:30:00,
23071,2023-08-29 12:45:00,
23072,2023-08-29 13:00:00,
23073,2023-08-29 13:15:00,
23074,2023-08-29 13:30:00,
23075,2023-08-29 13:45:00,
23076,2023-08-29 14:00:00,
23077,2023-08-29 14:15:00,
23078,2023-08-29 14:30:00,
23079,2023-08-29 14:45:00,
23080,2023-08-29 15:00:00,
23081,2023-08-29 15:15:00,
23082,2023-08-29 15:30:00,
23083,2023-08-29 15:45:00,
23084,2023-08-29 16:00:00,
23085,2023-08-29 16:15:00,
23086,2023-08-29 16:30:00,
23087,2023-08-29 16:45:00,
23088,2023-08-29 17:00:00,
23089,2023-08-29 17:15:00,
23090,2023-08-29 17:30:00,
23091,2023-08-29 17:45:00,
23092,2023-08-29 18:00:00,
23093,2023-08-29 18:15:00,
23094,2023-08-29 18:30:00,
23095,2023-08-29 18:45:00,
23096,2023-08-29 19:00:00,
23097,2023-08-29 19:15:00,
23098,2023-08-29 19:30:00,
23099,2023-08-29 19:45:00,
23100,2023-08-29 20:00:00,
23101,2023-08-29 20:15:00,
23102,2023-08-29 20:30:00,
23103,2023-08-29 20:45:00,
23104,2023-08-29 21:00:00,
23105,2023-08-29 21:15:00,
23106,2023-08-29 21:30:00,
23107,2023-08-29 21:45:00,
23108,2023-08-29 22:00:00,
23109,2023-08-29 22:15:00,
23110,2023-08-29 22:30:00,
23111,2023-08-29 22:45:00,
23112,2023-08-29 23:00:00,
23113,2023-08-29 23:15:00,
23114,2023-08-29 23:30:00,
23115,2023-08-29 23:45:00,
23116,2023-08-30 00:00:00,
23117,2023-08-30 00:15:00,
23118,2023-08-30 00:30:00,
23119,2023-08-30 00:45:00,
23120,2023-08-30 01:00:00,
23121,2023-08-30 01:15:00,
23122,2023-08-30 01:30:00,
23123,2023-08-30 01:45:00,
23124,2023-08-30 02:00:00,
23125,2023-08-30 02:15:00,
23126,2023-08-30 02:30:00,
23127,2023-08-30 02:45:00,
23128,2023-08-30 03:00:00,
23129,2023-08-30 03:15:00,
23130,2023-08-30 03:30:00,
23131,2023-08-30 03:45:00,
23132,2023-08-30 04:00:00,
23133,2023-08-30 04:15:00,
23134,2023-08-30 04:30:00,
23135,2023-08-30 04:45:00,
23136,2023-08-30 05:00:00,
23137,2023-08-30 05:15:00,
23138,2023-08-30 05:30:00,
23139,2023-08-30 05:45:00,
23140,2023-08-30 06:00:00,
23141,2023-08-30 06:15:00,
23142,2023-08-30 06:30:00,
23143,2023-08-30 06:45:00,
23144,2023-08-30 07:00:00,
23145,2023-08-30 07:15:00,
23146,2023-08-30 07:30:00,
23147,2023-08-30 07:45:00,
23148,2023-08-30 08:00:00,
23149,2023-08-30 08:15:00,
23150,2023-08-30 08:30:00,
23151,2023-08-30 08:45:00,
23152,2023-08-30 09:00:00,
23153,2023-08-30 09:15:00,
23154,2023-08-30 09:30:00,
23155,2023-08-30 09:45:00,
23156,2023-08-30 10:00:00,
23157,2023-08-30 10:15:00,
23158,2023-08-30 10:30:00,
23159,2023-08-30 10:45:00,
23160,2023-08-30 11:00:00,
23161,2023-08-30 11:15:00,
23162,2023-08-30 11:30:00,
23163,2023-08-30 11:45:00,
23164,2023-08-30 12:00:00,
23165,2023-08-30 12:15:00,
23166,2023-08-30 12:30:00,
23167,2023-08-30 12:45:00,
23168,2023-08-30 13:00:00,
23169,2023-08-30 13:15:00,
23170,2023-08-30 13:30:00,
23171,2023-08-30 13:45:00,
23172,2023-08-30 14:00:00,
23173,2023-08-30 14:15:00,
23174,2023-08-30 14:30:00,
23175,2023-08-30 14:45:00,
23176,2023-08-30 15:00:00,
23177,2023-08-30 15:15:00,
23178,2023-08-30 15:30:00,
23179,2023-08-30 15:45:00,
23180,2023-08-30 16:00:00,
23181,2023-08-30 16:15:00,
23182,2023-08-30 16:30:00,
23183,2023-08-30 16:45:00,
23184,2023-08-30 17:00:00,
23185,2023-08-30 17:15:00,
23186,2023-08-30 17:30:00,
23187,2023-08-30 17:45:00,
23188,2023-08-30 18:00:00,
23189,2023-08-30 18:15:00,
23190,2023-08-30 18:30:00,
23191,2023-08-30 18:45:00,
23192,2023-08-30 19:00:00,
23193,2023-08-30 19:15:00,
23194,2023-08-30 19:30:00,
23195,2023-08-30 19:45:00,
23196,2023-08-30 20:00:00,
23197,2023-08-30 20:15:00,
23198,2023-08-30 20:30:00,
23199,2023-08-30 20:45:00,
23200,2023-08-30 21:00:00,
23201,2023-08-30 21:15:00,
23202,2023-08-30 21:30:00,
23203,2023-08-30 21:45:00,
23204,2023-08-30 22:00:00,
23205,2023-08-30 22:15:00,
23206,2023-08-30 22:30:00,
23207,2023-08-30 22:45:00,
23208,2023-08-30 23:00:00,
23209,2023-08-30 23:15:00,
23210,2023-08-30 23:30:00,
23211,2023-08-30 23:45:00,
23212,2023-08-31 00:00:00,
23213,2023-08-31 00:15:00,
23214,2023-08-31 00:30:00,
23215,2023-08-31 00:45:00,
23216,2023-08-31 01:00:00,
23217,2023-08-31 01:15:00,
23218,2023-08-31 01:30:00,
23219,2023-08-31 01:45:00,
23220,2023-08-31 02:00:00,
23221,2023-08-31 02:15:00,
23222,2023-08-31 02:30:00,
23223,2023-08-31 02:45:00,
23224,2023-08-31 03:00:00,
23225,2023-08-31 03:15:00,
23226,2023-08-31 03:30:00,
23227,2023-08-31 03:45:00,
23228,2023-08-31 04:00:00,
23229,2023-08-31 04:15:00,
23230,2023-08-31 04:30:00,
23231,2023-08-31 04:45:00,
23232,2023-08-31 05:00:00,
23233,2023-08-31 05:15:00,
23234,2023-08-31 05:30:00,
23235,2023-08-31 05:45:00,
23236,2023-08-31 06:00:00,
23237,2023-08-31 06:15:00,
23238,2023-08-31 06:30:00,
23239,2023-08-31 06:45:00,
23240,2023-08-31 07:00:00,
23241,2023-08-31 07:15:00,
23242,2023-08-31 07:30:00,
23243,2023-08-31 07:45:00,
23244,2023-08-31 08:00:00,
23245,2023-08-31 08:15:00,
23246,2023-08-31 08:30:00,
23247,2023-08-31 08:45:00,
23248,2023-08-31 09:00:00,
23249,2023-08-31 09:15:00,
23250,2023-08-31 09:30:00,
23251,2023-08-31 09:45:00,
23252,2023-08-31 10:00:00,
23253,2023-08-31 10:15:00,
23254,2023-08-31 10:30:00,
23255,2023-08-31 10:45:00,
23256,2023-08-31 11:00:00,
23257,2023-08-31 11:15:00,
23258,2023-08-31 11:30:00,
23259,2023-08-31 11:45:00,
23260,2023-08-31 12:00:00,
23261,2023-08-31 12:15:00,
23262,2023-08-31 12:30:00,
23263,2023-08-31 12:45:00,
23264,2023-08-31 13:00:00,
23265,2023-08-31 13:15:00,
23266,2023-08-31 13:30:00,
23267,2023-08-31 13:45:00,
23268,2023-08-31 14:00:00,
23269,2023-08-31 14:15:00,
23270,2023-08-31 14:30:00,
23271,2023-08-31 14:45:00,
23272,2023-08-31 15:00:00,
23273,2023-08-31 15:15:00,
23274,2023-08-31 15:30:00,
23275,2023-08-31 15:45:00,
23276,2023-08-31 16:00:00,
23277,2023-08-31 16:15:00,
23278,2023-08-31 16:30:00,
23279,2023-08-31 16:45:00,
23280,2023-08-31 17:00:00,
23281,2023-08-31 17:15:00,
23282,2023-08-31 17:30:00,
23283,2023-08-31 17:45:00,
23284,2023-08-31 18:00:00,
23285,2023-08-31 18:15:00,
23286,2023-08-31 18:30:00,
23287,2023-08-31 18:45:00,
23288,2023-08-31 19:00:00,
23289,2023-08-31 19:15:00,
23290,2023-08-31 19:30:00,
23291,2023-08-31 19:45:00,
23292,2023-08-31 20:00:00,
23293,2023-08-31 20:15:00,
23294,2023-08-31 20:30:00,
23295,2023-08-31 20:45:00,
23296,2023-08-31 21:00:00,
23297,2023-08-31 21:15:00,
23298,2023-08-31 21:30:00,
23299,2023-08-31 21:45:00,
23300,2023-08-31 22:00:00,
23301,2023-08-31 22:15:00,
23302,2023-08-31 22:30:00,
23303,2023-08-31 22:45:00,
23304,2023-08-31 23:00:00,
23305,2023-08-31 23:15:00,
23306,2023-08-31 23:30:00,
23307,2023-08-31 23:45:00,
23308,2023-09-01 00:00:00,
23309,2023-09-01 00:15:00,
23310,2023-09-01 00:30:00,
23311,2023-09-01 00:45:00,
23312,2023-09-01 01:00:00,
23313,2023-09-01 01:15:00,
23314,2023-09-01 01:30:00,
23315,2023-09-01 01:45:00,
23316,2023-09-01 02:00:00,
23317,2023-09-01 02:15:00,
23318,2023-09-01 02:30:00,
23319,2023-09-01 02:45:00,
23320,2023-09-01 03:00:00,
23321,2023-09-01 03:15:00,
23322,2023-09-01 03:30:00,
23323,2023-09-01 03:45:00,
23324,2023-09-01 04:00:00,
23325,2023-09-01 04:15:00,
23326,2023-09-01 04:30:00,
23327,2023-09-01 04:45:00,
23328,2023-09-01 05:00:00,
23329,2023-09-01 05:15:00,
23330,2023-09-01 05:30:00,
23331,2023-09-01 05:45:00,
23332,2023-09-01 06:00:00,
23333,2023-09-01 06:15:00,
23334,2023-09-01 06:30:00,
23335,2023-09-01 06:45:00,
23336,2023-09-01 07:00:00,
23337,2023-09-01 07:15:00,
23338,2023-09-01 07:30:00,
23339,2023-09-01 07:45:00,
23340,2023-09-01 08:00:00,
23341,2023-09-01 08:15:00,
23342,2023-09-01 08:30:00,
23343,2023-09-01 08:45:00,
23344,2023-09-01 09:00:00,
23345,2023-09-01 09:15:00,
23346,2023-09-01 09:30:00,
23347,2023-09-01 09:45:00,
23348,2023-09-01 10:00:00,
23349,2023-09-01 10:15:00,
23350,2023-09-01 10:30:00,
23351,2023-09-01 10:45:00,
23352,2023-09-01 11:00:00,
23353,2023-09-01 11:15:00,
23354,2023-09-01 11:30:00,
23355,2023-09-01 11:45:00,
23356,2023-09-01 12:00:00,
23357,2023-09-01 12:15:00,
23358,2023-09-01 12:30:00,
23359,2023-09-01 12:45:00,
23360,2023-09-01 13:00:00,
23361,2023-09-01 13:15:00,
23362,2023-09-01 13:30:00,
23363,2023-09-01 13:45:00,
23364,2023-09-01 14:00:00,
23365,2023-09-01 14:15:00,
23366,2023-09-01 14:30:00,
23367,2023-09-01 14:45:00,
23368,2023-09-01 15:00:00,
23369,2023-09-01 15:15:00,
23370,2023-09-01 15:30:00,
23371,2023-09-01 15:45:00,
23372,2023-09-01 16:00:00,
23373,2023-09-01 16:15:00,
23374,2023-09-01 16:30:00,
23375,2023-09-01 16:45:00,
23376,2023-09-01 17:00:00,
23377,2023-09-01 17:15:00,
23378,2023-09-01 17:30:00,
23379,2023-09-01 17:45:00,
23380,2023-09-01 18:00:00,
23381,2023-09-01 18:15:00,
23382,2023-09-01 18:30:00,
23383,2023-09-01 18:45:00,
23384,2023-09-01 19:00:00,
23385,2023-09-01 19:15:00,
23386,2023-09-01 19:30:00,
23387,2023-09-01 19:45:00,
23388,2023-09-01 20:00:00,
23389,2023-09-01 20:15:00,
23390,2023-09-01 20:30:00,
23391,2023-09-01 20:45:00,
23392,2023-09-01 21:00:00,
23393,2023-09-01 21:15:00,
23394,2023-09-01 21:30:00,
23395,2023-09-01 21:45:00,
23396,2023-09-01 22:00:00,
23397,2023-09-01 22:15:00,
23398,2023-09-01 22:30:00,
23399,2023-09-01 22:45:00,
23400,2023-09-01 23:00:00,
23401,2023-09-01 23:15:00,
23402,2023-09-01 23:30:00,
23403,2023-09-01 23:45:00,
23404,2023-09-02 00:00:00,
23405,2023-09-02 00:15:00,
23406,2023-09-02 00:30:00,
23407,2023-09-02 00:45:00,
23408,2023-09-02 01:00:00,
23409,2023-09-02 01:15:00,
23410,2023-09-02 01:30:00,
23411,2023-09-02 01:45:00,
23412,2023-09-02 02:00:00,
23413,2023-09-02 02:15:00,
23414,2023-09-02 02:30:00,
23415,2023-09-02 02:45:00,
23416,2023-09-02 03:00:00,
23417,2023-09-02 03:15:00,
23418,2023-09-02 03:30:00,
23419,2023-09-02 03:45:00,
23420,2023-09-02 04:00:00,
23421,2023-09-02 04:15:00,
23422,2023-09-02 04:30:00,
23423,2023-09-02 04:45:00,
23424,2023-09-02 05:00:00,
23425,2023-09-02 05:15:00,
23426,2023-09-02 05:30:00,
23427,2023-09-02 05:45:00,
23428,2023-09-02 06:00:00,
23429,2023-09-02 06:15:00,
23430,2023-09-02 06:30:00,
23431,2023-09-02 06:45:00,
23432,2023-09-02 07:00:00,
23433,2023-09-02 07:15:00,
23434,2023-09-02 07:30:00,
23435,2023-09-02 07:45:00,
23436,2023-09-02 08:00:00,
23437,2023-09-02 08:15:00,
23438,2023-09-02 08:30:00,
23439,2023-09-02 08:45:00,
23440,2023-09-02 09:00:00,
23441,2023-09-02 09:15:00,
23442,2023-09-02 09:30:00,
23443,2023-09-02 09:45:00,
23444,2023-09-02 10:00:00,
23445,2023-09-02 10:15:00,
23446,2023-09-02 10:30:00,
23447,2023-09-02 10:45:00,
23448,2023-09-02 11:00:00,
23449,2023-09-02 11:15:00,
23450,2023-09-02 11:30:00,
23451,2023-09-02 11:45:00,
23452,2023-09-02 12:00:00,
23453,2023-09-02 12:15:00,
23454,2023-09-02 12:30:00,
23455,2023-09-02 12:45:00,
23456,2023-09-02 13:00:00,
23457,2023-09-02 13:15:00,
23458,2023-09-02 13:30:00,
23459,2023-09-02 13:45:00,
23460,2023-09-02 14:00:00,
23461,2023-09-02 14:15:00,
23462,2023-09-02 14:30:00,
23463,2023-09-02 14:45:00,
23464,2023-09-02 15:00:00,
23465,2023-09-02 15:15:00,
23466,2023-09-02 15:30:00,
23467,2023-09-02 15:45:00,
23468,2023-09-02 16:00:00,
23469,2023-09-02 16:15:00,
23470,2023-09-02 16:30:00,
23471,2023-09-02 16:45:00,
23472,2023-09-02 17:00:00,
23473,2023-09-02 17:15:00,
23474,2023-09-02 17:30:00,
23475,2023-09-02 17:45:00,
23476,2023-09-02 18:00:00,
23477,2023-09-02 18:15:00,
23478,2023-09-02 18:30:00,
23479,2023-09-02 18:45:00,
23480,2023-09-02 19:00:00,
23481,2023-09-02 19:15:00,
23482,2023-09-02 19:30:00,
23483,2023-09-02 19:45:00,
23484,2023-09-02 20:00:00,
23485,2023-09-02 20:15:00,
23486,2023-09-02 20:30:00,
23487,2023-09-02 20:45:00,
23488,2023-09-02 21:00:00,
23489,2023-09-02 21:15:00,
23490,2023-09-02 21:30:00,
23491,2023-09-02 21:45:00,
23492,2023-09-02 22:00:00,
23493,2023-09-02 22:15:00,
23494,2023-09-02 22:30:00,
23495,2023-09-02 22:45:00,
23496,2023-09-02 23:00:00,
23497,2023-09-02 23:15:00,
23498,2023-09-02 23:30:00,
23499,2023-09-02 23:45:00,
23500,2023-09-03 00:00:00,
23501,2023-09-03 00:15:00,
23502,2023-09-03 00:30:00,
23503,2023-09-03 00:45:00,
23504,2023-09-03 01:00:00,
23505,2023-09-03 01:15:00,
23506,2023-09-03 01:30:00,
23507,2023-09-03 01:45:00,
23508,2023-09-03 02:00:00,
23509,2023-09-03 02:15:00,
23510,2023-09-03 02:30:00,
23511,2023-09-03 02:45:00,
23512,2023-09-03 03:00:00,
23513,2023-09-03 03:15:00,
23514,2023-09-03 03:30:00,
23515,2023-09-03 03:45:00,
23516,2023-09-03 04:00:00,
23517,2023-09-03 04:15:00,
23518,2023-09-03 04:30:00,
23519,2023-09-03 04:45:00,
23520,2023-09-03 05:00:00,
23521,2023-09-03 05:15:00,
23522,2023-09-03 05:30:00,
23523,2023-09-03 05:45:00,
23524,2023-09-03 06:00:00,
23525,2023-09-03 06:15:00,
23526,2023-09-03 06:30:00,
23527,2023-09-03 06:45:00,
23528,2023-09-03 07:00:00,
23529,2023-09-03 07:15:00,
23530,2023-09-03 07:30:00,
23531,2023-09-03 07:45:00,
23532,2023-09-03 08:00:00,
23533,2023-09-03 08:15:00,
23534,2023-09-03 08:30:00,
23535,2023-09-03 08:45:00,
23536,2023-09-03 09:00:00,
23537,2023-09-03 09:15:00,
23538,2023-09-03 09:30:00,
23539,2023-09-03 09:45:00,
23540,2023-09-03 10:00:00,
23541,2023-09-03 10:15:00,
23542,2023-09-03 10:30:00,
23543,2023-09-03 10:45:00,
23544,2023-09-03 11:00:00,
23545,2023-09-03 11:15:00,
23546,2023-09-03 11:30:00,
23547,2023-09-03 11:45:00,
23548,2023-09-03 12:00:00,
23549,2023-09-03 12:15:00,
23550,2023-09-03 12:30:00,
23551,2023-09-03 12:45:00,
23552,2023-09-03 13:00:00,
23553,2023-09-03 13:15:00,
23554,2023-09-03 13:30:00,
23555,2023-09-03 13:45:00,
23556,2023-09-03 14:00:00,
23557,2023-09-03 14:15:00,
23558,2023-09-03 14:30:00,
23559,2023-09-03 14:45:00,
23560,2023-09-03 15:00:00,
23561,2023-09-03 15:15:00,
23562,2023-09-03 15:30:00,
23563,2023-09-03 15:45:00,
23564,2023-09-03 16:00:00,
23565,2023-09-03 16:15:00,
23566,2023-09-03 16:30:00,
23567,2023-09-03 16:45:00,
23568,2023-09-03 17:00:00,
23569,2023-09-03 17:15:00,
23570,2023-09-03 17:30:00,
23571,2023-09-03 17:45:00,
23572,2023-09-03 18:00:00,
23573,2023-09-03 18:15:00,
23574,2023-09-03 18:30:00,
23575,2023-09-03 18:45:00,
23576,2023-09-03 19:00:00,
23577,2023-09-03 19:15:00,
23578,2023-09-03 19:30:00,
23579,2023-09-03 19:45:00,
23580,2023-09-03 20:00:00,
23581,2023-09-03 20:15:00,
23582,2023-09-03 20:30:00,
23583,2023-09-03 20:45:00,
23584,2023-09-03 21:00:00,
23585,2023-09-03 21:15:00,
23586,2023-09-03 21:30:00,
23587,2023-09-03 21:45:00,
23588,2023-09-03 22:00:00,
23589,2023-09-03 22:15:00,
23590,2023-09-03 22:30:00,
23591,2023-09-03 22:45:00,
23592,2023-09-03 23:00:00,
23593,2023-09-03 23:15:00,
23594,2023-09-03 23:30:00,
23595,2023-09-03 23:45:00,
23596,2023-09-04 00:00:00,
23597,2023-09-04 00:15:00,
23598,2023-09-04 00:30:00,
23599,2023-09-04 00:45:00,
23600,2023-09-04 01:00:00,
23601,2023-09-04 01:15:00,
23602,2023-09-04 01:30:00,
23603,2023-09-04 01:45:00,
23604,2023-09-04 02:00:00,
23605,2023-09-04 02:15:00,
23606,2023-09-04 02:30:00,
23607,2023-09-04 02:45:00,
23608,2023-09-04 03:00:00,
23609,2023-09-04 03:15:00,
23610,2023-09-04 03:30:00,
23611,2023-09-04 03:45:00,
23612,2023-09-04 04:00:00,
23613,2023-09-04 04:15:00,
23614,2023-09-04 04:30:00,
23615,2023-09-04 04:45:00,
23616,2023-09-04 05:00:00,
23617,2023-09-04 05:15:00,
23618,2023-09-04 05:30:00,
23619,2023-09-04 05:45:00,
23620,2023-09-04 06:00:00,
23621,2023-09-04 06:15:00,
23622,2023-09-04 06:30:00,
23623,2023-09-04 06:45:00,
23624,2023-09-04 07:00:00,
23625,2023-09-04 07:15:00,
23626,2023-09-04 07:30:00,
23627,2023-09-04 07:45:00,
23628,2023-09-04 08:00:00,
23629,2023-09-04 08:15:00,
23630,2023-09-04 08:30:00,
23631,2023-09-04 08:45:00,
23632,2023-09-04 09:00:00,
23633,2023-09-04 09:15:00,
23634,2023-09-04 09:30:00,
23635,2023-09-04 09:45:00,
23636,2023-09-04 10:00:00,
23637,2023-09-04 10:15:00,
23638,2023-09-04 10:30:00,
23639,2023-09-04 10:45:00,
23640,2023-09-04 11:00:00,
23641,2023-09-04 11:15:00,
23642,2023-09-04 11:30:00,
23643,2023-09-04 11:45:00,
23644,2023-09-04 12:00:00,
23645,2023-09-04 12:15:00,
23646,2023-09-04 12:30:00,
23647,2023-09-04 12:45:00,
23648,2023-09-04 13:00:00,
23649,2023-09-04 13:15:00,
23650,2023-09-04 13:30:00,
23651,2023-09-04 13:45:00,
23652,2023-09-04 14:00:00,
23653,2023-09-04 14:15:00,
23654,2023-09-04 14:30:00,
23655,2023-09-04 14:45:00,
23656,2023-09-04 15:00:00,
23657,2023-09-04 15:15:00,
23658,2023-09-04 15:30:00,
23659,2023-09-04 15:45:00,
23660,2023-09-04 16:00:00,
23661,2023-09-04 16:15:00,
23662,2023-09-04 16:30:00,
23663,2023-09-04 16:45:00,
23664,2023-09-04 17:00:00,
23665,2023-09-04 17:15:00,
23666,2023-09-04 17:30:00,
23667,2023-09-04 17:45:00,
23668,2023-09-04 18:00:00,
23669,2023-09-04 18:15:00,
23670,2023-09-04 18:30:00,
23671,2023-09-04 18:45:00,
23672,2023-09-04 19:00:00,
23673,2023-09-04 19:15:00,
23674,2023-09-04 19:30:00,
23675,2023-09-04 19:45:00,
23676,2023-09-04 20:00:00,
23677,2023-09-04 20:15:00,
23678,2023-09-04 20:30:00,
23679,2023-09-04 20:45:00,
23680,2023-09-04 21:00:00,
23681,2023-09-04 21:15:00,
23682,2023-09-04 21:30:00,
23683,2023-09-04 21:45:00,
23684,2023-09-04 22:00:00,
23685,2023-09-04 22:15:00,
23686,2023-09-04 22:30:00,
23687,2023-09-04 22:45:00,
23688,2023-09-04 23:00:00,
23689,2023-09-04 23:15:00,
23690,2023-09-04 23:30:00,
23691,2023-09-04 23:45:00,
23692,2023-09-05 00:00:00,
23693,2023-09-05 00:15:00,
23694,2023-09-05 00:30:00,
23695,2023-09-05 00:45:00,
23696,2023-09-05 01:00:00,
23697,2023-09-05 01:15:00,
23698,2023-09-05 01:30:00,
23699,2023-09-05 01:45:00,
23700,2023-09-05 02:00:00,
23701,2023-09-05 02:15:00,
23702,2023-09-05 02:30:00,
23703,2023-09-05 02:45:00,
23704,2023-09-05 03:00:00,
23705,2023-09-05 03:15:00,
23706,2023-09-05 03:30:00,
23707,2023-09-05 03:45:00,
23708,2023-09-05 04:00:00,
23709,2023-09-05 04:15:00,
23710,2023-09-05 04:30:00,
23711,2023-09-05 04:45:00,
23712,2023-09-05 05:00:00,
23713,2023-09-05 05:15:00,
23714,2023-09-05 05:30:00,
23715,2023-09-05 05:45:00,
23716,2023-09-05 06:00:00,
23717,2023-09-05 06:15:00,
23718,2023-09-05 06:30:00,
23719,2023-09-05 06:45:00,
23720,2023-09-05 07:00:00,
23721,2023-09-05 07:15:00,
23722,2023-09-05 07:30:00,
23723,2023-09-05 07:45:00,
23724,2023-09-05 08:00:00,
23725,2023-09-05 08:15:00,
23726,2023-09-05 08:30:00,
23727,2023-09-05 08:45:00,
23728,2023-09-05 09:00:00,
23729,2023-09-05 09:15:00,
23730,2023-09-05 09:30:00,
23731,2023-09-05 09:45:00,
23732,2023-09-05 10:00:00,
23733,2023-09-05 10:15:00,
23734,2023-09-05 10:30:00,
23735,2023-09-05 10:45:00,
23736,2023-09-05 11:00:00,
23737,2023-09-05 11:15:00,
23738,2023-09-05 11:30:00,
23739,2023-09-05 11:45:00,
23740,2023-09-05 12:00:00,
23741,2023-09-05 12:15:00,
23742,2023-09-05 12:30:00,
23743,2023-09-05 12:45:00,
23744,2023-09-05 13:00:00,
23745,2023-09-05 13:15:00,
23746,2023-09-05 13:30:00,
23747,2023-09-05 13:45:00,
23748,2023-09-05 14:00:00,
23749,2023-09-05 14:15:00,
23750,2023-09-05 14:30:00,
23751,2023-09-05 14:45:00,
23752,2023-09-05 15:00:00,
23753,2023-09-05 15:15:00,
23754,2023-09-05 15:30:00,
23755,2023-09-05 15:45:00,
23756,2023-09-05 16:00:00,
23757,2023-09-05 16:15:00,
23758,2023-09-05 16:30:00,
23759,2023-09-05 16:45:00,
23760,2023-09-05 17:00:00,
23761,2023-09-05 17:15:00,
23762,2023-09-05 17:30:00,
23763,2023-09-05 17:45:00,
23764,2023-09-05 18:00:00,
23765,2023-09-05 18:15:00,
23766,2023-09-05 18:30:00,
23767,2023-09-05 18:45:00,
23768,2023-09-05 19:00:00,
23769,2023-09-05 19:15:00,
23770,2023-09-05 19:30:00,
23771,2023-09-05 19:45:00,
23772,2023-09-05 20:00:00,
23773,2023-09-05 20:15:00,
23774,2023-09-05 20:30:00,
23775,2023-09-05 20:45:00,
23776,2023-09-05 21:00:00,
23777,2023-09-05 21:15:00,
23778,2023-09-05 21:30:00,
23779,2023-09-05 21:45:00,
23780,2023-09-05 22:00:00,
23781,2023-09-05 22:15:00,
23782,2023-09-05 22:30:00,
23783,2023-09-05 22:45:00,
23784,2023-09-05 23:00:00,
23785,2023-09-05 23:15:00,
23786,2023-09-05 23:30:00,
23787,2023-09-05 23:45:00,
23788,2023-09-06 00:00:00,
23789,2023-09-06 00:15:00,
23790,2023-09-06 00:30:00,
23791,2023-09-06 00:45:00,
23792,2023-09-06 01:00:00,
23793,2023-09-06 01:15:00,
23794,2023-09-06 01:30:00,
23795,2023-09-06 01:45:00,
23796,2023-09-06 02:00:00,
23797,2023-09-06 02:15:00,
23798,2023-09-06 02:30:00,
23799,2023-09-06 02:45:00,
23800,2023-09-06 03:00:00,
23801,2023-09-06 03:15:00,
23802,2023-09-06 03:30:00,
23803,2023-09-06 03:45:00,
23804,2023-09-06 04:00:00,
23805,2023-09-06 04:15:00,
23806,2023-09-06 04:30:00,
23807,2023-09-06 04:45:00,
23808,2023-09-06 05:00:00,
23809,2023-09-06 05:15:00,
23810,2023-09-06 05:30:00,
23811,2023-09-06 05:45:00,
23812,2023-09-06 06:00:00,
23813,2023-09-06 06:15:00,
23814,2023-09-06 06:30:00,
23815,2023-09-06 06:45:00,
23816,2023-09-06 07:00:00,
23817,2023-09-06 07:15:00,
23818,2023-09-06 07:30:00,
23819,2023-09-06 07:45:00,
23820,2023-09-06 08:00:00,
23821,2023-09-06 08:15:00,
23822,2023-09-06 08:30:00,
23823,2023-09-06 08:45:00,
23824,2023-09-06 09:00:00,
23825,2023-09-06 09:15:00,
23826,2023-09-06 09:30:00,
23827,2023-09-06 09:45:00,
23828,2023-09-06 10:00:00,
23829,2023-09-06 10:15:00,
23830,2023-09-06 10:30:00,
23831,2023-09-06 10:45:00,
23832,2023-09-06 11:00:00,
23833,2023-09-06 11:15:00,
23834,2023-09-06 11:30:00,
23835,2023-09-06 11:45:00,
23836,2023-09-06 12:00:00,
23837,2023-09-06 12:15:00,
23838,2023-09-06 12:30:00,
23839,2023-09-06 12:45:00,
23840,2023-09-06 13:00:00,
23841,2023-09-06 13:15:00,
23842,2023-09-06 13:30:00,
23843,2023-09-06 13:45:00,
23844,2023-09-06 14:00:00,
23845,2023-09-06 14:15:00,
23846,2023-09-06 14:30:00,
23847,2023-09-06 14:45:00,
23848,2023-09-06 15:00:00,
23849,2023-09-06 15:15:00,
23850,2023-09-06 15:30:00,
23851,2023-09-06 15:45:00,
23852,2023-09-06 16:00:00,
23853,2023-09-06 16:15:00,
23854,2023-09-06 16:30:00,
23855,2023-09-06 16:45:00,
23856,2023-09-06 17:00:00,
23857,2023-09-06 17:15:00,
23858,2023-09-06 17:30:00,
23859,2023-09-06 17:45:00,
23860,2023-09-06 18:00:00,
23861,2023-09-06 18:15:00,
23862,2023-09-06 18:30:00,
23863,2023-09-06 18:45:00,
23864,2023-09-06 19:00:00,
23865,2023-09-06 19:15:00,
23866,2023-09-06 19:30:00,
23867,2023-09-06 19:45:00,
23868,2023-09-06 20:00:00,
23869,2023-09-06 20:15:00,
23870,2023-09-06 20:30:00,
23871,2023-09-06 20:45:00,
23872,2023-09-06 21:00:00,
23873,2023-09-06 21:15:00,
23874,2023-09-06 21:30:00,
23875,2023-09-06 21:45:00,
23876,2023-09-06 22:00:00,
23877,2023-09-06 22:15:00,
23878,2023-09-06 22:30:00,
23879,2023-09-06 22:45:00,
23880,2023-09-06 23:00:00,
23881,2023-09-06 23:15:00,
23882,2023-09-06 23:30:00,
23883,2023-09-06 23:45:00,
23884,2023-09-07 00:00:00,
23885,2023-09-07 00:15:00,
23886,2023-09-07 00:30:00,
23887,2023-09-07 00:45:00,
23888,2023-09-07 01:00:00,
23889,2023-09-07 01:15:00,
23890,2023-09-07 01:30:00,
23891,2023-09-07 01:45:00,
23892,2023-09-07 02:00:00,
23893,2023-09-07 02:15:00,
23894,2023-09-07 02:30:00,
23895,2023-09-07 02:45:00,
23896,2023-09-07 03:00:00,
23897,2023-09-07 03:15:00,
23898,2023-09-07 03:30:00,
23899,2023-09-07 03:45:00,
23900,2023-09-07 04:00:00,
23901,2023-09-07 04:15:00,
23902,2023-09-07 04:30:00,
23903,2023-09-07 04:45:00,
23904,2023-09-07 05:00:00,
23905,2023-09-07 05:15:00,
23906,2023-09-07 05:30:00,
23907,2023-09-07 05:45:00,
23908,2023-09-07 06:00:00,
23909,2023-09-07 06:15:00,
23910,2023-09-07 06:30:00,
23911,2023-09-07 06:45:00,
23912,2023-09-07 07:00:00,
23913,2023-09-07 07:15:00,
23914,2023-09-07 07:30:00,
23915,2023-09-07 07:45:00,
23916,2023-09-07 08:00:00,
23917,2023-09-07 08:15:00,
23918,2023-09-07 08:30:00,
23919,2023-09-07 08:45:00,
23920,2023-09-07 09:00:00,
23921,2023-09-07 09:15:00,
23922,2023-09-07 09:30:00,
23923,2023-09-07 09:45:00,
23924,2023-09-07 10:00:00,
23925,2023-09-07 10:15:00,
23926,2023-09-07 10:30:00,
23927,2023-09-07 10:45:00,
23928,2023-09-07 11:00:00,
23929,2023-09-07 11:15:00,
23930,2023-09-07 11:30:00,
23931,2023-09-07 11:45:00,
23932,2023-09-07 12:00:00,
23933,2023-09-07 12:15:00,
23934,2023-09-07 12:30:00,
23935,2023-09-07 12:45:00,
23936,2023-09-07 13:00:00,
23937,2023-09-07 13:15:00,
23938,2023-09-07 13:30:00,
23939,2023-09-07 13:45:00,
23940,2023-09-07 14:00:00,
23941,2023-09-07 14:15:00,
23942,2023-09-07 14:30:00,
23943,2023-09-07 14:45:00,
23944,2023-09-07 15:00:00,
23945,2023-09-07 15:15:00,
23946,2023-09-07 15:30:00,
23947,2023-09-07 15:45:00,
23948,2023-09-07 16:00:00,
23949,2023-09-07 16:15:00,
23950,2023-09-07 16:30:00,
23951,2023-09-07 16:45:00,
23952,2023-09-07 17:00:00,
23953,2023-09-07 17:15:00,
23954,2023-09-07 17:30:00,
23955,2023-09-07 17:45:00,
23956,2023-09-07 18:00:00,
23957,2023-09-07 18:15:00,
23958,2023-09-07 18:30:00,
23959,2023-09-07 18:45:00,
23960,2023-09-07 19:00:00,
23961,2023-09-07 19:15:00,
23962,2023-09-07 19:30:00,
23963,2023-09-07 19:45:00,
23964,2023-09-07 20:00:00,
23965,2023-09-07 20:15:00,
23966,2023-09-07 20:30:00,
23967,2023-09-07 20:45:00,
23968,2023-09-07 21:00:00,
23969,2023-09-07 21:15:00,
23970,2023-09-07 21:30:00,
23971,2023-09-07 21:45:00,
23972,2023-09-07 22:00:00,
23973,2023-09-07 22:15:00,
23974,2023-09-07 22:30:00,
23975,2023-09-07 22:45:00,
23976,2023-09-07 23:00:00,
23977,2023-09-07 23:15:00,
23978,2023-09-07 23:30:00,
23979,2023-09-07 23:45:00,
23980,2023-09-08 00:00:00,
23981,2023-09-08 00:15:00,
23982,2023-09-08 00:30:00,
23983,2023-09-08 00:45:00,
23984,2023-09-08 01:00:00,
23985,2023-09-08 01:15:00,
23986,2023-09-08 01:30:00,
23987,2023-09-08 01:45:00,
23988,2023-09-08 02:00:00,
23989,2023-09-08 02:15:00,
23990,2023-09-08 02:30:00,
23991,2023-09-08 02:45:00,
23992,2023-09-08 03:00:00,
23993,2023-09-08 03:15:00,
23994,2023-09-08 03:30:00,
23995,2023-09-08 03:45:00,
23996,2023-09-08 04:00:00,
23997,2023-09-08 04:15:00,
23998,2023-09-08 04:30:00,
23999,2023-09-08 04:45:00,
24000,2023-09-08 05:00:00,
24001,2023-09-08 05:15:00,
24002,2023-09-08 05:30:00,
24003,2023-09-08 05:45:00,
24004,2023-09-08 06:00:00,
24005,2023-09-08 06:15:00,
24006,2023-09-08 06:30:00,
24007,2023-09-08 06:45:00,
24008,2023-09-08 07:00:00,
24009,2023-09-08 07:15:00,
24010,2023-09-08 07:30:00,
24011,2023-09-08 07:45:00,
24012,2023-09-08 08:00:00,
24013,2023-09-08 08:15:00,
24014,2023-09-08 08:30:00,
24015,2023-09-08 08:45:00,
24016,2023-09-08 09:00:00,
24017,2023-09-08 09:15:00,
24018,2023-09-08 09:30:00,
24019,2023-09-08 09:45:00,
24020,2023-09-08 10:00:00,
24021,2023-09-08 10:15:00,
24022,2023-09-08 10:30:00,
24023,2023-09-08 10:45:00,
24024,2023-09-08 11:00:00,
24025,2023-09-08 11:15:00,
24026,2023-09-08 11:30:00,
24027,2023-09-08 11:45:00,
24028,2023-09-08 12:00:00,
24029,2023-09-08 12:15:00,
24030,2023-09-08 12:30:00,
24031,2023-09-08 12:45:00,
24032,2023-09-08 13:00:00,
24033,2023-09-08 13:15:00,
24034,2023-09-08 13:30:00,
24035,2023-09-08 13:45:00,
24036,2023-09-08 14:00:00,
24037,2023-09-08 14:15:00,
24038,2023-09-08 14:30:00,
24039,2023-09-08 14:45:00,
24040,2023-09-08 15:00:00,
24041,2023-09-08 15:15:00,
24042,2023-09-08 15:30:00,
24043,2023-09-08 15:45:00,
24044,2023-09-08 16:00:00,
24045,2023-09-08 16:15:00,
24046,2023-09-08 16:30:00,
24047,2023-09-08 16:45:00,
24048,2023-09-08 17:00:00,
24049,2023-09-08 17:15:00,
24050,2023-09-08 17:30:00,
24051,2023-09-08 17:45:00,
24052,2023-09-08 18:00:00,
24053,2023-09-08 18:15:00,
24054,2023-09-08 18:30:00,
24055,2023-09-08 18:45:00,
24056,2023-09-08 19:00:00,
24057,2023-09-08 19:15:00,
24058,2023-09-08 19:30:00,
24059,2023-09-08 19:45:00,
24060,2023-09-08 20:00:00,
24061,2023-09-08 20:15:00,
24062,2023-09-08 20:30:00,
24063,2023-09-08 20:45:00,
24064,2023-09-08 21:00:00,
24065,2023-09-08 21:15:00,
24066,2023-09-08 21:30:00,
24067,2023-09-08 21:45:00,
24068,2023-09-08 22:00:00,
24069,2023-09-08 22:15:00,
24070,2023-09-08 22:30:00,
24071,2023-09-08 22:45:00,
24072,2023-09-08 23:00:00,
24073,2023-09-08 23:15:00,
24074,2023-09-08 23:30:00,
24075,2023-09-08 23:45:00,
24076,2023-09-09 00:00:00,
24077,2023-09-09 00:15:00,
24078,2023-09-09 00:30:00,
24079,2023-09-09 00:45:00,
24080,2023-09-09 01:00:00,
24081,2023-09-09 01:15:00,
24082,2023-09-09 01:30:00,
24083,2023-09-09 01:45:00,
24084,2023-09-09 02:00:00,
24085,2023-09-09 02:15:00,
24086,2023-09-09 02:30:00,
24087,2023-09-09 02:45:00,
24088,2023-09-09 03:00:00,
24089,2023-09-09 03:15:00,
24090,2023-09-09 03:30:00,
24091,2023-09-09 03:45:00,
24092,2023-09-09 04:00:00,
24093,2023-09-09 04:15:00,
24094,2023-09-09 04:30:00,
24095,2023-09-09 04:45:00,
24096,2023-09-09 05:00:00,
24097,2023-09-09 05:15:00,
24098,2023-09-09 05:30:00,
24099,2023-09-09 05:45:00,
24100,2023-09-09 06:00:00,
24101,2023-09-09 06:15:00,
24102,2023-09-09 06:30:00,
24103,2023-09-09 06:45:00,
24104,2023-09-09 07:00:00,
24105,2023-09-09 07:15:00,
24106,2023-09-09 07:30:00,
24107,2023-09-09 07:45:00,
24108,2023-09-09 08:00:00,
24109,2023-09-09 08:15:00,
24110,2023-09-09 08:30:00,
24111,2023-09-09 08:45:00,
24112,2023-09-09 09:00:00,
24113,2023-09-09 09:15:00,
24114,2023-09-09 09:30:00,
24115,2023-09-09 09:45:00,
24116,2023-09-09 10:00:00,
24117,2023-09-09 10:15:00,
24118,2023-09-09 10:30:00,
24119,2023-09-09 10:45:00,
24120,2023-09-09 11:00:00,
24121,2023-09-09 11:15:00,
24122,2023-09-09 11:30:00,
24123,2023-09-09 11:45:00,
24124,2023-09-09 12:00:00,
24125,2023-09-09 12:15:00,
24126,2023-09-09 12:30:00,
24127,2023-09-09 12:45:00,
24128,2023-09-09 13:00:00,
24129,2023-09-09 13:15:00,
24130,2023-09-09 13:30:00,
24131,2023-09-09 13:45:00,
24132,2023-09-09 14:00:00,
24133,2023-09-09 14:15:00,
24134,2023-09-09 14:30:00,
24135,2023-09-09 14:45:00,
24136,2023-09-09 15:00:00,
24137,2023-09-09 15:15:00,
24138,2023-09-09 15:30:00,
24139,2023-09-09 15:45:00,
24140,2023-09-09 16:00:00,
24141,2023-09-09 16:15:00,
24142,2023-09-09 16:30:00,
24143,2023-09-09 16:45:00,
24144,2023-09-09 17:00:00,
24145,2023-09-09 17:15:00,
24146,2023-09-09 17:30:00,
24147,2023-09-09 17:45:00,
24148,2023-09-09 18:00:00,
24149,2023-09-09 18:15:00,
24150,2023-09-09 18:30:00,
24151,2023-09-09 18:45:00,
24152,2023-09-09 19:00:00,
24153,2023-09-09 19:15:00,
24154,2023-09-09 19:30:00,
24155,2023-09-09 19:45:00,
24156,2023-09-09 20:00:00,
24157,2023-09-09 20:15:00,
24158,2023-09-09 20:30:00,
24159,2023-09-09 20:45:00,
24160,2023-09-09 21:00:00,
24161,2023-09-09 21:15:00,
24162,2023-09-09 21:30:00,
24163,2023-09-09 21:45:00,
24164,2023-09-09 22:00:00,
24165,2023-09-09 22:15:00,
24166,2023-09-09 22:30:00,
24167,2023-09-09 22:45:00,
24168,2023-09-09 23:00:00,
24169,2023-09-09 23:15:00,
24170,2023-09-09 23:30:00,
24171,2023-09-09 23:45:00,
24172,2023-09-10 00:00:00,
24173,2023-09-10 00:15:00,
24174,2023-09-10 00:30:00,
24175,2023-09-10 00:45:00,
24176,2023-09-10 01:00:00,
24177,2023-09-10 01:15:00,
24178,2023-09-10 01:30:00,
24179,2023-09-10 01:45:00,
24180,2023-09-10 02:00:00,
24181,2023-09-10 02:15:00,
24182,2023-09-10 02:30:00,
24183,2023-09-10 02:45:00,
24184,2023-09-10 03:00:00,
24185,2023-09-10 03:15:00,
24186,2023-09-10 03:30:00,
24187,2023-09-10 03:45:00,
24188,2023-09-10 04:00:00,
24189,2023-09-10 04:15:00,
24190,2023-09-10 04:30:00,
24191,2023-09-10 04:45:00,
24192,2023-09-10 05:00:00,
24193,2023-09-10 05:15:00,
24194,2023-09-10 05:30:00,
24195,2023-09-10 05:45:00,
24196,2023-09-10 06:00:00,
24197,2023-09-10 06:15:00,
24198,2023-09-10 06:30:00,
24199,2023-09-10 06:45:00,
24200,2023-09-10 07:00:00,
24201,2023-09-10 07:15:00,
24202,2023-09-10 07:30:00,
24203,2023-09-10 07:45:00,
24204,2023-09-10 08:00:00,
24205,2023-09-10 08:15:00,
24206,2023-09-10 08:30:00,
24207,2023-09-10 08:45:00,
24208,2023-09-10 09:00:00,
24209,2023-09-10 09:15:00,
24210,2023-09-10 09:30:00,
24211,2023-09-10 09:45:00,
24212,2023-09-10 10:00:00,
24213,2023-09-10 10:15:00,
24214,2023-09-10 10:30:00,
24215,2023-09-10 10:45:00,
24216,2023-09-10 11:00:00,
24217,2023-09-10 11:15:00,
24218,2023-09-10 11:30:00,
24219,2023-09-10 11:45:00,
24220,2023-09-10 12:00:00,
24221,2023-09-10 12:15:00,
24222,2023-09-10 12:30:00,
24223,2023-09-10 12:45:00,
24224,2023-09-10 13:00:00,
24225,2023-09-10 13:15:00,
24226,2023-09-10 13:30:00,
24227,2023-09-10 13:45:00,
24228,2023-09-10 14:00:00,
24229,2023-09-10 14:15:00,
24230,2023-09-10 14:30:00,
24231,2023-09-10 14:45:00,
24232,2023-09-10 15:00:00,
24233,2023-09-10 15:15:00,
24234,2023-09-10 15:30:00,
24235,2023-09-10 15:45:00,
24236,2023-09-10 16:00:00,
24237,2023-09-10 16:15:00,
24238,2023-09-10 16:30:00,
24239,2023-09-10 16:45:00,
24240,2023-09-10 17:00:00,
24241,2023-09-10 17:15:00,
24242,2023-09-10 17:30:00,
24243,2023-09-10 17:45:00,
24244,2023-09-10 18:00:00,
24245,2023-09-10 18:15:00,
24246,2023-09-10 18:30:00,
24247,2023-09-10 18:45:00,
24248,2023-09-10 19:00:00,
24249,2023-09-10 19:15:00,
24250,2023-09-10 19:30:00,
24251,2023-09-10 19:45:00,
24252,2023-09-10 20:00:00,
24253,2023-09-10 20:15:00,
24254,2023-09-10 20:30:00,
24255,2023-09-10 20:45:00,
24256,2023-09-10 21:00:00,
24257,2023-09-10 21:15:00,
24258,2023-09-10 21:30:00,
24259,2023-09-10 21:45:00,
24260,2023-09-10 22:00:00,
24261,2023-09-10 22:15:00,
24262,2023-09-10 22:30:00,
24263,2023-09-10 22:45:00,
24264,2023-09-10 23:00:00,
24265,2023-09-10 23:15:00,
24266,2023-09-10 23:30:00,
24267,2023-09-10 23:45:00,
24268,2023-09-11 00:00:00,
24269,2023-09-11 00:15:00,
24270,2023-09-11 00:30:00,
24271,2023-09-11 00:45:00,
24272,2023-09-11 01:00:00,
24273,2023-09-11 01:15:00,
24274,2023-09-11 01:30:00,
24275,2023-09-11 01:45:00,
24276,2023-09-11 02:00:00,
24277,2023-09-11 02:15:00,
24278,2023-09-11 02:30:00,
24279,2023-09-11 02:45:00,
24280,2023-09-11 03:00:00,
24281,2023-09-11 03:15:00,
24282,2023-09-11 03:30:00,
24283,2023-09-11 03:45:00,
24284,2023-09-11 04:00:00,
24285,2023-09-11 04:15:00,
24286,2023-09-11 04:30:00,
24287,2023-09-11 04:45:00,
24288,2023-09-11 05:00:00,
24289,2023-09-11 05:15:00,
24290,2023-09-11 05:30:00,
24291,2023-09-11 05:45:00,
24292,2023-09-11 06:00:00,
24293,2023-09-11 06:15:00,
24294,2023-09-11 06:30:00,
24295,2023-09-11 06:45:00,
24296,2023-09-11 07:00:00,
24297,2023-09-11 07:15:00,
24298,2023-09-11 07:30:00,
24299,2023-09-11 07:45:00,
24300,2023-09-11 08:00:00,
24301,2023-09-11 08:15:00,
24302,2023-09-11 08:30:00,
24303,2023-09-11 08:45:00,
24304,2023-09-11 09:00:00,
24305,2023-09-11 09:15:00,
24306,2023-09-11 09:30:00,
24307,2023-09-11 09:45:00,
24308,2023-09-11 10:00:00,
24309,2023-09-11 10:15:00,
24310,2023-09-11 10:30:00,
24311,2023-09-11 10:45:00,
24312,2023-09-11 11:00:00,
24313,2023-09-11 11:15:00,
24314,2023-09-11 11:30:00,
24315,2023-09-11 11:45:00,
24316,2023-09-11 12:00:00,
24317,2023-09-11 12:15:00,
24318,2023-09-11 12:30:00,
24319,2023-09-11 12:45:00,
24320,2023-09-11 13:00:00,
24321,2023-09-11 13:15:00,
24322,2023-09-11 13:30:00,
24323,2023-09-11 13:45:00,
24324,2023-09-11 14:00:00,
24325,2023-09-11 14:15:00,
24326,2023-09-11 14:30:00,
24327,2023-09-11 14:45:00,
24328,2023-09-11 15:00:00,
24329,2023-09-11 15:15:00,
24330,2023-09-11 15:30:00,
24331,2023-09-11 15:45:00,
24332,2023-09-11 16:00:00,
24333,2023-09-11 16:15:00,
24334,2023-09-11 16:30:00,
24335,2023-09-11 16:45:00,
24336,2023-09-11 17:00:00,
24337,2023-09-11 17:15:00,
24338,2023-09-11 17:30:00,
24339,2023-09-11 17:45:00,
24340,2023-09-11 18:00:00,
24341,2023-09-11 18:15:00,
24342,2023-09-11 18:30:00,
24343,2023-09-11 18:45:00,
24344,2023-09-11 19:00:00,
24345,2023-09-11 19:15:00,
24346,2023-09-11 19:30:00,
24347,2023-09-11 19:45:00,
24348,2023-09-11 20:00:00,
24349,2023-09-11 20:15:00,
24350,2023-09-11 20:30:00,
24351,2023-09-11 20:45:00,
24352,2023-09-11 21:00:00,
24353,2023-09-11 21:15:00,
24354,2023-09-11 21:30:00,
24355,2023-09-11 21:45:00,
24356,2023-09-11 22:00:00,
24357,2023-09-11 22:15:00,
24358,2023-09-11 22:30:00,
24359,2023-09-11 22:45:00,
24360,2023-09-11 23:00:00,
24361,2023-09-11 23:15:00,
24362,2023-09-11 23:30:00,
24363,2023-09-11 23:45:00,
24364,2023-09-12 00:00:00,
24365,2023-09-12 00:15:00,
24366,2023-09-12 00:30:00,
24367,2023-09-12 00:45:00,
24368,2023-09-12 01:00:00,
24369,2023-09-12 01:15:00,
24370,2023-09-12 01:30:00,
24371,2023-09-12 01:45:00,
24372,2023-09-12 02:00:00,
24373,2023-09-12 02:15:00,
24374,2023-09-12 02:30:00,
24375,2023-09-12 02:45:00,
24376,2023-09-12 03:00:00,
24377,2023-09-12 03:15:00,
24378,2023-09-12 03:30:00,
24379,2023-09-12 03:45:00,
24380,2023-09-12 04:00:00,
24381,2023-09-12 04:15:00,
24382,2023-09-12 04:30:00,
24383,2023-09-12 04:45:00,
24384,2023-09-12 05:00:00,
24385,2023-09-12 05:15:00,
24386,2023-09-12 05:30:00,
24387,2023-09-12 05:45:00,
24388,2023-09-12 06:00:00,
24389,2023-09-12 06:15:00,
24390,2023-09-12 06:30:00,
24391,2023-09-12 06:45:00,
24392,2023-09-12 07:00:00,
24393,2023-09-12 07:15:00,
24394,2023-09-12 07:30:00,
24395,2023-09-12 07:45:00,
24396,2023-09-12 08:00:00,
24397,2023-09-12 08:15:00,
24398,2023-09-12 08:30:00,
24399,2023-09-12 08:45:00,
24400,2023-09-12 09:00:00,
24401,2023-09-12 09:15:00,
24402,2023-09-12 09:30:00,
24403,2023-09-12 09:45:00,
24404,2023-09-12 10:00:00,
24405,2023-09-12 10:15:00,
24406,2023-09-12 10:30:00,
24407,2023-09-12 10:45:00,
24408,2023-09-12 11:00:00,
24409,2023-09-12 11:15:00,
24410,2023-09-12 11:30:00,
24411,2023-09-12 11:45:00,
24412,2023-09-12 12:00:00,
24413,2023-09-12 12:15:00,
24414,2023-09-12 12:30:00,
24415,2023-09-12 12:45:00,
24416,2023-09-12 13:00:00,
24417,2023-09-12 13:15:00,
24418,2023-09-12 13:30:00,
24419,2023-09-12 13:45:00,
24420,2023-09-12 14:00:00,
24421,2023-09-12 14:15:00,
24422,2023-09-12 14:30:00,
24423,2023-09-12 14:45:00,
24424,2023-09-12 15:00:00,
24425,2023-09-12 15:15:00,
24426,2023-09-12 15:30:00,
24427,2023-09-12 15:45:00,
24428,2023-09-12 16:00:00,
24429,2023-09-12 16:15:00,
24430,2023-09-12 16:30:00,
24431,2023-09-12 16:45:00,
24432,2023-09-12 17:00:00,
24433,2023-09-12 17:15:00,
24434,2023-09-12 17:30:00,
24435,2023-09-12 17:45:00,
24436,2023-09-12 18:00:00,
24437,2023-09-12 18:15:00,
24438,2023-09-12 18:30:00,
24439,2023-09-12 18:45:00,
24440,2023-09-12 19:00:00,
24441,2023-09-12 19:15:00,
24442,2023-09-12 19:30:00,
24443,2023-09-12 19:45:00,
24444,2023-09-12 20:00:00,
24445,2023-09-12 20:15:00,
24446,2023-09-12 20:30:00,
24447,2023-09-12 20:45:00,
24448,2023-09-12 21:00:00,
24449,2023-09-12 21:15:00,
24450,2023-09-12 21:30:00,
24451,2023-09-12 21:45:00,
24452,2023-09-12 22:00:00,
24453,2023-09-12 22:15:00,
24454,2023-09-12 22:30:00,
24455,2023-09-12 22:45:00,
24456,2023-09-12 23:00:00,
24457,2023-09-12 23:15:00,
24458,2023-09-12 23:30:00,
24459,2023-09-12 23:45:00,
24460,2023-09-13 00:00:00,
24461,2023-09-13 00:15:00,
24462,2023-09-13 00:30:00,
24463,2023-09-13 00:45:00,
24464,2023-09-13 01:00:00,
24465,2023-09-13 01:15:00,
24466,2023-09-13 01:30:00,
24467,2023-09-13 01:45:00,
24468,2023-09-13 02:00:00,
24469,2023-09-13 02:15:00,
24470,2023-09-13 02:30:00,
24471,2023-09-13 02:45:00,
24472,2023-09-13 03:00:00,
24473,2023-09-13 03:15:00,
24474,2023-09-13 03:30:00,
24475,2023-09-13 03:45:00,
24476,2023-09-13 04:00:00,
24477,2023-09-13 04:15:00,
24478,2023-09-13 04:30:00,
24479,2023-09-13 04:45:00,
24480,2023-09-13 05:00:00,
24481,2023-09-13 05:15:00,
24482,2023-09-13 05:30:00,
24483,2023-09-13 05:45:00,
24484,2023-09-13 06:00:00,
24485,2023-09-13 06:15:00,
24486,2023-09-13 06:30:00,
24487,2023-09-13 06:45:00,
24488,2023-09-13 07:00:00,
24489,2023-09-13 07:15:00,
24490,2023-09-13 07:30:00,
24491,2023-09-13 07:45:00,
24492,2023-09-13 08:00:00,
24493,2023-09-13 08:15:00,
24494,2023-09-13 08:30:00,
24495,2023-09-13 08:45:00,
24496,2023-09-13 09:00:00,
24497,2023-09-13 09:15:00,
24498,2023-09-13 09:30:00,
24499,2023-09-13 09:45:00,
24500,2023-09-13 10:00:00,
24501,2023-09-13 10:15:00,
24502,2023-09-13 10:30:00,
24503,2023-09-13 10:45:00,
24504,2023-09-13 11:00:00,
24505,2023-09-13 11:15:00,
24506,2023-09-13 11:30:00,
24507,2023-09-13 11:45:00,
24508,2023-09-13 12:00:00,
24509,2023-09-13 12:15:00,
24510,2023-09-13 12:30:00,
24511,2023-09-13 12:45:00,
24512,2023-09-13 13:00:00,
24513,2023-09-13 13:15:00,
24514,2023-09-13 13:30:00,
24515,2023-09-13 13:45:00,
24516,2023-09-13 14:00:00,
24517,2023-09-13 14:15:00,
24518,2023-09-13 14:30:00,
24519,2023-09-13 14:45:00,
24520,2023-09-13 15:00:00,
24521,2023-09-13 15:15:00,
24522,2023-09-13 15:30:00,
24523,2023-09-13 15:45:00,
24524,2023-09-13 16:00:00,
24525,2023-09-13 16:15:00,
24526,2023-09-13 16:30:00,
24527,2023-09-13 16:45:00,
24528,2023-09-13 17:00:00,
24529,2023-09-13 17:15:00,
24530,2023-09-13 17:30:00,
24531,2023-09-13 17:45:00,
24532,2023-09-13 18:00:00,
24533,2023-09-13 18:15:00,
24534,2023-09-13 18:30:00,
24535,2023-09-13 18:45:00,
24536,2023-09-13 19:00:00,
24537,2023-09-13 19:15:00,
24538,2023-09-13 19:30:00,
24539,2023-09-13 19:45:00,
24540,2023-09-13 20:00:00,
24541,2023-09-13 20:15:00,
24542,2023-09-13 20:30:00,
24543,2023-09-13 20:45:00,
24544,2023-09-13 21:00:00,
24545,2023-09-13 21:15:00,
24546,2023-09-13 21:30:00,
24547,2023-09-13 21:45:00,
24548,2023-09-13 22:00:00,
24549,2023-09-13 22:15:00,
24550,2023-09-13 22:30:00,
24551,2023-09-13 22:45:00,
24552,2023-09-13 23:00:00,
24553,2023-09-13 23:15:00,
24554,2023-09-13 23:30:00,
24555,2023-09-13 23:45:00,
24556,2023-09-14 00:00:00,
24557,2023-09-14 00:15:00,
24558,2023-09-14 00:30:00,
24559,2023-09-14 00:45:00,
24560,2023-09-14 01:00:00,
24561,2023-09-14 01:15:00,
24562,2023-09-14 01:30:00,
24563,2023-09-14 01:45:00,
24564,2023-09-14 02:00:00,
24565,2023-09-14 02:15:00,
24566,2023-09-14 02:30:00,
24567,2023-09-14 02:45:00,
24568,2023-09-14 03:00:00,
24569,2023-09-14 03:15:00,
24570,2023-09-14 03:30:00,
24571,2023-09-14 03:45:00,
24572,2023-09-14 04:00:00,
24573,2023-09-14 04:15:00,
24574,2023-09-14 04:30:00,
24575,2023-09-14 04:45:00,
24576,2023-09-14 05:00:00,
24577,2023-09-14 05:15:00,
24578,2023-09-14 05:30:00,
24579,2023-09-14 05:45:00,
24580,2023-09-14 06:00:00,
24581,2023-09-14 06:15:00,
24582,2023-09-14 06:30:00,
24583,2023-09-14 06:45:00,
24584,2023-09-14 07:00:00,
24585,2023-09-14 07:15:00,
24586,2023-09-14 07:30:00,
24587,2023-09-14 07:45:00,
24588,2023-09-14 08:00:00,
24589,2023-09-14 08:15:00,
24590,2023-09-14 08:30:00,
24591,2023-09-14 08:45:00,
24592,2023-09-14 09:00:00,
24593,2023-09-14 09:15:00,
24594,2023-09-14 09:30:00,
24595,2023-09-14 09:45:00,
24596,2023-09-14 10:00:00,
24597,2023-09-14 10:15:00,
24598,2023-09-14 10:30:00,
24599,2023-09-14 10:45:00,
24600,2023-09-14 11:00:00,
24601,2023-09-14 11:15:00,
24602,2023-09-14 11:30:00,
24603,2023-09-14 11:45:00,
24604,2023-09-14 12:00:00,
24605,2023-09-14 12:15:00,
24606,2023-09-14 12:30:00,
24607,2023-09-14 12:45:00,
24608,2023-09-14 13:00:00,
24609,2023-09-14 13:15:00,
24610,2023-09-14 13:30:00,
24611,2023-09-14 13:45:00,
24612,2023-09-14 14:00:00,
24613,2023-09-14 14:15:00,
24614,2023-09-14 14:30:00,
24615,2023-09-14 14:45:00,
24616,2023-09-14 15:00:00,
24617,2023-09-14 15:15:00,
24618,2023-09-14 15:30:00,
24619,2023-09-14 15:45:00,
24620,2023-09-14 16:00:00,
24621,2023-09-14 16:15:00,
24622,2023-09-14 16:30:00,
24623,2023-09-14 16:45:00,
24624,2023-09-14 17:00:00,
24625,2023-09-14 17:15:00,
24626,2023-09-14 17:30:00,
24627,2023-09-14 17:45:00,
24628,2023-09-14 18:00:00,
24629,2023-09-14 18:15:00,
24630,2023-09-14 18:30:00,
24631,2023-09-14 18:45:00,
24632,2023-09-14 19:00:00,
24633,2023-09-14 19:15:00,
24634,2023-09-14 19:30:00,
24635,2023-09-14 19:45:00,
24636,2023-09-14 20:00:00,
24637,2023-09-14 20:15:00,
24638,2023-09-14 20:30:00,
24639,2023-09-14 20:45:00,
24640,2023-09-14 21:00:00,
24641,2023-09-14 21:15:00,
24642,2023-09-14 21:30:00,
24643,2023-09-14 21:45:00,
24644,2023-09-14 22:00:00,
24645,2023-09-14 22:15:00,
24646,2023-09-14 22:30:00,
24647,2023-09-14 22:45:00,
24648,2023-09-14 23:00:00,
24649,2023-09-14 23:15:00,
24650,2023-09-14 23:30:00,
24651,2023-09-14 23:45:00,
24652,2023-09-15 00:00:00,
24653,2023-09-15 00:15:00,
24654,2023-09-15 00:30:00,
24655,2023-09-15 00:45:00,
24656,2023-09-15 01:00:00,
24657,2023-09-15 01:15:00,
24658,2023-09-15 01:30:00,
24659,2023-09-15 01:45:00,
24660,2023-09-15 02:00:00,
24661,2023-09-15 02:15:00,
24662,2023-09-15 02:30:00,
24663,2023-09-15 02:45:00,
24664,2023-09-15 03:00:00,
24665,2023-09-15 03:15:00,
24666,2023-09-15 03:30:00,
24667,2023-09-15 03:45:00,
24668,2023-09-15 04:00:00,
24669,2023-09-15 04:15:00,
24670,2023-09-15 04:30:00,
24671,2023-09-15 04:45:00,
24672,2023-09-15 05:00:00,
24673,2023-09-15 05:15:00,
24674,2023-09-15 05:30:00,
24675,2023-09-15 05:45:00,
24676,2023-09-15 06:00:00,
24677,2023-09-15 06:15:00,
24678,2023-09-15 06:30:00,
24679,2023-09-15 06:45:00,
24680,2023-09-15 07:00:00,
24681,2023-09-15 07:15:00,
24682,2023-09-15 07:30:00,
24683,2023-09-15 07:45:00,
24684,2023-09-15 08:00:00,
24685,2023-09-15 08:15:00,
24686,2023-09-15 08:30:00,
24687,2023-09-15 08:45:00,
24688,2023-09-15 09:00:00,
24689,2023-09-15 09:15:00,
24690,2023-09-15 09:30:00,
24691,2023-09-15 09:45:00,
24692,2023-09-15 10:00:00,
24693,2023-09-15 10:15:00,
24694,2023-09-15 10:30:00,
24695,2023-09-15 10:45:00,
24696,2023-09-15 11:00:00,
24697,2023-09-15 11:15:00,
24698,2023-09-15 11:30:00,
24699,2023-09-15 11:45:00,
24700,2023-09-15 12:00:00,
24701,2023-09-15 12:15:00,
24702,2023-09-15 12:30:00,
24703,2023-09-15 12:45:00,
24704,2023-09-15 13:00:00,
24705,2023-09-15 13:15:00,
24706,2023-09-15 13:30:00,
24707,2023-09-15 13:45:00,
24708,2023-09-15 14:00:00,
24709,2023-09-15 14:15:00,
24710,2023-09-15 14:30:00,
24711,2023-09-15 14:45:00,
24712,2023-09-15 15:00:00,
24713,2023-09-15 15:15:00,
24714,2023-09-15 15:30:00,
24715,2023-09-15 15:45:00,
24716,2023-09-15 16:00:00,
24717,2023-09-15 16:15:00,
24718,2023-09-15 16:30:00,
24719,2023-09-15 16:45:00,
24720,2023-09-15 17:00:00,
24721,2023-09-15 17:15:00,
24722,2023-09-15 17:30:00,
24723,2023-09-15 17:45:00,
24724,2023-09-15 18:00:00,
24725,2023-09-15 18:15:00,
24726,2023-09-15 18:30:00,
24727,2023-09-15 18:45:00,
24728,2023-09-15 19:00:00,
24729,2023-09-15 19:15:00,
24730,2023-09-15 19:30:00,
24731,2023-09-15 19:45:00,
24732,2023-09-15 20:00:00,
24733,2023-09-15 20:15:00,
24734,2023-09-15 20:30:00,
24735,2023-09-15 20:45:00,
24736,2023-09-15 21:00:00,
24737,2023-09-15 21:15:00,
24738,2023-09-15 21:30:00,
24739,2023-09-15 21:45:00,
24740,2023-09-15 22:00:00,
24741,2023-09-15 22:15:00,
24742,2023-09-15 22:30:00,
24743,2023-09-15 22:45:00,
24744,2023-09-15 23:00:00,
24745,2023-09-15 23:15:00,
24746,2023-09-15 23:30:00,
24747,2023-09-15 23:45:00,
24748,2023-09-16 00:00:00,
24749,2023-09-16 00:15:00,
24750,2023-09-16 00:30:00,
24751,2023-09-16 00:45:00,
24752,2023-09-16 01:00:00,
24753,2023-09-16 01:15:00,
24754,2023-09-16 01:30:00,
24755,2023-09-16 01:45:00,
24756,2023-09-16 02:00:00,
24757,2023-09-16 02:15:00,
24758,2023-09-16 02:30:00,
24759,2023-09-16 02:45:00,
24760,2023-09-16 03:00:00,
24761,2023-09-16 03:15:00,
24762,2023-09-16 03:30:00,
24763,2023-09-16 03:45:00,
24764,2023-09-16 04:00:00,
24765,2023-09-16 04:15:00,
24766,2023-09-16 04:30:00,
24767,2023-09-16 04:45:00,
24768,2023-09-16 05:00:00,
24769,2023-09-16 05:15:00,
24770,2023-09-16 05:30:00,
24771,2023-09-16 05:45:00,
24772,2023-09-16 06:00:00,
24773,2023-09-16 06:15:00,
24774,2023-09-16 06:30:00,
24775,2023-09-16 06:45:00,
24776,2023-09-16 07:00:00,
24777,2023-09-16 07:15:00,
24778,2023-09-16 07:30:00,
24779,2023-09-16 07:45:00,
24780,2023-09-16 08:00:00,
24781,2023-09-16 08:15:00,
24782,2023-09-16 08:30:00,
24783,2023-09-16 08:45:00,
24784,2023-09-16 09:00:00,
24785,2023-09-16 09:15:00,
24786,2023-09-16 09:30:00,
24787,2023-09-16 09:45:00,
24788,2023-09-16 10:00:00,
24789,2023-09-16 10:15:00,
24790,2023-09-16 10:30:00,
24791,2023-09-16 10:45:00,
24792,2023-09-16 11:00:00,
24793,2023-09-16 11:15:00,
24794,2023-09-16 11:30:00,
24795,2023-09-16 11:45:00,
24796,2023-09-16 12:00:00,
24797,2023-09-16 12:15:00,
24798,2023-09-16 12:30:00,
24799,2023-09-16 12:45:00,
24800,2023-09-16 13:00:00,
24801,2023-09-16 13:15:00,
24802,2023-09-16 13:30:00,
24803,2023-09-16 13:45:00,
24804,2023-09-16 14:00:00,
24805,2023-09-16 14:15:00,
24806,2023-09-16 14:30:00,
24807,2023-09-16 14:45:00,
24808,2023-09-16 15:00:00,
24809,2023-09-16 15:15:00,
24810,2023-09-16 15:30:00,
24811,2023-09-16 15:45:00,
24812,2023-09-16 16:00:00,
24813,2023-09-16 16:15:00,
24814,2023-09-16 16:30:00,
24815,2023-09-16 16:45:00,
24816,2023-09-16 17:00:00,
24817,2023-09-16 17:15:00,
24818,2023-09-16 17:30:00,
24819,2023-09-16 17:45:00,
24820,2023-09-16 18:00:00,
24821,2023-09-16 18:15:00,
24822,2023-09-16 18:30:00,
24823,2023-09-16 18:45:00,
24824,2023-09-16 19:00:00,
24825,2023-09-16 19:15:00,
24826,2023-09-16 19:30:00,
24827,2023-09-16 19:45:00,
24828,2023-09-16 20:00:00,
24829,2023-09-16 20:15:00,
24830,2023-09-16 20:30:00,
24831,2023-09-16 20:45:00,
24832,2023-09-16 21:00:00,
24833,2023-09-16 21:15:00,
24834,2023-09-16 21:30:00,
24835,2023-09-16 21:45:00,
24836,2023-09-16 22:00:00,
24837,2023-09-16 22:15:00,
24838,2023-09-16 22:30:00,
24839,2023-09-16 22:45:00,
24840,2023-09-16 23:00:00,
24841,2023-09-16 23:15:00,
24842,2023-09-16 23:30:00,
24843,2023-09-16 23:45:00,
24844,2023-09-17 00:00:00,
24845,2023-09-17 00:15:00,
24846,2023-09-17 00:30:00,
24847,2023-09-17 00:45:00,
24848,2023-09-17 01:00:00,
24849,2023-09-17 01:15:00,
24850,2023-09-17 01:30:00,
24851,2023-09-17 01:45:00,
24852,2023-09-17 02:00:00,
24853,2023-09-17 02:15:00,
24854,2023-09-17 02:30:00,
24855,2023-09-17 02:45:00,
24856,2023-09-17 03:00:00,
24857,2023-09-17 03:15:00,
24858,2023-09-17 03:30:00,
24859,2023-09-17 03:45:00,
24860,2023-09-17 04:00:00,
24861,2023-09-17 04:15:00,
24862,2023-09-17 04:30:00,
24863,2023-09-17 04:45:00,
24864,2023-09-17 05:00:00,
24865,2023-09-17 05:15:00,
24866,2023-09-17 05:30:00,
24867,2023-09-17 05:45:00,
24868,2023-09-17 06:00:00,
24869,2023-09-17 06:15:00,
24870,2023-09-17 06:30:00,
24871,2023-09-17 06:45:00,
24872,2023-09-17 07:00:00,
24873,2023-09-17 07:15:00,
24874,2023-09-17 07:30:00,
24875,2023-09-17 07:45:00,
24876,2023-09-17 08:00:00,
24877,2023-09-17 08:15:00,
24878,2023-09-17 08:30:00,
24879,2023-09-17 08:45:00,
24880,2023-09-17 09:00:00,
24881,2023-09-17 09:15:00,
24882,2023-09-17 09:30:00,
24883,2023-09-17 09:45:00,
24884,2023-09-17 10:00:00,
24885,2023-09-17 10:15:00,
24886,2023-09-17 10:30:00,
24887,2023-09-17 10:45:00,
24888,2023-09-17 11:00:00,
24889,2023-09-17 11:15:00,
24890,2023-09-17 11:30:00,
24891,2023-09-17 11:45:00,
24892,2023-09-17 12:00:00,
24893,2023-09-17 12:15:00,
24894,2023-09-17 12:30:00,
24895,2023-09-17 12:45:00,
24896,2023-09-17 13:00:00,
24897,2023-09-17 13:15:00,
24898,2023-09-17 13:30:00,
24899,2023-09-17 13:45:00,
24900,2023-09-17 14:00:00,
24901,2023-09-17 14:15:00,
24902,2023-09-17 14:30:00,
24903,2023-09-17 14:45:00,
24904,2023-09-17 15:00:00,
24905,2023-09-17 15:15:00,
24906,2023-09-17 15:30:00,
24907,2023-09-17 15:45:00,
24908,2023-09-17 16:00:00,
24909,2023-09-17 16:15:00,
24910,2023-09-17 16:30:00,
24911,2023-09-17 16:45:00,
24912,2023-09-17 17:00:00,
24913,2023-09-17 17:15:00,
24914,2023-09-17 17:30:00,
24915,2023-09-17 17:45:00,
24916,2023-09-17 18:00:00,
24917,2023-09-17 18:15:00,
24918,2023-09-17 18:30:00,
24919,2023-09-17 18:45:00,
24920,2023-09-17 19:00:00,
24921,2023-09-17 19:15:00,
24922,2023-09-17 19:30:00,
24923,2023-09-17 19:45:00,
24924,2023-09-17 20:00:00,
24925,2023-09-17 20:15:00,
24926,2023-09-17 20:30:00,
24927,2023-09-17 20:45:00,
24928,2023-09-17 21:00:00,
24929,2023-09-17 21:15:00,
24930,2023-09-17 21:30:00,
24931,2023-09-17 21:45:00,
24932,2023-09-17 22:00:00,
24933,2023-09-17 22:15:00,
24934,2023-09-17 22:30:00,
24935,2023-09-17 22:45:00,
24936,2023-09-17 23:00:00,
24937,2023-09-17 23:15:00,
24938,2023-09-17 23:30:00,
24939,2023-09-17 23:45:00,
24940,2023-09-18 00:00:00,
24941,2023-09-18 00:15:00,
24942,2023-09-18 00:30:00,
24943,2023-09-18 00:45:00,
24944,2023-09-18 01:00:00,
24945,2023-09-18 01:15:00,
24946,2023-09-18 01:30:00,
24947,2023-09-18 01:45:00,
24948,2023-09-18 02:00:00,
24949,2023-09-18 02:15:00,
24950,2023-09-18 02:30:00,
24951,2023-09-18 02:45:00,
24952,2023-09-18 03:00:00,
24953,2023-09-18 03:15:00,
24954,2023-09-18 03:30:00,
24955,2023-09-18 03:45:00,
24956,2023-09-18 04:00:00,
24957,2023-09-18 04:15:00,
24958,2023-09-18 04:30:00,
24959,2023-09-18 04:45:00,
24960,2023-09-18 05:00:00,
24961,2023-09-18 05:15:00,
24962,2023-09-18 05:30:00,
24963,2023-09-18 05:45:00,
24964,2023-09-18 06:00:00,
24965,2023-09-18 06:15:00,
24966,2023-09-18 06:30:00,
24967,2023-09-18 06:45:00,
24968,2023-09-18 07:00:00,
24969,2023-09-18 07:15:00,
24970,2023-09-18 07:30:00,
24971,2023-09-18 07:45:00,
24972,2023-09-18 08:00:00,
24973,2023-09-18 08:15:00,
24974,2023-09-18 08:30:00,
24975,2023-09-18 08:45:00,
24976,2023-09-18 09:00:00,
24977,2023-09-18 09:15:00,
24978,2023-09-18 09:30:00,
24979,2023-09-18 09:45:00,
24980,2023-09-18 10:00:00,
24981,2023-09-18 10:15:00,
24982,2023-09-18 10:30:00,
24983,2023-09-18 10:45:00,
24984,2023-09-18 11:00:00,
24985,2023-09-18 11:15:00,
24986,2023-09-18 11:30:00,
24987,2023-09-18 11:45:00,
24988,2023-09-18 12:00:00,
24989,2023-09-18 12:15:00,
24990,2023-09-18 12:30:00,
24991,2023-09-18 12:45:00,
24992,2023-09-18 13:00:00,
24993,2023-09-18 13:15:00,
24994,2023-09-18 13:30:00,
24995,2023-09-18 13:45:00,
24996,2023-09-18 14:00:00,
24997,2023-09-18 14:15:00,
24998,2023-09-18 14:30:00,
24999,2023-09-18 14:45:00,
25000,2023-09-18 15:00:00,
25001,2023-09-18 15:15:00,
25002,2023-09-18 15:30:00,
25003,2023-09-18 15:45:00,
25004,2023-09-18 16:00:00,
25005,2023-09-18 16:15:00,
25006,2023-09-18 16:30:00,
25007,2023-09-18 16:45:00,
25008,2023-09-18 17:00:00,
25009,2023-09-18 17:15:00,
25010,2023-09-18 17:30:00,
25011,2023-09-18 17:45:00,
25012,2023-09-18 18:00:00,
25013,2023-09-18 18:15:00,
25014,2023-09-18 18:30:00,
25015,2023-09-18 18:45:00,
25016,2023-09-18 19:00:00,
25017,2023-09-18 19:15:00,
25018,2023-09-18 19:30:00,
25019,2023-09-18 19:45:00,
25020,2023-09-18 20:00:00,
25021,2023-09-18 20:15:00,
25022,2023-09-18 20:30:00,
25023,2023-09-18 20:45:00,
25024,2023-09-18 21:00:00,
25025,2023-09-18 21:15:00,
25026,2023-09-18 21:30:00,
25027,2023-09-18 21:45:00,
25028,2023-09-18 22:00:00,
25029,2023-09-18 22:15:00,
25030,2023-09-18 22:30:00,
25031,2023-09-18 22:45:00,
25032,2023-09-18 23:00:00,
25033,2023-09-18 23:15:00,
25034,2023-09-18 23:30:00,
25035,2023-09-18 23:45:00,
25036,2023-09-19 00:00:00,
25037,2023-09-19 00:15:00,
25038,2023-09-19 00:30:00,
25039,2023-09-19 00:45:00,
25040,2023-09-19 01:00:00,
25041,2023-09-19 01:15:00,
25042,2023-09-19 01:30:00,
25043,2023-09-19 01:45:00,
25044,2023-09-19 02:00:00,
25045,2023-09-19 02:15:00,
25046,2023-09-19 02:30:00,
25047,2023-09-19 02:45:00,
25048,2023-09-19 03:00:00,
25049,2023-09-19 03:15:00,
25050,2023-09-19 03:30:00,
25051,2023-09-19 03:45:00,
25052,2023-09-19 04:00:00,
25053,2023-09-19 04:15:00,
25054,2023-09-19 04:30:00,
25055,2023-09-19 04:45:00,
25056,2023-09-19 05:00:00,
25057,2023-09-19 05:15:00,
25058,2023-09-19 05:30:00,
25059,2023-09-19 05:45:00,
25060,2023-09-19 06:00:00,
25061,2023-09-19 06:15:00,
25062,2023-09-19 06:30:00,
25063,2023-09-19 06:45:00,
25064,2023-09-19 07:00:00,
25065,2023-09-19 07:15:00,
25066,2023-09-19 07:30:00,
25067,2023-09-19 07:45:00,
25068,2023-09-19 08:00:00,
25069,2023-09-19 08:15:00,
25070,2023-09-19 08:30:00,
25071,2023-09-19 08:45:00,
25072,2023-09-19 09:00:00,
25073,2023-09-19 09:15:00,
25074,2023-09-19 09:30:00,
25075,2023-09-19 09:45:00,
25076,2023-09-19 10:00:00,
25077,2023-09-19 10:15:00,
25078,2023-09-19 10:30:00,
25079,2023-09-19 10:45:00,
25080,2023-09-19 11:00:00,
25081,2023-09-19 11:15:00,
25082,2023-09-19 11:30:00,
25083,2023-09-19 11:45:00,
25084,2023-09-19 12:00:00,
25085,2023-09-19 12:15:00,
25086,2023-09-19 12:30:00,
25087,2023-09-19 12:45:00,
25088,2023-09-19 13:00:00,
25089,2023-09-19 13:15:00,
25090,2023-09-19 13:30:00,
25091,2023-09-19 13:45:00,
25092,2023-09-19 14:00:00,
25093,2023-09-19 14:15:00,
25094,2023-09-19 14:30:00,
25095,2023-09-19 14:45:00,
25096,2023-09-19 15:00:00,
25097,2023-09-19 15:15:00,
25098,2023-09-19 15:30:00,
25099,2023-09-19 15:45:00,
25100,2023-09-19 16:00:00,
25101,2023-09-19 16:15:00,
25102,2023-09-19 16:30:00,
25103,2023-09-19 16:45:00,
25104,2023-09-19 17:00:00,
25105,2023-09-19 17:15:00,
25106,2023-09-19 17:30:00,
25107,2023-09-19 17:45:00,
25108,2023-09-19 18:00:00,
25109,2023-09-19 18:15:00,
25110,2023-09-19 18:30:00,
25111,2023-09-19 18:45:00,
25112,2023-09-19 19:00:00,
25113,2023-09-19 19:15:00,
25114,2023-09-19 19:30:00,
25115,2023-09-19 19:45:00,
25116,2023-09-19 20:00:00,
25117,2023-09-19 20:15:00,
25118,2023-09-19 20:30:00,
25119,2023-09-19 20:45:00,
25120,2023-09-19 21:00:00,
25121,2023-09-19 21:15:00,
25122,2023-09-19 21:30:00,
25123,2023-09-19 21:45:00,
25124,2023-09-19 22:00:00,
25125,2023-09-19 22:15:00,
25126,2023-09-19 22:30:00,
25127,2023-09-19 22:45:00,
25128,2023-09-19 23:00:00,
25129,2023-09-19 23:15:00,
25130,2023-09-19 23:30:00,
25131,2023-09-19 23:45:00,
25132,2023-09-20 00:00:00,
25133,2023-09-20 00:15:00,
25134,2023-09-20 00:30:00,
25135,2023-09-20 00:45:00,
25136,2023-09-20 01:00:00,
25137,2023-09-20 01:15:00,
25138,2023-09-20 01:30:00,
25139,2023-09-20 01:45:00,
25140,2023-09-20 02:00:00,
25141,2023-09-20 02:15:00,
25142,2023-09-20 02:30:00,
25143,2023-09-20 02:45:00,
25144,2023-09-20 03:00:00,
25145,2023-09-20 03:15:00,
25146,2023-09-20 03:30:00,
25147,2023-09-20 03:45:00,
25148,2023-09-20 04:00:00,
25149,2023-09-20 04:15:00,
25150,2023-09-20 04:30:00,
25151,2023-09-20 04:45:00,
25152,2023-09-20 05:00:00,
25153,2023-09-20 05:15:00,
25154,2023-09-20 05:30:00,
25155,2023-09-20 05:45:00,
25156,2023-09-20 06:00:00,
25157,2023-09-20 06:15:00,
25158,2023-09-20 06:30:00,
25159,2023-09-20 06:45:00,
25160,2023-09-20 07:00:00,
25161,2023-09-20 07:15:00,
25162,2023-09-20 07:30:00,
25163,2023-09-20 07:45:00,
25164,2023-09-20 08:00:00,
25165,2023-09-20 08:15:00,
25166,2023-09-20 08:30:00,
25167,2023-09-20 08:45:00,
25168,2023-09-20 09:00:00,
25169,2023-09-20 09:15:00,
25170,2023-09-20 09:30:00,
25171,2023-09-20 09:45:00,
25172,2023-09-20 10:00:00,
25173,2023-09-20 10:15:00,
25174,2023-09-20 10:30:00,
25175,2023-09-20 10:45:00,
25176,2023-09-20 11:00:00,
25177,2023-09-20 11:15:00,
25178,2023-09-20 11:30:00,
25179,2023-09-20 11:45:00,
25180,2023-09-20 12:00:00,
25181,2023-09-20 12:15:00,
25182,2023-09-20 12:30:00,
25183,2023-09-20 12:45:00,
25184,2023-09-20 13:00:00,
25185,2023-09-20 13:15:00,
25186,2023-09-20 13:30:00,
25187,2023-09-20 13:45:00,
25188,2023-09-20 14:00:00,
25189,2023-09-20 14:15:00,
25190,2023-09-20 14:30:00,
25191,2023-09-20 14:45:00,
25192,2023-09-20 15:00:00,
25193,2023-09-20 15:15:00,
25194,2023-09-20 15:30:00,
25195,2023-09-20 15:45:00,
25196,2023-09-20 16:00:00,
25197,2023-09-20 16:15:00,
25198,2023-09-20 16:30:00,
25199,2023-09-20 16:45:00,
25200,2023-09-20 17:00:00,
25201,2023-09-20 17:15:00,
25202,2023-09-20 17:30:00,
25203,2023-09-20 17:45:00,
25204,2023-09-20 18:00:00,
25205,2023-09-20 18:15:00,
25206,2023-09-20 18:30:00,
25207,2023-09-20 18:45:00,
25208,2023-09-20 19:00:00,
25209,2023-09-20 19:15:00,
25210,2023-09-20 19:30:00,
25211,2023-09-20 19:45:00,
25212,2023-09-20 20:00:00,
25213,2023-09-20 20:15:00,
25214,2023-09-20 20:30:00,
25215,2023-09-20 20:45:00,
25216,2023-09-20 21:00:00,
25217,2023-09-20 21:15:00,
25218,2023-09-20 21:30:00,
25219,2023-09-20 21:45:00,
25220,2023-09-20 22:00:00,
25221,2023-09-20 22:15:00,
25222,2023-09-20 22:30:00,
25223,2023-09-20 22:45:00,
25224,2023-09-20 23:00:00,
25225,2023-09-20 23:15:00,
25226,2023-09-20 23:30:00,
25227,2023-09-20 23:45:00,
25228,2023-09-21 00:00:00,
25229,2023-09-21 00:15:00,
25230,2023-09-21 00:30:00,
25231,2023-09-21 00:45:00,
25232,2023-09-21 01:00:00,
25233,2023-09-21 01:15:00,
25234,2023-09-21 01:30:00,
25235,2023-09-21 01:45:00,
25236,2023-09-21 02:00:00,
25237,2023-09-21 02:15:00,
25238,2023-09-21 02:30:00,
25239,2023-09-21 02:45:00,
25240,2023-09-21 03:00:00,
25241,2023-09-21 03:15:00,
25242,2023-09-21 03:30:00,
25243,2023-09-21 03:45:00,
25244,2023-09-21 04:00:00,
25245,2023-09-21 04:15:00,
25246,2023-09-21 04:30:00,
25247,2023-09-21 04:45:00,
25248,2023-09-21 05:00:00,
25249,2023-09-21 05:15:00,
25250,2023-09-21 05:30:00,
25251,2023-09-21 05:45:00,
25252,2023-09-21 06:00:00,
25253,2023-09-21 06:15:00,
25254,2023-09-21 06:30:00,
25255,2023-09-21 06:45:00,
25256,2023-09-21 07:00:00,
25257,2023-09-21 07:15:00,
25258,2023-09-21 07:30:00,
25259,2023-09-21 07:45:00,
25260,2023-09-21 08:00:00,
25261,2023-09-21 08:15:00,
25262,2023-09-21 08:30:00,
25263,2023-09-21 08:45:00,
25264,2023-09-21 09:00:00,
25265,2023-09-21 09:15:00,
25266,2023-09-21 09:30:00,
25267,2023-09-21 09:45:00,
25268,2023-09-21 10:00:00,
25269,2023-09-21 10:15:00,
25270,2023-09-21 10:30:00,
25271,2023-09-21 10:45:00,
25272,2023-09-21 11:00:00,
25273,2023-09-21 11:15:00,
25274,2023-09-21 11:30:00,
25275,2023-09-21 11:45:00,
25276,2023-09-21 12:00:00,
25277,2023-09-21 12:15:00,
25278,2023-09-21 12:30:00,
25279,2023-09-21 12:45:00,
25280,2023-09-21 13:00:00,
25281,2023-09-21 13:15:00,
25282,2023-09-21 13:30:00,
25283,2023-09-21 13:45:00,
25284,2023-09-21 14:00:00,
25285,2023-09-21 14:15:00,
25286,2023-09-21 14:30:00,
25287,2023-09-21 14:45:00,
25288,2023-09-21 15:00:00,
25289,2023-09-21 15:15:00,
25290,2023-09-21 15:30:00,
25291,2023-09-21 15:45:00,
25292,2023-09-21 16:00:00,
25293,2023-09-21 16:15:00,
25294,2023-09-21 16:30:00,
25295,2023-09-21 16:45:00,
25296,2023-09-21 17:00:00,
25297,2023-09-21 17:15:00,
25298,2023-09-21 17:30:00,
25299,2023-09-21 17:45:00,
25300,2023-09-21 18:00:00,
25301,2023-09-21 18:15:00,
25302,2023-09-21 18:30:00,
25303,2023-09-21 18:45:00,
25304,2023-09-21 19:00:00,
25305,2023-09-21 19:15:00,
25306,2023-09-21 19:30:00,
25307,2023-09-21 19:45:00,
25308,2023-09-21 20:00:00,
25309,2023-09-21 20:15:00,
25310,2023-09-21 20:30:00,
25311,2023-09-21 20:45:00,
25312,2023-09-21 21:00:00,
25313,2023-09-21 21:15:00,
25314,2023-09-21 21:30:00,
25315,2023-09-21 21:45:00,
25316,2023-09-21 22:00:00,
25317,2023-09-21 22:15:00,
25318,2023-09-21 22:30:00,
25319,2023-09-21 22:45:00,
25320,2023-09-21 23:00:00,
25321,2023-09-21 23:15:00,
25322,2023-09-21 23:30:00,
25323,2023-09-21 23:45:00,
25324,2023-09-22 00:00:00,
25325,2023-09-22 00:15:00,
25326,2023-09-22 00:30:00,
25327,2023-09-22 00:45:00,
25328,2023-09-22 01:00:00,
25329,2023-09-22 01:15:00,
25330,2023-09-22 01:30:00,
25331,2023-09-22 01:45:00,
25332,2023-09-22 02:00:00,
25333,2023-09-22 02:15:00,
25334,2023-09-22 02:30:00,
25335,2023-09-22 02:45:00,
25336,2023-09-22 03:00:00,
25337,2023-09-22 03:15:00,
25338,2023-09-22 03:30:00,
25339,2023-09-22 03:45:00,
25340,2023-09-22 04:00:00,
25341,2023-09-22 04:15:00,
25342,2023-09-22 04:30:00,
25343,2023-09-22 04:45:00,
25344,2023-09-22 05:00:00,
25345,2023-09-22 05:15:00,
25346,2023-09-22 05:30:00,
25347,2023-09-22 05:45:00,
25348,2023-09-22 06:00:00,
25349,2023-09-22 06:15:00,
25350,2023-09-22 06:30:00,
25351,2023-09-22 06:45:00,
25352,2023-09-22 07:00:00,
25353,2023-09-22 07:15:00,
25354,2023-09-22 07:30:00,
25355,2023-09-22 07:45:00,
25356,2023-09-22 08:00:00,
25357,2023-09-22 08:15:00,
25358,2023-09-22 08:30:00,
25359,2023-09-22 08:45:00,
25360,2023-09-22 09:00:00,
25361,2023-09-22 09:15:00,
25362,2023-09-22 09:30:00,
25363,2023-09-22 09:45:00,
25364,2023-09-22 10:00:00,
25365,2023-09-22 10:15:00,
25366,2023-09-22 10:30:00,
25367,2023-09-22 10:45:00,
25368,2023-09-22 11:00:00,
25369,2023-09-22 11:15:00,
25370,2023-09-22 11:30:00,
25371,2023-09-22 11:45:00,
25372,2023-09-22 12:00:00,
25373,2023-09-22 12:15:00,
25374,2023-09-22 12:30:00,
25375,2023-09-22 12:45:00,
25376,2023-09-22 13:00:00,
25377,2023-09-22 13:15:00,
25378,2023-09-22 13:30:00,
25379,2023-09-22 13:45:00,
25380,2023-09-22 14:00:00,
25381,2023-09-22 14:15:00,
25382,2023-09-22 14:30:00,
25383,2023-09-22 14:45:00,
25384,2023-09-22 15:00:00,
25385,2023-09-22 15:15:00,
25386,2023-09-22 15:30:00,
25387,2023-09-22 15:45:00,
25388,2023-09-22 16:00:00,
25389,2023-09-22 16:15:00,
25390,2023-09-22 16:30:00,
25391,2023-09-22 16:45:00,
25392,2023-09-22 17:00:00,
25393,2023-09-22 17:15:00,
25394,2023-09-22 17:30:00,
25395,2023-09-22 17:45:00,
25396,2023-09-22 18:00:00,
25397,2023-09-22 18:15:00,
25398,2023-09-22 18:30:00,
25399,2023-09-22 18:45:00,
25400,2023-09-22 19:00:00,
25401,2023-09-22 19:15:00,
25402,2023-09-22 19:30:00,
25403,2023-09-22 19:45:00,
25404,2023-09-22 20:00:00,
25405,2023-09-22 20:15:00,
25406,2023-09-22 20:30:00,
25407,2023-09-22 20:45:00,
25408,2023-09-22 21:00:00,
25409,2023-09-22 21:15:00,
25410,2023-09-22 21:30:00,
25411,2023-09-22 21:45:00,
25412,2023-09-22 22:00:00,
25413,2023-09-22 22:15:00,
25414,2023-09-22 22:30:00,
25415,2023-09-22 22:45:00,
25416,2023-09-22 23:00:00,
25417,2023-09-22 23:15:00,
25418,2023-09-22 23:30:00,
25419,2023-09-22 23:45:00,
25420,2023-09-23 00:00:00,
25421,2023-09-23 00:15:00,
25422,2023-09-23 00:30:00,
25423,2023-09-23 00:45:00,
25424,2023-09-23 01:00:00,
25425,2023-09-23 01:15:00,
25426,2023-09-23 01:30:00,
25427,2023-09-23 01:45:00,
25428,2023-09-23 02:00:00,
25429,2023-09-23 02:15:00,
25430,2023-09-23 02:30:00,
25431,2023-09-23 02:45:00,
25432,2023-09-23 03:00:00,
25433,2023-09-23 03:15:00,
25434,2023-09-23 03:30:00,
25435,2023-09-23 03:45:00,
25436,2023-09-23 04:00:00,
25437,2023-09-23 04:15:00,
25438,2023-09-23 04:30:00,
25439,2023-09-23 04:45:00,
25440,2023-09-23 05:00:00,
25441,2023-09-23 05:15:00,
25442,2023-09-23 05:30:00,
25443,2023-09-23 05:45:00,
25444,2023-09-23 06:00:00,
25445,2023-09-23 06:15:00,
25446,2023-09-23 06:30:00,
25447,2023-09-23 06:45:00,
25448,2023-09-23 07:00:00,
25449,2023-09-23 07:15:00,
25450,2023-09-23 07:30:00,
25451,2023-09-23 07:45:00,
25452,2023-09-23 08:00:00,
25453,2023-09-23 08:15:00,
25454,2023-09-23 08:30:00,
25455,2023-09-23 08:45:00,
25456,2023-09-23 09:00:00,
25457,2023-09-23 09:15:00,
25458,2023-09-23 09:30:00,
25459,2023-09-23 09:45:00,
25460,2023-09-23 10:00:00,
25461,2023-09-23 10:15:00,
25462,2023-09-23 10:30:00,
25463,2023-09-23 10:45:00,
25464,2023-09-23 11:00:00,
25465,2023-09-23 11:15:00,
25466,2023-09-23 11:30:00,
25467,2023-09-23 11:45:00,
25468,2023-09-23 12:00:00,
25469,2023-09-23 12:15:00,
25470,2023-09-23 12:30:00,
25471,2023-09-23 12:45:00,
25472,2023-09-23 13:00:00,
25473,2023-09-23 13:15:00,
25474,2023-09-23 13:30:00,
25475,2023-09-23 13:45:00,
25476,2023-09-23 14:00:00,
25477,2023-09-23 14:15:00,
25478,2023-09-23 14:30:00,
25479,2023-09-23 14:45:00,
25480,2023-09-23 15:00:00,
25481,2023-09-23 15:15:00,
25482,2023-09-23 15:30:00,
25483,2023-09-23 15:45:00,
25484,2023-09-23 16:00:00,
25485,2023-09-23 16:15:00,
25486,2023-09-23 16:30:00,
25487,2023-09-23 16:45:00,
25488,2023-09-23 17:00:00,
25489,2023-09-23 17:15:00,
25490,2023-09-23 17:30:00,
25491,2023-09-23 17:45:00,
25492,2023-09-23 18:00:00,
25493,2023-09-23 18:15:00,
25494,2023-09-23 18:30:00,
25495,2023-09-23 18:45:00,
25496,2023-09-23 19:00:00,
25497,2023-09-23 19:15:00,
25498,2023-09-23 19:30:00,
25499,2023-09-23 19:45:00,
25500,2023-09-23 20:00:00,
25501,2023-09-23 20:15:00,
25502,2023-09-23 20:30:00,
25503,2023-09-23 20:45:00,
25504,2023-09-23 21:00:00,
25505,2023-09-23 21:15:00,
25506,2023-09-23 21:30:00,
25507,2023-09-23 21:45:00,
25508,2023-09-23 22:00:00,
25509,2023-09-23 22:15:00,
25510,2023-09-23 22:30:00,
25511,2023-09-23 22:45:00,
25512,2023-09-23 23:00:00,
25513,2023-09-23 23:15:00,
25514,2023-09-23 23:30:00,
25515,2023-09-23 23:45:00,
25516,2023-09-24 00:00:00,
25517,2023-09-24 00:15:00,
25518,2023-09-24 00:30:00,
25519,2023-09-24 00:45:00,
25520,2023-09-24 01:00:00,
25521,2023-09-24 01:15:00,
25522,2023-09-24 01:30:00,
25523,2023-09-24 01:45:00,
25524,2023-09-24 02:00:00,
25525,2023-09-24 02:15:00,
25526,2023-09-24 02:30:00,
25527,2023-09-24 02:45:00,
25528,2023-09-24 03:00:00,
25529,2023-09-24 03:15:00,
25530,2023-09-24 03:30:00,
25531,2023-09-24 03:45:00,
25532,2023-09-24 04:00:00,
25533,2023-09-24 04:15:00,
25534,2023-09-24 04:30:00,
25535,2023-09-24 04:45:00,
25536,2023-09-24 05:00:00,
25537,2023-09-24 05:15:00,
25538,2023-09-24 05:30:00,
25539,2023-09-24 05:45:00,
25540,2023-09-24 06:00:00,
25541,2023-09-24 06:15:00,
25542,2023-09-24 06:30:00,
25543,2023-09-24 06:45:00,
25544,2023-09-24 07:00:00,
25545,2023-09-24 07:15:00,
25546,2023-09-24 07:30:00,
25547,2023-09-24 07:45:00,
25548,2023-09-24 08:00:00,
25549,2023-09-24 08:15:00,
25550,2023-09-24 08:30:00,
25551,2023-09-24 08:45:00,
25552,2023-09-24 09:00:00,
25553,2023-09-24 09:15:00,
25554,2023-09-24 09:30:00,
25555,2023-09-24 09:45:00,
25556,2023-09-24 10:00:00,
25557,2023-09-24 10:15:00,
25558,2023-09-24 10:30:00,
25559,2023-09-24 10:45:00,
25560,2023-09-24 11:00:00,
25561,2023-09-24 11:15:00,
25562,2023-09-24 11:30:00,
25563,2023-09-24 11:45:00,
25564,2023-09-24 12:00:00,
25565,2023-09-24 12:15:00,
25566,2023-09-24 12:30:00,
25567,2023-09-24 12:45:00,
25568,2023-09-24 13:00:00,
25569,2023-09-24 13:15:00,
25570,2023-09-24 13:30:00,
25571,2023-09-24 13:45:00,
25572,2023-09-24 14:00:00,
25573,2023-09-24 14:15:00,
25574,2023-09-24 14:30:00,
25575,2023-09-24 14:45:00,
25576,2023-09-24 15:00:00,
25577,2023-09-24 15:15:00,
25578,2023-09-24 15:30:00,
25579,2023-09-24 15:45:00,
25580,2023-09-24 16:00:00,
25581,2023-09-24 16:15:00,
25582,2023-09-24 16:30:00,
25583,2023-09-24 16:45:00,
25584,2023-09-24 17:00:00,
25585,2023-09-24 17:15:00,
25586,2023-09-24 17:30:00,
25587,2023-09-24 17:45:00,
25588,2023-09-24 18:00:00,
25589,2023-09-24 18:15:00,
25590,2023-09-24 18:30:00,
25591,2023-09-24 18:45:00,
25592,2023-09-24 19:00:00,
25593,2023-09-24 19:15:00,
25594,2023-09-24 19:30:00,
25595,2023-09-24 19:45:00,
25596,2023-09-24 20:00:00,
25597,2023-09-24 20:15:00,
25598,2023-09-24 20:30:00,
25599,2023-09-24 20:45:00,
25600,2023-09-24 21:00:00,
25601,2023-09-24 21:15:00,
25602,2023-09-24 21:30:00,
25603,2023-09-24 21:45:00,
25604,2023-09-24 22:00:00,
25605,2023-09-24 22:15:00,
25606,2023-09-24 22:30:00,
25607,2023-09-24 22:45:00,
25608,2023-09-24 23:00:00,
25609,2023-09-24 23:15:00,
25610,2023-09-24 23:30:00,
25611,2023-09-24 23:45:00,
25612,2023-09-25 00:00:00,
25613,2023-09-25 00:15:00,
25614,2023-09-25 00:30:00,
25615,2023-09-25 00:45:00,
25616,2023-09-25 01:00:00,
25617,2023-09-25 01:15:00,
25618,2023-09-25 01:30:00,
25619,2023-09-25 01:45:00,
25620,2023-09-25 02:00:00,
25621,2023-09-25 02:15:00,
25622,2023-09-25 02:30:00,
25623,2023-09-25 02:45:00,
25624,2023-09-25 03:00:00,
25625,2023-09-25 03:15:00,
25626,2023-09-25 03:30:00,
25627,2023-09-25 03:45:00,
25628,2023-09-25 04:00:00,
25629,2023-09-25 04:15:00,
25630,2023-09-25 04:30:00,
25631,2023-09-25 04:45:00,
25632,2023-09-25 05:00:00,
25633,2023-09-25 05:15:00,
25634,2023-09-25 05:30:00,
25635,2023-09-25 05:45:00,
25636,2023-09-25 06:00:00,
25637,2023-09-25 06:15:00,
25638,2023-09-25 06:30:00,
25639,2023-09-25 06:45:00,
25640,2023-09-25 07:00:00,
25641,2023-09-25 07:15:00,
25642,2023-09-25 07:30:00,
25643,2023-09-25 07:45:00,
25644,2023-09-25 08:00:00,
25645,2023-09-25 08:15:00,
25646,2023-09-25 08:30:00,
25647,2023-09-25 08:45:00,
25648,2023-09-25 09:00:00,
25649,2023-09-25 09:15:00,
25650,2023-09-25 09:30:00,
25651,2023-09-25 09:45:00,
25652,2023-09-25 10:00:00,
25653,2023-09-25 10:15:00,
25654,2023-09-25 10:30:00,
25655,2023-09-25 10:45:00,
25656,2023-09-25 11:00:00,
25657,2023-09-25 11:15:00,
25658,2023-09-25 11:30:00,
25659,2023-09-25 11:45:00,
25660,2023-09-25 12:00:00,
25661,2023-09-25 12:15:00,
25662,2023-09-25 12:30:00,
25663,2023-09-25 12:45:00,
25664,2023-09-25 13:00:00,
25665,2023-09-25 13:15:00,
25666,2023-09-25 13:30:00,
25667,2023-09-25 13:45:00,
25668,2023-09-25 14:00:00,
25669,2023-09-25 14:15:00,
25670,2023-09-25 14:30:00,
25671,2023-09-25 14:45:00,
25672,2023-09-25 15:00:00,
25673,2023-09-25 15:15:00,
25674,2023-09-25 15:30:00,
25675,2023-09-25 15:45:00,
25676,2023-09-25 16:00:00,
25677,2023-09-25 16:15:00,
25678,2023-09-25 16:30:00,
25679,2023-09-25 16:45:00,
25680,2023-09-25 17:00:00,
25681,2023-09-25 17:15:00,
25682,2023-09-25 17:30:00,
25683,2023-09-25 17:45:00,
25684,2023-09-25 18:00:00,
25685,2023-09-25 18:15:00,
25686,2023-09-25 18:30:00,
25687,2023-09-25 18:45:00,
25688,2023-09-25 19:00:00,
25689,2023-09-25 19:15:00,
25690,2023-09-25 19:30:00,
25691,2023-09-25 19:45:00,
25692,2023-09-25 20:00:00,
25693,2023-09-25 20:15:00,
25694,2023-09-25 20:30:00,
25695,2023-09-25 20:45:00,
25696,2023-09-25 21:00:00,
25697,2023-09-25 21:15:00,
25698,2023-09-25 21:30:00,
25699,2023-09-25 21:45:00,
25700,2023-09-25 22:00:00,
25701,2023-09-25 22:15:00,
25702,2023-09-25 22:30:00,
25703,2023-09-25 22:45:00,
25704,2023-09-25 23:00:00,
25705,2023-09-25 23:15:00,
25706,2023-09-25 23:30:00,
25707,2023-09-25 23:45:00,
25708,2023-09-26 00:00:00,
25709,2023-09-26 00:15:00,
25710,2023-09-26 00:30:00,
25711,2023-09-26 00:45:00,
25712,2023-09-26 01:00:00,
25713,2023-09-26 01:15:00,
25714,2023-09-26 01:30:00,
25715,2023-09-26 01:45:00,
25716,2023-09-26 02:00:00,
25717,2023-09-26 02:15:00,
25718,2023-09-26 02:30:00,
25719,2023-09-26 02:45:00,
25720,2023-09-26 03:00:00,
25721,2023-09-26 03:15:00,
25722,2023-09-26 03:30:00,
25723,2023-09-26 03:45:00,
25724,2023-09-26 04:00:00,
25725,2023-09-26 04:15:00,
25726,2023-09-26 04:30:00,
25727,2023-09-26 04:45:00,
25728,2023-09-26 05:00:00,
25729,2023-09-26 05:15:00,
25730,2023-09-26 05:30:00,
25731,2023-09-26 05:45:00,
25732,2023-09-26 06:00:00,
25733,2023-09-26 06:15:00,
25734,2023-09-26 06:30:00,
25735,2023-09-26 06:45:00,
25736,2023-09-26 07:00:00,
25737,2023-09-26 07:15:00,
25738,2023-09-26 07:30:00,
25739,2023-09-26 07:45:00,
25740,2023-09-26 08:00:00,
25741,2023-09-26 08:15:00,
25742,2023-09-26 08:30:00,
25743,2023-09-26 08:45:00,
25744,2023-09-26 09:00:00,
25745,2023-09-26 09:15:00,
25746,2023-09-26 09:30:00,
25747,2023-09-26 09:45:00,
25748,2023-09-26 10:00:00,
25749,2023-09-26 10:15:00,
25750,2023-09-26 10:30:00,
25751,2023-09-26 10:45:00,
25752,2023-09-26 11:00:00,
25753,2023-09-26 11:15:00,
25754,2023-09-26 11:30:00,
25755,2023-09-26 11:45:00,
25756,2023-09-26 12:00:00,
25757,2023-09-26 12:15:00,
25758,2023-09-26 12:30:00,
25759,2023-09-26 12:45:00,
25760,2023-09-26 13:00:00,
25761,2023-09-26 13:15:00,
25762,2023-09-26 13:30:00,
25763,2023-09-26 13:45:00,
25764,2023-09-26 14:00:00,
25765,2023-09-26 14:15:00,
25766,2023-09-26 14:30:00,
25767,2023-09-26 14:45:00,
25768,2023-09-26 15:00:00,
25769,2023-09-26 15:15:00,
25770,2023-09-26 15:30:00,
25771,2023-09-26 15:45:00,
25772,2023-09-26 16:00:00,
25773,2023-09-26 16:15:00,
25774,2023-09-26 16:30:00,
25775,2023-09-26 16:45:00,
25776,2023-09-26 17:00:00,
25777,2023-09-26 17:15:00,
25778,2023-09-26 17:30:00,
25779,2023-09-26 17:45:00,
25780,2023-09-26 18:00:00,
25781,2023-09-26 18:15:00,
25782,2023-09-26 18:30:00,
25783,2023-09-26 18:45:00,
25784,2023-09-26 19:00:00,
25785,2023-09-26 19:15:00,
25786,2023-09-26 19:30:00,
25787,2023-09-26 19:45:00,
25788,2023-09-26 20:00:00,
25789,2023-09-26 20:15:00,
25790,2023-09-26 20:30:00,
25791,2023-09-26 20:45:00,
25792,2023-09-26 21:00:00,
25793,2023-09-26 21:15:00,
25794,2023-09-26 21:30:00,
25795,2023-09-26 21:45:00,
25796,2023-09-26 22:00:00,
25797,2023-09-26 22:15:00,
25798,2023-09-26 22:30:00,
25799,2023-09-26 22:45:00,
25800,2023-09-26 23:00:00,
25801,2023-09-26 23:15:00,
25802,2023-09-26 23:30:00,
25803,2023-09-26 23:45:00,
25804,2023-09-27 00:00:00,
25805,2023-09-27 00:15:00,
25806,2023-09-27 00:30:00,
25807,2023-09-27 00:45:00,
25808,2023-09-27 01:00:00,
25809,2023-09-27 01:15:00,
25810,2023-09-27 01:30:00,
25811,2023-09-27 01:45:00,
25812,2023-09-27 02:00:00,
25813,2023-09-27 02:15:00,
25814,2023-09-27 02:30:00,
25815,2023-09-27 02:45:00,
25816,2023-09-27 03:00:00,
25817,2023-09-27 03:15:00,
25818,2023-09-27 03:30:00,
25819,2023-09-27 03:45:00,
25820,2023-09-27 04:00:00,
25821,2023-09-27 04:15:00,
25822,2023-09-27 04:30:00,
25823,2023-09-27 04:45:00,
25824,2023-09-27 05:00:00,
25825,2023-09-27 05:15:00,
25826,2023-09-27 05:30:00,
25827,2023-09-27 05:45:00,
25828,2023-09-27 06:00:00,
25829,2023-09-27 06:15:00,
25830,2023-09-27 06:30:00,
25831,2023-09-27 06:45:00,
25832,2023-09-27 07:00:00,
25833,2023-09-27 07:15:00,
25834,2023-09-27 07:30:00,
25835,2023-09-27 07:45:00,
25836,2023-09-27 08:00:00,
25837,2023-09-27 08:15:00,
25838,2023-09-27 08:30:00,
25839,2023-09-27 08:45:00,
25840,2023-09-27 09:00:00,
25841,2023-09-27 09:15:00,
25842,2023-09-27 09:30:00,
25843,2023-09-27 09:45:00,
25844,2023-09-27 10:00:00,
25845,2023-09-27 10:15:00,
25846,2023-09-27 10:30:00,
25847,2023-09-27 10:45:00,
25848,2023-09-27 11:00:00,
25849,2023-09-27 11:15:00,
25850,2023-09-27 11:30:00,
25851,2023-09-27 11:45:00,
25852,2023-09-27 12:00:00,
25853,2023-09-27 12:15:00,
25854,2023-09-27 12:30:00,
25855,2023-09-27 12:45:00,
25856,2023-09-27 13:00:00,
25857,2023-09-27 13:15:00,
25858,2023-09-27 13:30:00,
25859,2023-09-27 13:45:00,
25860,2023-09-27 14:00:00,
25861,2023-09-27 14:15:00,
25862,2023-09-27 14:30:00,
25863,2023-09-27 14:45:00,
25864,2023-09-27 15:00:00,
25865,2023-09-27 15:15:00,
25866,2023-09-27 15:30:00,
25867,2023-09-27 15:45:00,
25868,2023-09-27 16:00:00,
25869,2023-09-27 16:15:00,
25870,2023-09-27 16:30:00,
25871,2023-09-27 16:45:00,
25872,2023-09-27 17:00:00,
25873,2023-09-27 17:15:00,
25874,2023-09-27 17:30:00,
25875,2023-09-27 17:45:00,
25876,2023-09-27 18:00:00,
25877,2023-09-27 18:15:00,
25878,2023-09-27 18:30:00,
25879,2023-09-27 18:45:00,
25880,2023-09-27 19:00:00,
25881,2023-09-27 19:15:00,
25882,2023-09-27 19:30:00,
25883,2023-09-27 19:45:00,
25884,2023-09-27 20:00:00,
25885,2023-09-27 20:15:00,
25886,2023-09-27 20:30:00,
25887,2023-09-27 20:45:00,
25888,2023-09-27 21:00:00,
25889,2023-09-27 21:15:00,
25890,2023-09-27 21:30:00,
25891,2023-09-27 21:45:00,
25892,2023-09-27 22:00:00,
25893,2023-09-27 22:15:00,
25894,2023-09-27 22:30:00,
25895,2023-09-27 22:45:00,
25896,2023-09-27 23:00:00,
25897,2023-09-27 23:15:00,
25898,2023-09-27 23:30:00,
25899,2023-09-27 23:45:00,
25900,2023-09-28 00:00:00,
25901,2023-09-28 00:15:00,
25902,2023-09-28 00:30:00,
25903,2023-09-28 00:45:00,
25904,2023-09-28 01:00:00,
25905,2023-09-28 01:15:00,
25906,2023-09-28 01:30:00,
25907,2023-09-28 01:45:00,
25908,2023-09-28 02:00:00,
25909,2023-09-28 02:15:00,
25910,2023-09-28 02:30:00,
25911,2023-09-28 02:45:00,
25912,2023-09-28 03:00:00,
25913,2023-09-28 03:15:00,
25914,2023-09-28 03:30:00,
25915,2023-09-28 03:45:00,
25916,2023-09-28 04:00:00,
25917,2023-09-28 04:15:00,
25918,2023-09-28 04:30:00,
25919,2023-09-28 04:45:00,
25920,2023-09-28 05:00:00,
25921,2023-09-28 05:15:00,
25922,2023-09-28 05:30:00,
25923,2023-09-28 05:45:00,
25924,2023-09-28 06:00:00,
25925,2023-09-28 06:15:00,
25926,2023-09-28 06:30:00,
25927,2023-09-28 06:45:00,
25928,2023-09-28 07:00:00,
25929,2023-09-28 07:15:00,
25930,2023-09-28 07:30:00,
25931,2023-09-28 07:45:00,
25932,2023-09-28 08:00:00,
25933,2023-09-28 08:15:00,
25934,2023-09-28 08:30:00,
25935,2023-09-28 08:45:00,
25936,2023-09-28 09:00:00,
25937,2023-09-28 09:15:00,
25938,2023-09-28 09:30:00,
25939,2023-09-28 09:45:00,
25940,2023-09-28 10:00:00,
25941,2023-09-28 10:15:00,
25942,2023-09-28 10:30:00,
25943,2023-09-28 10:45:00,
25944,2023-09-28 11:00:00,
25945,2023-09-28 11:15:00,
25946,2023-09-28 11:30:00,
25947,2023-09-28 11:45:00,
25948,2023-09-28 12:00:00,
25949,2023-09-28 12:15:00,
25950,2023-09-28 12:30:00,
25951,2023-09-28 12:45:00,
25952,2023-09-28 13:00:00,
25953,2023-09-28 13:15:00,
25954,2023-09-28 13:30:00,
25955,2023-09-28 13:45:00,
25956,2023-09-28 14:00:00,
25957,2023-09-28 14:15:00,
25958,2023-09-28 14:30:00,
25959,2023-09-28 14:45:00,
25960,2023-09-28 15:00:00,
25961,2023-09-28 15:15:00,
25962,2023-09-28 15:30:00,
25963,2023-09-28 15:45:00,
25964,2023-09-28 16:00:00,
25965,2023-09-28 16:15:00,
25966,2023-09-28 16:30:00,
25967,2023-09-28 16:45:00,
25968,2023-09-28 17:00:00,
25969,2023-09-28 17:15:00,
25970,2023-09-28 17:30:00,
25971,2023-09-28 17:45:00,
25972,2023-09-28 18:00:00,
25973,2023-09-28 18:15:00,
25974,2023-09-28 18:30:00,
25975,2023-09-28 18:45:00,
25976,2023-09-28 19:00:00,
25977,2023-09-28 19:15:00,
25978,2023-09-28 19:30:00,
25979,2023-09-28 19:45:00,
25980,2023-09-28 20:00:00,
25981,2023-09-28 20:15:00,
25982,2023-09-28 20:30:00,
25983,2023-09-28 20:45:00,
25984,2023-09-28 21:00:00,
25985,2023-09-28 21:15:00,
25986,2023-09-28 21:30:00,
25987,2023-09-28 21:45:00,
25988,2023-09-28 22:00:00,
25989,2023-09-28 22:15:00,
25990,2023-09-28 22:30:00,
25991,2023-09-28 22:45:00,
25992,2023-09-28 23:00:00,
25993,2023-09-28 23:15:00,
25994,2023-09-28 23:30:00,
25995,2023-09-28 23:45:00,
25996,2023-09-29 00:00:00,
25997,2023-09-29 00:15:00,
25998,2023-09-29 00:30:00,
25999,2023-09-29 00:45:00,
26000,2023-09-29 01:00:00,
26001,2023-09-29 01:15:00,
26002,2023-09-29 01:30:00,
26003,2023-09-29 01:45:00,
26004,2023-09-29 02:00:00,
26005,2023-09-29 02:15:00,
26006,2023-09-29 02:30:00,
26007,2023-09-29 02:45:00,
26008,2023-09-29 03:00:00,
26009,2023-09-29 03:15:00,
26010,2023-09-29 03:30:00,
26011,2023-09-29 03:45:00,
26012,2023-09-29 04:00:00,
26013,2023-09-29 04:15:00,
26014,2023-09-29 04:30:00,
26015,2023-09-29 04:45:00,
26016,2023-09-29 05:00:00,
26017,2023-09-29 05:15:00,
26018,2023-09-29 05:30:00,
26019,2023-09-29 05:45:00,
26020,2023-09-29 06:00:00,
26021,2023-09-29 06:15:00,
26022,2023-09-29 06:30:00,
26023,2023-09-29 06:45:00,
26024,2023-09-29 07:00:00,
26025,2023-09-29 07:15:00,
26026,2023-09-29 07:30:00,
26027,2023-09-29 07:45:00,
26028,2023-09-29 08:00:00,
26029,2023-09-29 08:15:00,
26030,2023-09-29 08:30:00,
26031,2023-09-29 08:45:00,
26032,2023-09-29 09:00:00,
26033,2023-09-29 09:15:00,
26034,2023-09-29 09:30:00,
26035,2023-09-29 09:45:00,
26036,2023-09-29 10:00:00,
26037,2023-09-29 10:15:00,
26038,2023-09-29 10:30:00,
26039,2023-09-29 10:45:00,
26040,2023-09-29 11:00:00,
26041,2023-09-29 11:15:00,
26042,2023-09-29 11:30:00,
26043,2023-09-29 11:45:00,
26044,2023-09-29 12:00:00,
26045,2023-09-29 12:15:00,
26046,2023-09-29 12:30:00,
26047,2023-09-29 12:45:00,
26048,2023-09-29 13:00:00,
26049,2023-09-29 13:15:00,
26050,2023-09-29 13:30:00,
26051,2023-09-29 13:45:00,
26052,2023-09-29 14:00:00,
26053,2023-09-29 14:15:00,
26054,2023-09-29 14:30:00,
26055,2023-09-29 14:45:00,
26056,2023-09-29 15:00:00,
26057,2023-09-29 15:15:00,
26058,2023-09-29 15:30:00,
26059,2023-09-29 15:45:00,
26060,2023-09-29 16:00:00,
26061,2023-09-29 16:15:00,
26062,2023-09-29 16:30:00,
26063,2023-09-29 16:45:00,
26064,2023-09-29 17:00:00,
26065,2023-09-29 17:15:00,
26066,2023-09-29 17:30:00,
26067,2023-09-29 17:45:00,
26068,2023-09-29 18:00:00,
26069,2023-09-29 18:15:00,
26070,2023-09-29 18:30:00,
26071,2023-09-29 18:45:00,
26072,2023-09-29 19:00:00,
26073,2023-09-29 19:15:00,
26074,2023-09-29 19:30:00,
26075,2023-09-29 19:45:00,
26076,2023-09-29 20:00:00,
26077,2023-09-29 20:15:00,
26078,2023-09-29 20:30:00,
26079,2023-09-29 20:45:00,
26080,2023-09-29 21:00:00,
26081,2023-09-29 21:15:00,
26082,2023-09-29 21:30:00,
26083,2023-09-29 21:45:00,
26084,2023-09-29 22:00:00,
26085,2023-09-29 22:15:00,
26086,2023-09-29 22:30:00,
26087,2023-09-29 22:45:00,
26088,2023-09-29 23:00:00,
26089,2023-09-29 23:15:00,
26090,2023-09-29 23:30:00,
26091,2023-09-29 23:45:00,
26092,2023-09-30 00:00:00,
26093,2023-09-30 00:15:00,
26094,2023-09-30 00:30:00,
26095,2023-09-30 00:45:00,
26096,2023-09-30 01:00:00,
26097,2023-09-30 01:15:00,
26098,2023-09-30 01:30:00,
26099,2023-09-30 01:45:00,
26100,2023-09-30 02:00:00,
26101,2023-09-30 02:15:00,
26102,2023-09-30 02:30:00,
26103,2023-09-30 02:45:00,
26104,2023-09-30 03:00:00,
26105,2023-09-30 03:15:00,
26106,2023-09-30 03:30:00,
26107,2023-09-30 03:45:00,
26108,2023-09-30 04:00:00,
26109,2023-09-30 04:15:00,
26110,2023-09-30 04:30:00,
26111,2023-09-30 04:45:00,
26112,2023-09-30 05:00:00,
26113,2023-09-30 05:15:00,
26114,2023-09-30 05:30:00,
26115,2023-09-30 05:45:00,
26116,2023-09-30 06:00:00,
26117,2023-09-30 06:15:00,
26118,2023-09-30 06:30:00,
26119,2023-09-30 06:45:00,
26120,2023-09-30 07:00:00,
26121,2023-09-30 07:15:00,
26122,2023-09-30 07:30:00,
26123,2023-09-30 07:45:00,
26124,2023-09-30 08:00:00,
26125,2023-09-30 08:15:00,
26126,2023-09-30 08:30:00,
26127,2023-09-30 08:45:00,
26128,2023-09-30 09:00:00,
26129,2023-09-30 09:15:00,
26130,2023-09-30 09:30:00,
26131,2023-09-30 09:45:00,
26132,2023-09-30 10:00:00,
26133,2023-09-30 10:15:00,
26134,2023-09-30 10:30:00,
26135,2023-09-30 10:45:00,
26136,2023-09-30 11:00:00,
26137,2023-09-30 11:15:00,
26138,2023-09-30 11:30:00,
26139,2023-09-30 11:45:00,
26140,2023-09-30 12:00:00,
26141,2023-09-30 12:15:00,
26142,2023-09-30 12:30:00,
26143,2023-09-30 12:45:00,
26144,2023-09-30 13:00:00,
26145,2023-09-30 13:15:00,
26146,2023-09-30 13:30:00,
26147,2023-09-30 13:45:00,
26148,2023-09-30 14:00:00,
26149,2023-09-30 14:15:00,
26150,2023-09-30 14:30:00,
26151,2023-09-30 14:45:00,
26152,2023-09-30 15:00:00,
26153,2023-09-30 15:15:00,
26154,2023-09-30 15:30:00,
26155,2023-09-30 15:45:00,
26156,2023-09-30 16:00:00,
26157,2023-09-30 16:15:00,
26158,2023-09-30 16:30:00,
26159,2023-09-30 16:45:00,
26160,2023-09-30 17:00:00,
26161,2023-09-30 17:15:00,
26162,2023-09-30 17:30:00,
26163,2023-09-30 17:45:00,
26164,2023-09-30 18:00:00,
26165,2023-09-30 18:15:00,
26166,2023-09-30 18:30:00,
26167,2023-09-30 18:45:00,
26168,2023-09-30 19:00:00,
26169,2023-09-30 19:15:00,
26170,2023-09-30 19:30:00,
26171,2023-09-30 19:45:00,
26172,2023-09-30 20:00:00,
26173,2023-09-30 20:15:00,
26174,2023-09-30 20:30:00,
26175,2023-09-30 20:45:00,
26176,2023-09-30 21:00:00,
26177,2023-09-30 21:15:00,
26178,2023-09-30 21:30:00,
26179,2023-09-30 21:45:00,
26180,2023-09-30 22:00:00,
26181,2023-09-30 22:15:00,
26182,2023-09-30 22:30:00,
26183,2023-09-30 22:45:00,
26184,2023-09-30 23:00:00,
26185,2023-09-30 23:15:00,
26186,2023-09-30 23:30:00,
26187,2023-09-30 23:45:00,
26188,2023-10-01 00:00:00,
26189,2023-10-01 00:15:00,
26190,2023-10-01 00:30:00,
26191,2023-10-01 00:45:00,
26192,2023-10-01 01:00:00,
26193,2023-10-01 01:15:00,
26194,2023-10-01 01:30:00,
26195,2023-10-01 01:45:00,
26196,2023-10-01 02:00:00,
26197,2023-10-01 02:15:00,
26198,2023-10-01 02:30:00,
26199,2023-10-01 02:45:00,
26200,2023-10-01 03:00:00,
26201,2023-10-01 03:15:00,
26202,2023-10-01 03:30:00,
26203,2023-10-01 03:45:00,
26204,2023-10-01 04:00:00,
26205,2023-10-01 04:15:00,
26206,2023-10-01 04:30:00,
26207,2023-10-01 04:45:00,
26208,2023-10-01 05:00:00,
26209,2023-10-01 05:15:00,
26210,2023-10-01 05:30:00,
26211,2023-10-01 05:45:00,
26212,2023-10-01 06:00:00,
26213,2023-10-01 06:15:00,
26214,2023-10-01 06:30:00,
26215,2023-10-01 06:45:00,
26216,2023-10-01 07:00:00,
26217,2023-10-01 07:15:00,
26218,2023-10-01 07:30:00,
26219,2023-10-01 07:45:00,
26220,2023-10-01 08:00:00,
26221,2023-10-01 08:15:00,
26222,2023-10-01 08:30:00,
26223,2023-10-01 08:45:00,
26224,2023-10-01 09:00:00,
26225,2023-10-01 09:15:00,
26226,2023-10-01 09:30:00,
26227,2023-10-01 09:45:00,
26228,2023-10-01 10:00:00,
26229,2023-10-01 10:15:00,
26230,2023-10-01 10:30:00,
26231,2023-10-01 10:45:00,
26232,2023-10-01 11:00:00,
26233,2023-10-01 11:15:00,
26234,2023-10-01 11:30:00,
26235,2023-10-01 11:45:00,
26236,2023-10-01 12:00:00,
26237,2023-10-01 12:15:00,
26238,2023-10-01 12:30:00,
26239,2023-10-01 12:45:00,
26240,2023-10-01 13:00:00,
26241,2023-10-01 13:15:00,
26242,2023-10-01 13:30:00,
26243,2023-10-01 13:45:00,
26244,2023-10-01 14:00:00,
26245,2023-10-01 14:15:00,
26246,2023-10-01 14:30:00,
26247,2023-10-01 14:45:00,
26248,2023-10-01 15:00:00,
26249,2023-10-01 15:15:00,
26250,2023-10-01 15:30:00,
26251,2023-10-01 15:45:00,
26252,2023-10-01 16:00:00,
26253,2023-10-01 16:15:00,
26254,2023-10-01 16:30:00,
26255,2023-10-01 16:45:00,
26256,2023-10-01 17:00:00,
26257,2023-10-01 17:15:00,
26258,2023-10-01 17:30:00,
26259,2023-10-01 17:45:00,
26260,2023-10-01 18:00:00,
26261,2023-10-01 18:15:00,
26262,2023-10-01 18:30:00,
26263,2023-10-01 18:45:00,
26264,2023-10-01 19:00:00,
26265,2023-10-01 19:15:00,
26266,2023-10-01 19:30:00,
26267,2023-10-01 19:45:00,
26268,2023-10-01 20:00:00,
26269,2023-10-01 20:15:00,
26270,2023-10-01 20:30:00,
26271,2023-10-01 20:45:00,
26272,2023-10-01 21:00:00,
26273,2023-10-01 21:15:00,
26274,2023-10-01 21:30:00,
26275,2023-10-01 21:45:00,
26276,2023-10-01 22:00:00,
26277,2023-10-01 22:15:00,
26278,2023-10-01 22:30:00,
26279,2023-10-01 22:45:00,
26280,2023-10-01 23:00:00,
26281,2023-10-01 23:15:00,
26282,2023-10-01 23:30:00,
26283,2023-10-01 23:45:00,
26284,2023-10-02 00:00:00,
26285,2023-10-02 00:15:00,
26286,2023-10-02 00:30:00,
26287,2023-10-02 00:45:00,
26288,2023-10-02 01:00:00,
26289,2023-10-02 01:15:00,
26290,2023-10-02 01:30:00,
26291,2023-10-02 01:45:00,
26292,2023-10-02 02:00:00,
26293,2023-10-02 02:15:00,
26294,2023-10-02 02:30:00,
26295,2023-10-02 02:45:00,
26296,2023-10-02 03:00:00,
26297,2023-10-02 03:15:00,
26298,2023-10-02 03:30:00,
26299,2023-10-02 03:45:00,
26300,2023-10-02 04:00:00,
26301,2023-10-02 04:15:00,
26302,2023-10-02 04:30:00,
26303,2023-10-02 04:45:00,
26304,2023-10-02 05:00:00,
26305,2023-10-02 05:15:00,
26306,2023-10-02 05:30:00,
26307,2023-10-02 05:45:00,
26308,2023-10-02 06:00:00,
26309,2023-10-02 06:15:00,
26310,2023-10-02 06:30:00,
26311,2023-10-02 06:45:00,
26312,2023-10-02 07:00:00,
26313,2023-10-02 07:15:00,
26314,2023-10-02 07:30:00,
26315,2023-10-02 07:45:00,
26316,2023-10-02 08:00:00,
26317,2023-10-02 08:15:00,
26318,2023-10-02 08:30:00,
26319,2023-10-02 08:45:00,
26320,2023-10-02 09:00:00,
26321,2023-10-02 09:15:00,
26322,2023-10-02 09:30:00,
26323,2023-10-02 09:45:00,
26324,2023-10-02 10:00:00,
26325,2023-10-02 10:15:00,
26326,2023-10-02 10:30:00,
26327,2023-10-02 10:45:00,
26328,2023-10-02 11:00:00,
26329,2023-10-02 11:15:00,
26330,2023-10-02 11:30:00,
26331,2023-10-02 11:45:00,
26332,2023-10-02 12:00:00,
26333,2023-10-02 12:15:00,
26334,2023-10-02 12:30:00,
26335,2023-10-02 12:45:00,
26336,2023-10-02 13:00:00,
26337,2023-10-02 13:15:00,
26338,2023-10-02 13:30:00,
26339,2023-10-02 13:45:00,
26340,2023-10-02 14:00:00,
26341,2023-10-02 14:15:00,
26342,2023-10-02 14:30:00,
26343,2023-10-02 14:45:00,
26344,2023-10-02 15:00:00,
26345,2023-10-02 15:15:00,
26346,2023-10-02 15:30:00,
26347,2023-10-02 15:45:00,
26348,2023-10-02 16:00:00,
26349,2023-10-02 16:15:00,
26350,2023-10-02 16:30:00,
26351,2023-10-02 16:45:00,
26352,2023-10-02 17:00:00,
26353,2023-10-02 17:15:00,
26354,2023-10-02 17:30:00,
26355,2023-10-02 17:45:00,
26356,2023-10-02 18:00:00,
26357,2023-10-02 18:15:00,
26358,2023-10-02 18:30:00,
26359,2023-10-02 18:45:00,
26360,2023-10-02 19:00:00,
26361,2023-10-02 19:15:00,
26362,2023-10-02 19:30:00,
26363,2023-10-02 19:45:00,
26364,2023-10-02 20:00:00,
26365,2023-10-02 20:15:00,
26366,2023-10-02 20:30:00,
26367,2023-10-02 20:45:00,
26368,2023-10-02 21:00:00,
26369,2023-10-02 21:15:00,
26370,2023-10-02 21:30:00,
26371,2023-10-02 21:45:00,
26372,2023-10-02 22:00:00,
26373,2023-10-02 22:15:00,
26374,2023-10-02 22:30:00,
26375,2023-10-02 22:45:00,
26376,2023-10-02 23:00:00,
26377,2023-10-02 23:15:00,
26378,2023-10-02 23:30:00,
26379,2023-10-02 23:45:00,
26380,2023-10-03 00:00:00,
26381,2023-10-03 00:15:00,
26382,2023-10-03 00:30:00,
26383,2023-10-03 00:45:00,
26384,2023-10-03 01:00:00,
26385,2023-10-03 01:15:00,
26386,2023-10-03 01:30:00,
26387,2023-10-03 01:45:00,
26388,2023-10-03 02:00:00,
26389,2023-10-03 02:15:00,
26390,2023-10-03 02:30:00,
26391,2023-10-03 02:45:00,
26392,2023-10-03 03:00:00,
26393,2023-10-03 03:15:00,
26394,2023-10-03 03:30:00,
26395,2023-10-03 03:45:00,
26396,2023-10-03 04:00:00,
26397,2023-10-03 04:15:00,
26398,2023-10-03 04:30:00,
26399,2023-10-03 04:45:00,
26400,2023-10-03 05:00:00,
26401,2023-10-03 05:15:00,
26402,2023-10-03 05:30:00,
26403,2023-10-03 05:45:00,
26404,2023-10-03 06:00:00,
26405,2023-10-03 06:15:00,
26406,2023-10-03 06:30:00,
26407,2023-10-03 06:45:00,
26408,2023-10-03 07:00:00,
26409,2023-10-03 07:15:00,
26410,2023-10-03 07:30:00,
26411,2023-10-03 07:45:00,
26412,2023-10-03 08:00:00,
26413,2023-10-03 08:15:00,
26414,2023-10-03 08:30:00,
26415,2023-10-03 08:45:00,
26416,2023-10-03 09:00:00,
26417,2023-10-03 09:15:00,
26418,2023-10-03 09:30:00,
26419,2023-10-03 09:45:00,
26420,2023-10-03 10:00:00,
26421,2023-10-03 10:15:00,
26422,2023-10-03 10:30:00,
26423,2023-10-03 10:45:00,
26424,2023-10-03 11:00:00,
26425,2023-10-03 11:15:00,
26426,2023-10-03 11:30:00,
26427,2023-10-03 11:45:00,
26428,2023-10-03 12:00:00,
26429,2023-10-03 12:15:00,
26430,2023-10-03 12:30:00,
26431,2023-10-03 12:45:00,
26432,2023-10-03 13:00:00,
26433,2023-10-03 13:15:00,
26434,2023-10-03 13:30:00,
26435,2023-10-03 13:45:00,
26436,2023-10-03 14:00:00,
26437,2023-10-03 14:15:00,
26438,2023-10-03 14:30:00,
26439,2023-10-03 14:45:00,
26440,2023-10-03 15:00:00,
26441,2023-10-03 15:15:00,
26442,2023-10-03 15:30:00,
26443,2023-10-03 15:45:00,
26444,2023-10-03 16:00:00,
26445,2023-10-03 16:15:00,
26446,2023-10-03 16:30:00,
26447,2023-10-03 16:45:00,
26448,2023-10-03 17:00:00,
26449,2023-10-03 17:15:00,
26450,2023-10-03 17:30:00,
26451,2023-10-03 17:45:00,
26452,2023-10-03 18:00:00,
26453,2023-10-03 18:15:00,
26454,2023-10-03 18:30:00,
26455,2023-10-03 18:45:00,
26456,2023-10-03 19:00:00,
26457,2023-10-03 19:15:00,
26458,2023-10-03 19:30:00,
26459,2023-10-03 19:45:00,
26460,2023-10-03 20:00:00,
26461,2023-10-03 20:15:00,
26462,2023-10-03 20:30:00,
26463,2023-10-03 20:45:00,
26464,2023-10-03 21:00:00,
26465,2023-10-03 21:15:00,
26466,2023-10-03 21:30:00,
26467,2023-10-03 21:45:00,
26468,2023-10-03 22:00:00,
26469,2023-10-03 22:15:00,
26470,2023-10-03 22:30:00,
26471,2023-10-03 22:45:00,
26472,2023-10-03 23:00:00,
26473,2023-10-03 23:15:00,
26474,2023-10-03 23:30:00,
26475,2023-10-03 23:45:00,
26476,2023-10-04 00:00:00,
26477,2023-10-04 00:15:00,
26478,2023-10-04 00:30:00,
26479,2023-10-04 00:45:00,
26480,2023-10-04 01:00:00,
26481,2023-10-04 01:15:00,
26482,2023-10-04 01:30:00,
26483,2023-10-04 01:45:00,
26484,2023-10-04 02:00:00,
26485,2023-10-04 02:15:00,
26486,2023-10-04 02:30:00,
26487,2023-10-04 02:45:00,
26488,2023-10-04 03:00:00,
26489,2023-10-04 03:15:00,
26490,2023-10-04 03:30:00,
26491,2023-10-04 03:45:00,
26492,2023-10-04 04:00:00,
26493,2023-10-04 04:15:00,
26494,2023-10-04 04:30:00,
26495,2023-10-04 04:45:00,
26496,2023-10-04 05:00:00,
26497,2023-10-04 05:15:00,
26498,2023-10-04 05:30:00,
26499,2023-10-04 05:45:00,
26500,2023-10-04 06:00:00,
26501,2023-10-04 06:15:00,
26502,2023-10-04 06:30:00,
26503,2023-10-04 06:45:00,
26504,2023-10-04 07:00:00,
26505,2023-10-04 07:15:00,
26506,2023-10-04 07:30:00,
26507,2023-10-04 07:45:00,
26508,2023-10-04 08:00:00,
26509,2023-10-04 08:15:00,
26510,2023-10-04 08:30:00,
26511,2023-10-04 08:45:00,
26512,2023-10-04 09:00:00,
26513,2023-10-04 09:15:00,
26514,2023-10-04 09:30:00,
26515,2023-10-04 09:45:00,
26516,2023-10-04 10:00:00,
26517,2023-10-04 10:15:00,
26518,2023-10-04 10:30:00,
26519,2023-10-04 10:45:00,
26520,2023-10-04 11:00:00,
26521,2023-10-04 11:15:00,
26522,2023-10-04 11:30:00,
26523,2023-10-04 11:45:00,
26524,2023-10-04 12:00:00,
26525,2023-10-04 12:15:00,
26526,2023-10-04 12:30:00,
26527,2023-10-04 12:45:00,
26528,2023-10-04 13:00:00,
26529,2023-10-04 13:15:00,
26530,2023-10-04 13:30:00,
26531,2023-10-04 13:45:00,
26532,2023-10-04 14:00:00,
26533,2023-10-04 14:15:00,
26534,2023-10-04 14:30:00,
26535,2023-10-04 14:45:00,
26536,2023-10-04 15:00:00,
26537,2023-10-04 15:15:00,
26538,2023-10-04 15:30:00,
26539,2023-10-04 15:45:00,
26540,2023-10-04 16:00:00,
26541,2023-10-04 16:15:00,
26542,2023-10-04 16:30:00,
26543,2023-10-04 16:45:00,
26544,2023-10-04 17:00:00,
26545,2023-10-04 17:15:00,
26546,2023-10-04 17:30:00,
26547,2023-10-04 17:45:00,
26548,2023-10-04 18:00:00,
26549,2023-10-04 18:15:00,
26550,2023-10-04 18:30:00,
26551,2023-10-04 18:45:00,
26552,2023-10-04 19:00:00,
26553,2023-10-04 19:15:00,
26554,2023-10-04 19:30:00,
26555,2023-10-04 19:45:00,
26556,2023-10-04 20:00:00,
26557,2023-10-04 20:15:00,
26558,2023-10-04 20:30:00,
26559,2023-10-04 20:45:00,
26560,2023-10-04 21:00:00,
26561,2023-10-04 21:15:00,
26562,2023-10-04 21:30:00,
26563,2023-10-04 21:45:00,
26564,2023-10-04 22:00:00,
26565,2023-10-04 22:15:00,
26566,2023-10-04 22:30:00,
26567,2023-10-04 22:45:00,
26568,2023-10-04 23:00:00,
26569,2023-10-04 23:15:00,
26570,2023-10-04 23:30:00,
26571,2023-10-04 23:45:00,
26572,2023-10-05 00:00:00,
26573,2023-10-05 00:15:00,
26574,2023-10-05 00:30:00,
26575,2023-10-05 00:45:00,
26576,2023-10-05 01:00:00,
26577,2023-10-05 01:15:00,
26578,2023-10-05 01:30:00,
26579,2023-10-05 01:45:00,
26580,2023-10-05 02:00:00,
26581,2023-10-05 02:15:00,
26582,2023-10-05 02:30:00,
26583,2023-10-05 02:45:00,
26584,2023-10-05 03:00:00,
26585,2023-10-05 03:15:00,
26586,2023-10-05 03:30:00,
26587,2023-10-05 03:45:00,
26588,2023-10-05 04:00:00,
26589,2023-10-05 04:15:00,
26590,2023-10-05 04:30:00,
26591,2023-10-05 04:45:00,
26592,2023-10-05 05:00:00,
26593,2023-10-05 05:15:00,
26594,2023-10-05 05:30:00,
26595,2023-10-05 05:45:00,
26596,2023-10-05 06:00:00,
26597,2023-10-05 06:15:00,
26598,2023-10-05 06:30:00,
26599,2023-10-05 06:45:00,
26600,2023-10-05 07:00:00,
26601,2023-10-05 07:15:00,
26602,2023-10-05 07:30:00,
26603,2023-10-05 07:45:00,
26604,2023-10-05 08:00:00,
26605,2023-10-05 08:15:00,
26606,2023-10-05 08:30:00,
26607,2023-10-05 08:45:00,
26608,2023-10-05 09:00:00,
26609,2023-10-05 09:15:00,
26610,2023-10-05 09:30:00,
26611,2023-10-05 09:45:00,
26612,2023-10-05 10:00:00,
26613,2023-10-05 10:15:00,
26614,2023-10-05 10:30:00,
26615,2023-10-05 10:45:00,
26616,2023-10-05 11:00:00,
26617,2023-10-05 11:15:00,
26618,2023-10-05 11:30:00,
26619,2023-10-05 11:45:00,
26620,2023-10-05 12:00:00,
26621,2023-10-05 12:15:00,
26622,2023-10-05 12:30:00,
26623,2023-10-05 12:45:00,
26624,2023-10-05 13:00:00,
26625,2023-10-05 13:15:00,
26626,2023-10-05 13:30:00,
26627,2023-10-05 13:45:00,
26628,2023-10-05 14:00:00,
26629,2023-10-05 14:15:00,
26630,2023-10-05 14:30:00,
26631,2023-10-05 14:45:00,
26632,2023-10-05 15:00:00,
26633,2023-10-05 15:15:00,
26634,2023-10-05 15:30:00,
26635,2023-10-05 15:45:00,
26636,2023-10-05 16:00:00,
26637,2023-10-05 16:15:00,
26638,2023-10-05 16:30:00,
26639,2023-10-05 16:45:00,
26640,2023-10-05 17:00:00,
26641,2023-10-05 17:15:00,
26642,2023-10-05 17:30:00,
26643,2023-10-05 17:45:00,
26644,2023-10-05 18:00:00,
26645,2023-10-05 18:15:00,
26646,2023-10-05 18:30:00,
26647,2023-10-05 18:45:00,
26648,2023-10-05 19:00:00,
26649,2023-10-05 19:15:00,
26650,2023-10-05 19:30:00,
26651,2023-10-05 19:45:00,
26652,2023-10-05 20:00:00,
26653,2023-10-05 20:15:00,
26654,2023-10-05 20:30:00,
26655,2023-10-05 20:45:00,
26656,2023-10-05 21:00:00,
26657,2023-10-05 21:15:00,
26658,2023-10-05 21:30:00,
26659,2023-10-05 21:45:00,
26660,2023-10-05 22:00:00,
26661,2023-10-05 22:15:00,
26662,2023-10-05 22:30:00,
26663,2023-10-05 22:45:00,
26664,2023-10-05 23:00:00,
26665,2023-10-05 23:15:00,
26666,2023-10-05 23:30:00,
26667,2023-10-05 23:45:00,
26668,2023-10-06 00:00:00,
26669,2023-10-06 00:15:00,
26670,2023-10-06 00:30:00,
26671,2023-10-06 00:45:00,
26672,2023-10-06 01:00:00,
26673,2023-10-06 01:15:00,
26674,2023-10-06 01:30:00,
26675,2023-10-06 01:45:00,
26676,2023-10-06 02:00:00,
26677,2023-10-06 02:15:00,
26678,2023-10-06 02:30:00,
26679,2023-10-06 02:45:00,
26680,2023-10-06 03:00:00,
26681,2023-10-06 03:15:00,
26682,2023-10-06 03:30:00,
26683,2023-10-06 03:45:00,
26684,2023-10-06 04:00:00,
26685,2023-10-06 04:15:00,
26686,2023-10-06 04:30:00,
26687,2023-10-06 04:45:00,
26688,2023-10-06 05:00:00,
26689,2023-10-06 05:15:00,
26690,2023-10-06 05:30:00,
26691,2023-10-06 05:45:00,
26692,2023-10-06 06:00:00,
26693,2023-10-06 06:15:00,
26694,2023-10-06 06:30:00,
26695,2023-10-06 06:45:00,
26696,2023-10-06 07:00:00,
26697,2023-10-06 07:15:00,
26698,2023-10-06 07:30:00,
26699,2023-10-06 07:45:00,
26700,2023-10-06 08:00:00,
26701,2023-10-06 08:15:00,
26702,2023-10-06 08:30:00,
26703,2023-10-06 08:45:00,
26704,2023-10-06 09:00:00,
26705,2023-10-06 09:15:00,
26706,2023-10-06 09:30:00,
26707,2023-10-06 09:45:00,
26708,2023-10-06 10:00:00,
26709,2023-10-06 10:15:00,
26710,2023-10-06 10:30:00,
26711,2023-10-06 10:45:00,
26712,2023-10-06 11:00:00,
26713,2023-10-06 11:15:00,
26714,2023-10-06 11:30:00,
26715,2023-10-06 11:45:00,
26716,2023-10-06 12:00:00,
26717,2023-10-06 12:15:00,
26718,2023-10-06 12:30:00,
26719,2023-10-06 12:45:00,
26720,2023-10-06 13:00:00,
26721,2023-10-06 13:15:00,
26722,2023-10-06 13:30:00,
26723,2023-10-06 13:45:00,
26724,2023-10-06 14:00:00,
26725,2023-10-06 14:15:00,
26726,2023-10-06 14:30:00,
26727,2023-10-06 14:45:00,
26728,2023-10-06 15:00:00,
26729,2023-10-06 15:15:00,
26730,2023-10-06 15:30:00,
26731,2023-10-06 15:45:00,
26732,2023-10-06 16:00:00,
26733,2023-10-06 16:15:00,
26734,2023-10-06 16:30:00,
26735,2023-10-06 16:45:00,
26736,2023-10-06 17:00:00,
26737,2023-10-06 17:15:00,
26738,2023-10-06 17:30:00,
26739,2023-10-06 17:45:00,
26740,2023-10-06 18:00:00,
26741,2023-10-06 18:15:00,
26742,2023-10-06 18:30:00,
26743,2023-10-06 18:45:00,
26744,2023-10-06 19:00:00,
26745,2023-10-06 19:15:00,
26746,2023-10-06 19:30:00,
26747,2023-10-06 19:45:00,
26748,2023-10-06 20:00:00,
26749,2023-10-06 20:15:00,
26750,2023-10-06 20:30:00,
26751,2023-10-06 20:45:00,
26752,2023-10-06 21:00:00,
26753,2023-10-06 21:15:00,
26754,2023-10-06 21:30:00,
26755,2023-10-06 21:45:00,
26756,2023-10-06 22:00:00,
26757,2023-10-06 22:15:00,
26758,2023-10-06 22:30:00,
26759,2023-10-06 22:45:00,
26760,2023-10-06 23:00:00,
26761,2023-10-06 23:15:00,
26762,2023-10-06 23:30:00,
26763,2023-10-06 23:45:00,
26764,2023-10-07 00:00:00,
26765,2023-10-07 00:15:00,
26766,2023-10-07 00:30:00,
26767,2023-10-07 00:45:00,
26768,2023-10-07 01:00:00,
26769,2023-10-07 01:15:00,
26770,2023-10-07 01:30:00,
26771,2023-10-07 01:45:00,
26772,2023-10-07 02:00:00,
26773,2023-10-07 02:15:00,
26774,2023-10-07 02:30:00,
26775,2023-10-07 02:45:00,
26776,2023-10-07 03:00:00,
26777,2023-10-07 03:15:00,
26778,2023-10-07 03:30:00,
26779,2023-10-07 03:45:00,
26780,2023-10-07 04:00:00,
26781,2023-10-07 04:15:00,
26782,2023-10-07 04:30:00,
26783,2023-10-07 04:45:00,
26784,2023-10-07 05:00:00,
26785,2023-10-07 05:15:00,
26786,2023-10-07 05:30:00,
26787,2023-10-07 05:45:00,
26788,2023-10-07 06:00:00,
26789,2023-10-07 06:15:00,
26790,2023-10-07 06:30:00,
26791,2023-10-07 06:45:00,
26792,2023-10-07 07:00:00,
26793,2023-10-07 07:15:00,
26794,2023-10-07 07:30:00,
26795,2023-10-07 07:45:00,
26796,2023-10-07 08:00:00,
26797,2023-10-07 08:15:00,
26798,2023-10-07 08:30:00,
26799,2023-10-07 08:45:00,
26800,2023-10-07 09:00:00,
26801,2023-10-07 09:15:00,
26802,2023-10-07 09:30:00,
26803,2023-10-07 09:45:00,
26804,2023-10-07 10:00:00,
26805,2023-10-07 10:15:00,
26806,2023-10-07 10:30:00,
26807,2023-10-07 10:45:00,
26808,2023-10-07 11:00:00,
26809,2023-10-07 11:15:00,
26810,2023-10-07 11:30:00,
26811,2023-10-07 11:45:00,
26812,2023-10-07 12:00:00,
26813,2023-10-07 12:15:00,
26814,2023-10-07 12:30:00,
26815,2023-10-07 12:45:00,
26816,2023-10-07 13:00:00,
26817,2023-10-07 13:15:00,
26818,2023-10-07 13:30:00,
26819,2023-10-07 13:45:00,
26820,2023-10-07 14:00:00,
26821,2023-10-07 14:15:00,
26822,2023-10-07 14:30:00,
26823,2023-10-07 14:45:00,
26824,2023-10-07 15:00:00,
26825,2023-10-07 15:15:00,
26826,2023-10-07 15:30:00,
26827,2023-10-07 15:45:00,
26828,2023-10-07 16:00:00,
26829,2023-10-07 16:15:00,
26830,2023-10-07 16:30:00,
26831,2023-10-07 16:45:00,
26832,2023-10-07 17:00:00,
26833,2023-10-07 17:15:00,
26834,2023-10-07 17:30:00,
26835,2023-10-07 17:45:00,
26836,2023-10-07 18:00:00,
26837,2023-10-07 18:15:00,
26838,2023-10-07 18:30:00,
26839,2023-10-07 18:45:00,
26840,2023-10-07 19:00:00,
26841,2023-10-07 19:15:00,
26842,2023-10-07 19:30:00,
26843,2023-10-07 19:45:00,
26844,2023-10-07 20:00:00,
26845,2023-10-07 20:15:00,
26846,2023-10-07 20:30:00,
26847,2023-10-07 20:45:00,
26848,2023-10-07 21:00:00,
26849,2023-10-07 21:15:00,
26850,2023-10-07 21:30:00,
26851,2023-10-07 21:45:00,
26852,2023-10-07 22:00:00,
26853,2023-10-07 22:15:00,
26854,2023-10-07 22:30:00,
26855,2023-10-07 22:45:00,
26856,2023-10-07 23:00:00,
26857,2023-10-07 23:15:00,
26858,2023-10-07 23:30:00,
26859,2023-10-07 23:45:00,
26860,2023-10-08 00:00:00,
26861,2023-10-08 00:15:00,
26862,2023-10-08 00:30:00,
26863,2023-10-08 00:45:00,
26864,2023-10-08 01:00:00,
26865,2023-10-08 01:15:00,
26866,2023-10-08 01:30:00,
26867,2023-10-08 01:45:00,
26868,2023-10-08 02:00:00,
26869,2023-10-08 02:15:00,
26870,2023-10-08 02:30:00,
26871,2023-10-08 02:45:00,
26872,2023-10-08 03:00:00,
26873,2023-10-08 03:15:00,
26874,2023-10-08 03:30:00,
26875,2023-10-08 03:45:00,
26876,2023-10-08 04:00:00,
26877,2023-10-08 04:15:00,
26878,2023-10-08 04:30:00,
26879,2023-10-08 04:45:00,
26880,2023-10-08 05:00:00,
26881,2023-10-08 05:15:00,
26882,2023-10-08 05:30:00,
26883,2023-10-08 05:45:00,
26884,2023-10-08 06:00:00,
26885,2023-10-08 06:15:00,
26886,2023-10-08 06:30:00,
26887,2023-10-08 06:45:00,
26888,2023-10-08 07:00:00,
26889,2023-10-08 07:15:00,
26890,2023-10-08 07:30:00,
26891,2023-10-08 07:45:00,
26892,2023-10-08 08:00:00,
26893,2023-10-08 08:15:00,
26894,2023-10-08 08:30:00,
26895,2023-10-08 08:45:00,
26896,2023-10-08 09:00:00,
26897,2023-10-08 09:15:00,
26898,2023-10-08 09:30:00,
26899,2023-10-08 09:45:00,
26900,2023-10-08 10:00:00,
26901,2023-10-08 10:15:00,
26902,2023-10-08 10:30:00,
26903,2023-10-08 10:45:00,
26904,2023-10-08 11:00:00,
26905,2023-10-08 11:15:00,
26906,2023-10-08 11:30:00,
26907,2023-10-08 11:45:00,
26908,2023-10-08 12:00:00,
26909,2023-10-08 12:15:00,
26910,2023-10-08 12:30:00,
26911,2023-10-08 12:45:00,
26912,2023-10-08 13:00:00,
26913,2023-10-08 13:15:00,
26914,2023-10-08 13:30:00,
26915,2023-10-08 13:45:00,
26916,2023-10-08 14:00:00,
26917,2023-10-08 14:15:00,
26918,2023-10-08 14:30:00,
26919,2023-10-08 14:45:00,
26920,2023-10-08 15:00:00,
26921,2023-10-08 15:15:00,
26922,2023-10-08 15:30:00,
26923,2023-10-08 15:45:00,
26924,2023-10-08 16:00:00,
26925,2023-10-08 16:15:00,
26926,2023-10-08 16:30:00,
26927,2023-10-08 16:45:00,
26928,2023-10-08 17:00:00,
26929,2023-10-08 17:15:00,
26930,2023-10-08 17:30:00,
26931,2023-10-08 17:45:00,
26932,2023-10-08 18:00:00,
26933,2023-10-08 18:15:00,
26934,2023-10-08 18:30:00,
26935,2023-10-08 18:45:00,
26936,2023-10-08 19:00:00,
26937,2023-10-08 19:15:00,
26938,2023-10-08 19:30:00,
26939,2023-10-08 19:45:00,
26940,2023-10-08 20:00:00,
26941,2023-10-08 20:15:00,
26942,2023-10-08 20:30:00,
26943,2023-10-08 20:45:00,
26944,2023-10-08 21:00:00,
26945,2023-10-08 21:15:00,
26946,2023-10-08 21:30:00,
26947,2023-10-08 21:45:00,
26948,2023-10-08 22:00:00,
26949,2023-10-08 22:15:00,
26950,2023-10-08 22:30:00,
26951,2023-10-08 22:45:00,
26952,2023-10-08 23:00:00,
26953,2023-10-08 23:15:00,
26954,2023-10-08 23:30:00,
26955,2023-10-08 23:45:00,
26956,2023-10-09 00:00:00,
26957,2023-10-09 00:15:00,
26958,2023-10-09 00:30:00,
26959,2023-10-09 00:45:00,
26960,2023-10-09 01:00:00,
26961,2023-10-09 01:15:00,
26962,2023-10-09 01:30:00,
26963,2023-10-09 01:45:00,
26964,2023-10-09 02:00:00,
26965,2023-10-09 02:15:00,
26966,2023-10-09 02:30:00,
26967,2023-10-09 02:45:00,
26968,2023-10-09 03:00:00,
26969,2023-10-09 03:15:00,
26970,2023-10-09 03:30:00,
26971,2023-10-09 03:45:00,
26972,2023-10-09 04:00:00,
26973,2023-10-09 04:15:00,
26974,2023-10-09 04:30:00,
26975,2023-10-09 04:45:00,
26976,2023-10-09 05:00:00,
26977,2023-10-09 05:15:00,
26978,2023-10-09 05:30:00,
26979,2023-10-09 05:45:00,
26980,2023-10-09 06:00:00,
26981,2023-10-09 06:15:00,
26982,2023-10-09 06:30:00,
26983,2023-10-09 06:45:00,
26984,2023-10-09 07:00:00,
26985,2023-10-09 07:15:00,
26986,2023-10-09 07:30:00,
26987,2023-10-09 07:45:00,
26988,2023-10-09 08:00:00,
26989,2023-10-09 08:15:00,
26990,2023-10-09 08:30:00,
26991,2023-10-09 08:45:00,
26992,2023-10-09 09:00:00,
26993,2023-10-09 09:15:00,
26994,2023-10-09 09:30:00,
26995,2023-10-09 09:45:00,
26996,2023-10-09 10:00:00,
26997,2023-10-09 10:15:00,
26998,2023-10-09 10:30:00,
26999,2023-10-09 10:45:00,
27000,2023-10-09 11:00:00,
27001,2023-10-09 11:15:00,
27002,2023-10-09 11:30:00,
27003,2023-10-09 11:45:00,
27004,2023-10-09 12:00:00,
27005,2023-10-09 12:15:00,
27006,2023-10-09 12:30:00,
27007,2023-10-09 12:45:00,
27008,2023-10-09 13:00:00,
27009,2023-10-09 13:15:00,
27010,2023-10-09 13:30:00,
27011,2023-10-09 13:45:00,
27012,2023-10-09 14:00:00,
27013,2023-10-09 14:15:00,
27014,2023-10-09 14:30:00,
27015,2023-10-09 14:45:00,
27016,2023-10-09 15:00:00,
27017,2023-10-09 15:15:00,
27018,2023-10-09 15:30:00,
27019,2023-10-09 15:45:00,
27020,2023-10-09 16:00:00,
27021,2023-10-09 16:15:00,
27022,2023-10-09 16:30:00,
27023,2023-10-09 16:45:00,
27024,2023-10-09 17:00:00,
27025,2023-10-09 17:15:00,
27026,2023-10-09 17:30:00,
27027,2023-10-09 17:45:00,
27028,2023-10-09 18:00:00,
27029,2023-10-09 18:15:00,
27030,2023-10-09 18:30:00,
27031,2023-10-09 18:45:00,
27032,2023-10-09 19:00:00,
27033,2023-10-09 19:15:00,
27034,2023-10-09 19:30:00,
27035,2023-10-09 19:45:00,
27036,2023-10-09 20:00:00,
27037,2023-10-09 20:15:00,
27038,2023-10-09 20:30:00,
27039,2023-10-09 20:45:00,
27040,2023-10-09 21:00:00,
27041,2023-10-09 21:15:00,
27042,2023-10-09 21:30:00,
27043,2023-10-09 21:45:00,
27044,2023-10-09 22:00:00,
27045,2023-10-09 22:15:00,
27046,2023-10-09 22:30:00,
27047,2023-10-09 22:45:00,
27048,2023-10-09 23:00:00,
27049,2023-10-09 23:15:00,
27050,2023-10-09 23:30:00,
27051,2023-10-09 23:45:00,
27052,2023-10-10 00:00:00,
27053,2023-10-10 00:15:00,
27054,2023-10-10 00:30:00,
27055,2023-10-10 00:45:00,
27056,2023-10-10 01:00:00,
27057,2023-10-10 01:15:00,
27058,2023-10-10 01:30:00,
27059,2023-10-10 01:45:00,
27060,2023-10-10 02:00:00,
27061,2023-10-10 02:15:00,
27062,2023-10-10 02:30:00,
27063,2023-10-10 02:45:00,
27064,2023-10-10 03:00:00,
27065,2023-10-10 03:15:00,
27066,2023-10-10 03:30:00,
27067,2023-10-10 03:45:00,
27068,2023-10-10 04:00:00,
27069,2023-10-10 04:15:00,
27070,2023-10-10 04:30:00,
27071,2023-10-10 04:45:00,
27072,2023-10-10 05:00:00,
27073,2023-10-10 05:15:00,
27074,2023-10-10 05:30:00,
27075,2023-10-10 05:45:00,
27076,2023-10-10 06:00:00,
27077,2023-10-10 06:15:00,
27078,2023-10-10 06:30:00,
27079,2023-10-10 06:45:00,
27080,2023-10-10 07:00:00,
27081,2023-10-10 07:15:00,
27082,2023-10-10 07:30:00,
27083,2023-10-10 07:45:00,
27084,2023-10-10 08:00:00,
27085,2023-10-10 08:15:00,
27086,2023-10-10 08:30:00,
27087,2023-10-10 08:45:00,
27088,2023-10-10 09:00:00,
27089,2023-10-10 09:15:00,
27090,2023-10-10 09:30:00,
27091,2023-10-10 09:45:00,
27092,2023-10-10 10:00:00,
27093,2023-10-10 10:15:00,
27094,2023-10-10 10:30:00,
27095,2023-10-10 10:45:00,
27096,2023-10-10 11:00:00,
27097,2023-10-10 11:15:00,
27098,2023-10-10 11:30:00,
27099,2023-10-10 11:45:00,
27100,2023-10-10 12:00:00,
27101,2023-10-10 12:15:00,
27102,2023-10-10 12:30:00,
27103,2023-10-10 12:45:00,
27104,2023-10-10 13:00:00,
27105,2023-10-10 13:15:00,
27106,2023-10-10 13:30:00,
27107,2023-10-10 13:45:00,
27108,2023-10-10 14:00:00,
27109,2023-10-10 14:15:00,
27110,2023-10-10 14:30:00,
27111,2023-10-10 14:45:00,
27112,2023-10-10 15:00:00,
27113,2023-10-10 15:15:00,
27114,2023-10-10 15:30:00,
27115,2023-10-10 15:45:00,
27116,2023-10-10 16:00:00,
27117,2023-10-10 16:15:00,
27118,2023-10-10 16:30:00,
27119,2023-10-10 16:45:00,
27120,2023-10-10 17:00:00,
27121,2023-10-10 17:15:00,
27122,2023-10-10 17:30:00,
27123,2023-10-10 17:45:00,
27124,2023-10-10 18:00:00,
27125,2023-10-10 18:15:00,
27126,2023-10-10 18:30:00,
27127,2023-10-10 18:45:00,
27128,2023-10-10 19:00:00,
27129,2023-10-10 19:15:00,
27130,2023-10-10 19:30:00,
27131,2023-10-10 19:45:00,
27132,2023-10-10 20:00:00,
27133,2023-10-10 20:15:00,
27134,2023-10-10 20:30:00,
27135,2023-10-10 20:45:00,
27136,2023-10-10 21:00:00,
27137,2023-10-10 21:15:00,
27138,2023-10-10 21:30:00,
27139,2023-10-10 21:45:00,
27140,2023-10-10 22:00:00,
27141,2023-10-10 22:15:00,
27142,2023-10-10 22:30:00,
27143,2023-10-10 22:45:00,
27144,2023-10-10 23:00:00,
27145,2023-10-10 23:15:00,
27146,2023-10-10 23:30:00,
27147,2023-10-10 23:45:00,
27148,2023-10-11 00:00:00,
27149,2023-10-11 00:15:00,
27150,2023-10-11 00:30:00,
27151,2023-10-11 00:45:00,
27152,2023-10-11 01:00:00,
27153,2023-10-11 01:15:00,
27154,2023-10-11 01:30:00,
27155,2023-10-11 01:45:00,
27156,2023-10-11 02:00:00,
27157,2023-10-11 02:15:00,
27158,2023-10-11 02:30:00,
27159,2023-10-11 02:45:00,
27160,2023-10-11 03:00:00,
27161,2023-10-11 03:15:00,
27162,2023-10-11 03:30:00,
27163,2023-10-11 03:45:00,
27164,2023-10-11 04:00:00,
27165,2023-10-11 04:15:00,
27166,2023-10-11 04:30:00,
27167,2023-10-11 04:45:00,
27168,2023-10-11 05:00:00,
27169,2023-10-11 05:15:00,
27170,2023-10-11 05:30:00,
27171,2023-10-11 05:45:00,
27172,2023-10-11 06:00:00,
27173,2023-10-11 06:15:00,
27174,2023-10-11 06:30:00,
27175,2023-10-11 06:45:00,
27176,2023-10-11 07:00:00,
27177,2023-10-11 07:15:00,
27178,2023-10-11 07:30:00,
27179,2023-10-11 07:45:00,
27180,2023-10-11 08:00:00,
27181,2023-10-11 08:15:00,
27182,2023-10-11 08:30:00,
27183,2023-10-11 08:45:00,
27184,2023-10-11 09:00:00,
27185,2023-10-11 09:15:00,
27186,2023-10-11 09:30:00,
27187,2023-10-11 09:45:00,
27188,2023-10-11 10:00:00,
27189,2023-10-11 10:15:00,
27190,2023-10-11 10:30:00,
27191,2023-10-11 10:45:00,
27192,2023-10-11 11:00:00,
27193,2023-10-11 11:15:00,
27194,2023-10-11 11:30:00,
27195,2023-10-11 11:45:00,
27196,2023-10-11 12:00:00,
27197,2023-10-11 12:15:00,
27198,2023-10-11 12:30:00,
27199,2023-10-11 12:45:00,
27200,2023-10-11 13:00:00,
27201,2023-10-11 13:15:00,
27202,2023-10-11 13:30:00,
27203,2023-10-11 13:45:00,
27204,2023-10-11 14:00:00,
27205,2023-10-11 14:15:00,
27206,2023-10-11 14:30:00,
27207,2023-10-11 14:45:00,
27208,2023-10-11 15:00:00,
27209,2023-10-11 15:15:00,
27210,2023-10-11 15:30:00,
27211,2023-10-11 15:45:00,
27212,2023-10-11 16:00:00,
27213,2023-10-11 16:15:00,
27214,2023-10-11 16:30:00,
27215,2023-10-11 16:45:00,
27216,2023-10-11 17:00:00,
27217,2023-10-11 17:15:00,
27218,2023-10-11 17:30:00,
27219,2023-10-11 17:45:00,
27220,2023-10-11 18:00:00,
27221,2023-10-11 18:15:00,
27222,2023-10-11 18:30:00,
27223,2023-10-11 18:45:00,
27224,2023-10-11 19:00:00,
27225,2023-10-11 19:15:00,
27226,2023-10-11 19:30:00,
27227,2023-10-11 19:45:00,
27228,2023-10-11 20:00:00,
27229,2023-10-11 20:15:00,
27230,2023-10-11 20:30:00,
27231,2023-10-11 20:45:00,
27232,2023-10-11 21:00:00,
27233,2023-10-11 21:15:00,
27234,2023-10-11 21:30:00,
27235,2023-10-11 21:45:00,
27236,2023-10-11 22:00:00,
27237,2023-10-11 22:15:00,
27238,2023-10-11 22:30:00,
27239,2023-10-11 22:45:00,
27240,2023-10-11 23:00:00,
27241,2023-10-11 23:15:00,
27242,2023-10-11 23:30:00,
27243,2023-10-11 23:45:00,
27244,2023-10-12 00:00:00,
27245,2023-10-12 00:15:00,
27246,2023-10-12 00:30:00,
27247,2023-10-12 00:45:00,
27248,2023-10-12 01:00:00,
27249,2023-10-12 01:15:00,
27250,2023-10-12 01:30:00,
27251,2023-10-12 01:45:00,
27252,2023-10-12 02:00:00,
27253,2023-10-12 02:15:00,
27254,2023-10-12 02:30:00,
27255,2023-10-12 02:45:00,
27256,2023-10-12 03:00:00,
27257,2023-10-12 03:15:00,
27258,2023-10-12 03:30:00,
27259,2023-10-12 03:45:00,
27260,2023-10-12 04:00:00,
27261,2023-10-12 04:15:00,
27262,2023-10-12 04:30:00,
27263,2023-10-12 04:45:00,
27264,2023-10-12 05:00:00,
27265,2023-10-12 05:15:00,
27266,2023-10-12 05:30:00,
27267,2023-10-12 05:45:00,
27268,2023-10-12 06:00:00,
27269,2023-10-12 06:15:00,
27270,2023-10-12 06:30:00,
27271,2023-10-12 06:45:00,
27272,2023-10-12 07:00:00,
27273,2023-10-12 07:15:00,
27274,2023-10-12 07:30:00,
27275,2023-10-12 07:45:00,
27276,2023-10-12 08:00:00,
27277,2023-10-12 08:15:00,
27278,2023-10-12 08:30:00,
27279,2023-10-12 08:45:00,
27280,2023-10-12 09:00:00,
27281,2023-10-12 09:15:00,
27282,2023-10-12 09:30:00,
27283,2023-10-12 09:45:00,
27284,2023-10-12 10:00:00,
27285,2023-10-12 10:15:00,
27286,2023-10-12 10:30:00,
27287,2023-10-12 10:45:00,
27288,2023-10-12 11:00:00,
27289,2023-10-12 11:15:00,
27290,2023-10-12 11:30:00,
27291,2023-10-12 11:45:00,
27292,2023-10-12 12:00:00,
27293,2023-10-12 12:15:00,
27294,2023-10-12 12:30:00,
27295,2023-10-12 12:45:00,
27296,2023-10-12 13:00:00,
27297,2023-10-12 13:15:00,
27298,2023-10-12 13:30:00,
27299,2023-10-12 13:45:00,
27300,2023-10-12 14:00:00,
27301,2023-10-12 14:15:00,
27302,2023-10-12 14:30:00,
27303,2023-10-12 14:45:00,
27304,2023-10-12 15:00:00,
27305,2023-10-12 15:15:00,
27306,2023-10-12 15:30:00,
27307,2023-10-12 15:45:00,
27308,2023-10-12 16:00:00,
27309,2023-10-12 16:15:00,
27310,2023-10-12 16:30:00,
27311,2023-10-12 16:45:00,
27312,2023-10-12 17:00:00,
27313,2023-10-12 17:15:00,
27314,2023-10-12 17:30:00,
27315,2023-10-12 17:45:00,
27316,2023-10-12 18:00:00,
27317,2023-10-12 18:15:00,
27318,2023-10-12 18:30:00,
27319,2023-10-12 18:45:00,
27320,2023-10-12 19:00:00,
27321,2023-10-12 19:15:00,
27322,2023-10-12 19:30:00,
27323,2023-10-12 19:45:00,
27324,2023-10-12 20:00:00,
27325,2023-10-12 20:15:00,
27326,2023-10-12 20:30:00,
27327,2023-10-12 20:45:00,
27328,2023-10-12 21:00:00,
27329,2023-10-12 21:15:00,
27330,2023-10-12 21:30:00,
27331,2023-10-12 21:45:00,
27332,2023-10-12 22:00:00,
27333,2023-10-12 22:15:00,
27334,2023-10-12 22:30:00,
27335,2023-10-12 22:45:00,
27336,2023-10-12 23:00:00,
27337,2023-10-12 23:15:00,
27338,2023-10-12 23:30:00,
27339,2023-10-12 23:45:00,
27340,2023-10-13 00:00:00,
27341,2023-10-13 00:15:00,
27342,2023-10-13 00:30:00,
27343,2023-10-13 00:45:00,
27344,2023-10-13 01:00:00,
27345,2023-10-13 01:15:00,
27346,2023-10-13 01:30:00,
27347,2023-10-13 01:45:00,
27348,2023-10-13 02:00:00,
27349,2023-10-13 02:15:00,
27350,2023-10-13 02:30:00,
27351,2023-10-13 02:45:00,
27352,2023-10-13 03:00:00,
27353,2023-10-13 03:15:00,
27354,2023-10-13 03:30:00,
27355,2023-10-13 03:45:00,
27356,2023-10-13 04:00:00,
27357,2023-10-13 04:15:00,
27358,2023-10-13 04:30:00,
27359,2023-10-13 04:45:00,
27360,2023-10-13 05:00:00,
27361,2023-10-13 05:15:00,
27362,2023-10-13 05:30:00,
27363,2023-10-13 05:45:00,
27364,2023-10-13 06:00:00,
27365,2023-10-13 06:15:00,
27366,2023-10-13 06:30:00,
27367,2023-10-13 06:45:00,
27368,2023-10-13 07:00:00,
27369,2023-10-13 07:15:00,
27370,2023-10-13 07:30:00,
27371,2023-10-13 07:45:00,
27372,2023-10-13 08:00:00,
27373,2023-10-13 08:15:00,
27374,2023-10-13 08:30:00,
27375,2023-10-13 08:45:00,
27376,2023-10-13 09:00:00,
27377,2023-10-13 09:15:00,
27378,2023-10-13 09:30:00,
27379,2023-10-13 09:45:00,
27380,2023-10-13 10:00:00,
27381,2023-10-13 10:15:00,
27382,2023-10-13 10:30:00,
27383,2023-10-13 10:45:00,
27384,2023-10-13 11:00:00,
27385,2023-10-13 11:15:00,
27386,2023-10-13 11:30:00,
27387,2023-10-13 11:45:00,
27388,2023-10-13 12:00:00,
27389,2023-10-13 12:15:00,
27390,2023-10-13 12:30:00,
27391,2023-10-13 12:45:00,
27392,2023-10-13 13:00:00,
27393,2023-10-13 13:15:00,
27394,2023-10-13 13:30:00,
27395,2023-10-13 13:45:00,
27396,2023-10-13 14:00:00,
27397,2023-10-13 14:15:00,
27398,2023-10-13 14:30:00,
27399,2023-10-13 14:45:00,
27400,2023-10-13 15:00:00,
27401,2023-10-13 15:15:00,
27402,2023-10-13 15:30:00,
27403,2023-10-13 15:45:00,
27404,2023-10-13 16:00:00,
27405,2023-10-13 16:15:00,
27406,2023-10-13 16:30:00,
27407,2023-10-13 16:45:00,
27408,2023-10-13 17:00:00,
27409,2023-10-13 17:15:00,
27410,2023-10-13 17:30:00,
27411,2023-10-13 17:45:00,
27412,2023-10-13 18:00:00,
27413,2023-10-13 18:15:00,
27414,2023-10-13 18:30:00,
27415,2023-10-13 18:45:00,
27416,2023-10-13 19:00:00,
27417,2023-10-13 19:15:00,
27418,2023-10-13 19:30:00,
27419,2023-10-13 19:45:00,
27420,2023-10-13 20:00:00,
27421,2023-10-13 20:15:00,
27422,2023-10-13 20:30:00,
27423,2023-10-13 20:45:00,
27424,2023-10-13 21:00:00,
27425,2023-10-13 21:15:00,
27426,2023-10-13 21:30:00,
27427,2023-10-13 21:45:00,
27428,2023-10-13 22:00:00,
27429,2023-10-13 22:15:00,
27430,2023-10-13 22:30:00,
27431,2023-10-13 22:45:00,
27432,2023-10-13 23:00:00,
27433,2023-10-13 23:15:00,
27434,2023-10-13 23:30:00,
27435,2023-10-13 23:45:00,
27436,2023-10-14 00:00:00,
27437,2023-10-14 00:15:00,
27438,2023-10-14 00:30:00,
27439,2023-10-14 00:45:00,
27440,2023-10-14 01:00:00,
27441,2023-10-14 01:15:00,
27442,2023-10-14 01:30:00,
27443,2023-10-14 01:45:00,
27444,2023-10-14 02:00:00,
27445,2023-10-14 02:15:00,
27446,2023-10-14 02:30:00,
27447,2023-10-14 02:45:00,
27448,2023-10-14 03:00:00,
27449,2023-10-14 03:15:00,
27450,2023-10-14 03:30:00,
27451,2023-10-14 03:45:00,
27452,2023-10-14 04:00:00,
27453,2023-10-14 04:15:00,
27454,2023-10-14 04:30:00,
27455,2023-10-14 04:45:00,
27456,2023-10-14 05:00:00,
27457,2023-10-14 05:15:00,
27458,2023-10-14 05:30:00,
27459,2023-10-14 05:45:00,
27460,2023-10-14 06:00:00,
27461,2023-10-14 06:15:00,
27462,2023-10-14 06:30:00,
27463,2023-10-14 06:45:00,
27464,2023-10-14 07:00:00,
27465,2023-10-14 07:15:00,
27466,2023-10-14 07:30:00,
27467,2023-10-14 07:45:00,
27468,2023-10-14 08:00:00,
27469,2023-10-14 08:15:00,
27470,2023-10-14 08:30:00,
27471,2023-10-14 08:45:00,
27472,2023-10-14 09:00:00,
27473,2023-10-14 09:15:00,
27474,2023-10-14 09:30:00,
27475,2023-10-14 09:45:00,
27476,2023-10-14 10:00:00,
27477,2023-10-14 10:15:00,
27478,2023-10-14 10:30:00,
27479,2023-10-14 10:45:00,
27480,2023-10-14 11:00:00,
27481,2023-10-14 11:15:00,
27482,2023-10-14 11:30:00,
27483,2023-10-14 11:45:00,
27484,2023-10-14 12:00:00,
27485,2023-10-14 12:15:00,
27486,2023-10-14 12:30:00,
27487,2023-10-14 12:45:00,
27488,2023-10-14 13:00:00,
27489,2023-10-14 13:15:00,
27490,2023-10-14 13:30:00,
27491,2023-10-14 13:45:00,
27492,2023-10-14 14:00:00,
27493,2023-10-14 14:15:00,
27494,2023-10-14 14:30:00,
27495,2023-10-14 14:45:00,
27496,2023-10-14 15:00:00,
27497,2023-10-14 15:15:00,
27498,2023-10-14 15:30:00,
27499,2023-10-14 15:45:00,
27500,2023-10-14 16:00:00,
27501,2023-10-14 16:15:00,
27502,2023-10-14 16:30:00,
27503,2023-10-14 16:45:00,
27504,2023-10-14 17:00:00,
27505,2023-10-14 17:15:00,
27506,2023-10-14 17:30:00,
27507,2023-10-14 17:45:00,
27508,2023-10-14 18:00:00,
27509,2023-10-14 18:15:00,
27510,2023-10-14 18:30:00,
27511,2023-10-14 18:45:00,
27512,2023-10-14 19:00:00,
27513,2023-10-14 19:15:00,
27514,2023-10-14 19:30:00,
27515,2023-10-14 19:45:00,
27516,2023-10-14 20:00:00,
27517,2023-10-14 20:15:00,
27518,2023-10-14 20:30:00,
27519,2023-10-14 20:45:00,
27520,2023-10-14 21:00:00,
27521,2023-10-14 21:15:00,
27522,2023-10-14 21:30:00,
27523,2023-10-14 21:45:00,
27524,2023-10-14 22:00:00,
27525,2023-10-14 22:15:00,
27526,2023-10-14 22:30:00,
27527,2023-10-14 22:45:00,
27528,2023-10-14 23:00:00,
27529,2023-10-14 23:15:00,
27530,2023-10-14 23:30:00,
27531,2023-10-14 23:45:00,
27532,2023-10-15 00:00:00,
27533,2023-10-15 00:15:00,
27534,2023-10-15 00:30:00,
27535,2023-10-15 00:45:00,
27536,2023-10-15 01:00:00,
27537,2023-10-15 01:15:00,
27538,2023-10-15 01:30:00,
27539,2023-10-15 01:45:00,
27540,2023-10-15 02:00:00,
27541,2023-10-15 02:15:00,
27542,2023-10-15 02:30:00,
27543,2023-10-15 02:45:00,
27544,2023-10-15 03:00:00,
27545,2023-10-15 03:15:00,
27546,2023-10-15 03:30:00,
27547,2023-10-15 03:45:00,
27548,2023-10-15 04:00:00,
27549,2023-10-15 04:15:00,
27550,2023-10-15 04:30:00,
27551,2023-10-15 04:45:00,
27552,2023-10-15 05:00:00,
27553,2023-10-15 05:15:00,
27554,2023-10-15 05:30:00,
27555,2023-10-15 05:45:00,
27556,2023-10-15 06:00:00,
27557,2023-10-15 06:15:00,
27558,2023-10-15 06:30:00,
27559,2023-10-15 06:45:00,
27560,2023-10-15 07:00:00,
27561,2023-10-15 07:15:00,
27562,2023-10-15 07:30:00,
27563,2023-10-15 07:45:00,
27564,2023-10-15 08:00:00,
27565,2023-10-15 08:15:00,
27566,2023-10-15 08:30:00,
27567,2023-10-15 08:45:00,
27568,2023-10-15 09:00:00,
27569,2023-10-15 09:15:00,
27570,2023-10-15 09:30:00,
27571,2023-10-15 09:45:00,
27572,2023-10-15 10:00:00,
27573,2023-10-15 10:15:00,
27574,2023-10-15 10:30:00,
27575,2023-10-15 10:45:00,
27576,2023-10-15 11:00:00,
27577,2023-10-15 11:15:00,
27578,2023-10-15 11:30:00,
27579,2023-10-15 11:45:00,
27580,2023-10-15 12:00:00,
27581,2023-10-15 12:15:00,
27582,2023-10-15 12:30:00,
27583,2023-10-15 12:45:00,
27584,2023-10-15 13:00:00,
27585,2023-10-15 13:15:00,
27586,2023-10-15 13:30:00,
27587,2023-10-15 13:45:00,
27588,2023-10-15 14:00:00,
27589,2023-10-15 14:15:00,
27590,2023-10-15 14:30:00,
27591,2023-10-15 14:45:00,
27592,2023-10-15 15:00:00,
27593,2023-10-15 15:15:00,
27594,2023-10-15 15:30:00,
27595,2023-10-15 15:45:00,
27596,2023-10-15 16:00:00,
27597,2023-10-15 16:15:00,
27598,2023-10-15 16:30:00,
27599,2023-10-15 16:45:00,
27600,2023-10-15 17:00:00,
27601,2023-10-15 17:15:00,
27602,2023-10-15 17:30:00,
27603,2023-10-15 17:45:00,
27604,2023-10-15 18:00:00,
27605,2023-10-15 18:15:00,
27606,2023-10-15 18:30:00,
27607,2023-10-15 18:45:00,
27608,2023-10-15 19:00:00,
27609,2023-10-15 19:15:00,
27610,2023-10-15 19:30:00,
27611,2023-10-15 19:45:00,
27612,2023-10-15 20:00:00,
27613,2023-10-15 20:15:00,
27614,2023-10-15 20:30:00,
27615,2023-10-15 20:45:00,
27616,2023-10-15 21:00:00,
27617,2023-10-15 21:15:00,
27618,2023-10-15 21:30:00,
27619,2023-10-15 21:45:00,
27620,2023-10-15 22:00:00,
27621,2023-10-15 22:15:00,
27622,2023-10-15 22:30:00,
27623,2023-10-15 22:45:00,
27624,2023-10-15 23:00:00,
27625,2023-10-15 23:15:00,
27626,2023-10-15 23:30:00,
27627,2023-10-15 23:45:00,
27628,2023-10-16 00:00:00,
27629,2023-10-16 00:15:00,
27630,2023-10-16 00:30:00,
27631,2023-10-16 00:45:00,
27632,2023-10-16 01:00:00,
27633,2023-10-16 01:15:00,
27634,2023-10-16 01:30:00,
27635,2023-10-16 01:45:00,
27636,2023-10-16 02:00:00,
27637,2023-10-16 02:15:00,
27638,2023-10-16 02:30:00,
27639,2023-10-16 02:45:00,
27640,2023-10-16 03:00:00,
27641,2023-10-16 03:15:00,
27642,2023-10-16 03:30:00,
27643,2023-10-16 03:45:00,
27644,2023-10-16 04:00:00,
27645,2023-10-16 04:15:00,
27646,2023-10-16 04:30:00,
27647,2023-10-16 04:45:00,
27648,2023-10-16 05:00:00,
27649,2023-10-16 05:15:00,
27650,2023-10-16 05:30:00,
27651,2023-10-16 05:45:00,
27652,2023-10-16 06:00:00,
27653,2023-10-16 06:15:00,
27654,2023-10-16 06:30:00,
27655,2023-10-16 06:45:00,
27656,2023-10-16 07:00:00,
27657,2023-10-16 07:15:00,
27658,2023-10-16 07:30:00,
27659,2023-10-16 07:45:00,
27660,2023-10-16 08:00:00,
27661,2023-10-16 08:15:00,
27662,2023-10-16 08:30:00,
27663,2023-10-16 08:45:00,
27664,2023-10-16 09:00:00,
27665,2023-10-16 09:15:00,
27666,2023-10-16 09:30:00,
27667,2023-10-16 09:45:00,
27668,2023-10-16 10:00:00,
27669,2023-10-16 10:15:00,
27670,2023-10-16 10:30:00,
27671,2023-10-16 10:45:00,
27672,2023-10-16 11:00:00,
27673,2023-10-16 11:15:00,
27674,2023-10-16 11:30:00,
27675,2023-10-16 11:45:00,
27676,2023-10-16 12:00:00,
27677,2023-10-16 12:15:00,
27678,2023-10-16 12:30:00,
27679,2023-10-16 12:45:00,
27680,2023-10-16 13:00:00,
27681,2023-10-16 13:15:00,
27682,2023-10-16 13:30:00,
27683,2023-10-16 13:45:00,
27684,2023-10-16 14:00:00,
27685,2023-10-16 14:15:00,
27686,2023-10-16 14:30:00,
27687,2023-10-16 14:45:00,
27688,2023-10-16 15:00:00,
27689,2023-10-16 15:15:00,
27690,2023-10-16 15:30:00,
27691,2023-10-16 15:45:00,
27692,2023-10-16 16:00:00,
27693,2023-10-16 16:15:00,
27694,2023-10-16 16:30:00,
27695,2023-10-16 16:45:00,
27696,2023-10-16 17:00:00,
27697,2023-10-16 17:15:00,
27698,2023-10-16 17:30:00,
27699,2023-10-16 17:45:00,
27700,2023-10-16 18:00:00,
27701,2023-10-16 18:15:00,
27702,2023-10-16 18:30:00,
27703,2023-10-16 18:45:00,
27704,2023-10-16 19:00:00,
27705,2023-10-16 19:15:00,
27706,2023-10-16 19:30:00,
27707,2023-10-16 19:45:00,
27708,2023-10-16 20:00:00,
27709,2023-10-16 20:15:00,
27710,2023-10-16 20:30:00,
27711,2023-10-16 20:45:00,
27712,2023-10-16 21:00:00,
27713,2023-10-16 21:15:00,
27714,2023-10-16 21:30:00,
27715,2023-10-16 21:45:00,
27716,2023-10-16 22:00:00,
27717,2023-10-16 22:15:00,
27718,2023-10-16 22:30:00,
27719,2023-10-16 22:45:00,
27720,2023-10-16 23:00:00,
27721,2023-10-16 23:15:00,
27722,2023-10-16 23:30:00,
27723,2023-10-16 23:45:00,
27724,2023-10-17 00:00:00,
27725,2023-10-17 00:15:00,
27726,2023-10-17 00:30:00,
27727,2023-10-17 00:45:00,
27728,2023-10-17 01:00:00,
27729,2023-10-17 01:15:00,
27730,2023-10-17 01:30:00,
27731,2023-10-17 01:45:00,
27732,2023-10-17 02:00:00,
27733,2023-10-17 02:15:00,
27734,2023-10-17 02:30:00,
27735,2023-10-17 02:45:00,
27736,2023-10-17 03:00:00,
27737,2023-10-17 03:15:00,
27738,2023-10-17 03:30:00,
27739,2023-10-17 03:45:00,
27740,2023-10-17 04:00:00,
27741,2023-10-17 04:15:00,
27742,2023-10-17 04:30:00,
27743,2023-10-17 04:45:00,
27744,2023-10-17 05:00:00,
27745,2023-10-17 05:15:00,
27746,2023-10-17 05:30:00,
27747,2023-10-17 05:45:00,
27748,2023-10-17 06:00:00,
27749,2023-10-17 06:15:00,
27750,2023-10-17 06:30:00,
27751,2023-10-17 06:45:00,
27752,2023-10-17 07:00:00,
27753,2023-10-17 07:15:00,
27754,2023-10-17 07:30:00,
27755,2023-10-17 07:45:00,
27756,2023-10-17 08:00:00,
27757,2023-10-17 08:15:00,
27758,2023-10-17 08:30:00,
27759,2023-10-17 08:45:00,
27760,2023-10-17 09:00:00,
27761,2023-10-17 09:15:00,
27762,2023-10-17 09:30:00,
27763,2023-10-17 09:45:00,
27764,2023-10-17 10:00:00,
27765,2023-10-17 10:15:00,
27766,2023-10-17 10:30:00,
27767,2023-10-17 10:45:00,
27768,2023-10-17 11:00:00,
27769,2023-10-17 11:15:00,
27770,2023-10-17 11:30:00,
27771,2023-10-17 11:45:00,
27772,2023-10-17 12:00:00,
27773,2023-10-17 12:15:00,
27774,2023-10-17 12:30:00,
27775,2023-10-17 12:45:00,
27776,2023-10-17 13:00:00,
27777,2023-10-17 13:15:00,
27778,2023-10-17 13:30:00,
27779,2023-10-17 13:45:00,
27780,2023-10-17 14:00:00,
27781,2023-10-17 14:15:00,
27782,2023-10-17 14:30:00,
27783,2023-10-17 14:45:00,
27784,2023-10-17 15:00:00,
27785,2023-10-17 15:15:00,
27786,2023-10-17 15:30:00,
27787,2023-10-17 15:45:00,
27788,2023-10-17 16:00:00,
27789,2023-10-17 16:15:00,
27790,2023-10-17 16:30:00,
27791,2023-10-17 16:45:00,
27792,2023-10-17 17:00:00,
27793,2023-10-17 17:15:00,
27794,2023-10-17 17:30:00,
27795,2023-10-17 17:45:00,
27796,2023-10-17 18:00:00,
27797,2023-10-17 18:15:00,
27798,2023-10-17 18:30:00,
27799,2023-10-17 18:45:00,
27800,2023-10-17 19:00:00,
27801,2023-10-17 19:15:00,
27802,2023-10-17 19:30:00,
27803,2023-10-17 19:45:00,
27804,2023-10-17 20:00:00,
27805,2023-10-17 20:15:00,
27806,2023-10-17 20:30:00,
27807,2023-10-17 20:45:00,
27808,2023-10-17 21:00:00,
27809,2023-10-17 21:15:00,
27810,2023-10-17 21:30:00,
27811,2023-10-17 21:45:00,
27812,2023-10-17 22:00:00,
27813,2023-10-17 22:15:00,
27814,2023-10-17 22:30:00,
27815,2023-10-17 22:45:00,
27816,2023-10-17 23:00:00,
27817,2023-10-17 23:15:00,
27818,2023-10-17 23:30:00,
27819,2023-10-17 23:45:00,
27820,2023-10-18 00:00:00,
27821,2023-10-18 00:15:00,
27822,2023-10-18 00:30:00,
27823,2023-10-18 00:45:00,
27824,2023-10-18 01:00:00,
27825,2023-10-18 01:15:00,
27826,2023-10-18 01:30:00,
27827,2023-10-18 01:45:00,
27828,2023-10-18 02:00:00,
27829,2023-10-18 02:15:00,
27830,2023-10-18 02:30:00,
27831,2023-10-18 02:45:00,
27832,2023-10-18 03:00:00,
27833,2023-10-18 03:15:00,
27834,2023-10-18 03:30:00,
27835,2023-10-18 03:45:00,
27836,2023-10-18 04:00:00,
27837,2023-10-18 04:15:00,
27838,2023-10-18 04:30:00,
27839,2023-10-18 04:45:00,
27840,2023-10-18 05:00:00,
27841,2023-10-18 05:15:00,
27842,2023-10-18 05:30:00,
27843,2023-10-18 05:45:00,
27844,2023-10-18 06:00:00,
27845,2023-10-18 06:15:00,
27846,2023-10-18 06:30:00,
27847,2023-10-18 06:45:00,
27848,2023-10-18 07:00:00,
27849,2023-10-18 07:15:00,
27850,2023-10-18 07:30:00,
27851,2023-10-18 07:45:00,
27852,2023-10-18 08:00:00,
27853,2023-10-18 08:15:00,
27854,2023-10-18 08:30:00,
27855,2023-10-18 08:45:00,
27856,2023-10-18 09:00:00,
27857,2023-10-18 09:15:00,
27858,2023-10-18 09:30:00,
27859,2023-10-18 09:45:00,
27860,2023-10-18 10:00:00,
27861,2023-10-18 10:15:00,
27862,2023-10-18 10:30:00,
27863,2023-10-18 10:45:00,
27864,2023-10-18 11:00:00,
27865,2023-10-18 11:15:00,
27866,2023-10-18 11:30:00,
27867,2023-10-18 11:45:00,
27868,2023-10-18 12:00:00,
27869,2023-10-18 12:15:00,
27870,2023-10-18 12:30:00,
27871,2023-10-18 12:45:00,
27872,2023-10-18 13:00:00,
27873,2023-10-18 13:15:00,
27874,2023-10-18 13:30:00,
27875,2023-10-18 13:45:00,
27876,2023-10-18 14:00:00,
27877,2023-10-18 14:15:00,
27878,2023-10-18 14:30:00,
27879,2023-10-18 14:45:00,
27880,2023-10-18 15:00:00,
27881,2023-10-18 15:15:00,
27882,2023-10-18 15:30:00,
27883,2023-10-18 15:45:00,
27884,2023-10-18 16:00:00,
27885,2023-10-18 16:15:00,
27886,2023-10-18 16:30:00,
27887,2023-10-18 16:45:00,
27888,2023-10-18 17:00:00,
27889,2023-10-18 17:15:00,
27890,2023-10-18 17:30:00,
27891,2023-10-18 17:45:00,
27892,2023-10-18 18:00:00,
27893,2023-10-18 18:15:00,
27894,2023-10-18 18:30:00,
27895,2023-10-18 18:45:00,
27896,2023-10-18 19:00:00,
27897,2023-10-18 19:15:00,
27898,2023-10-18 19:30:00,
27899,2023-10-18 19:45:00,
27900,2023-10-18 20:00:00,
27901,2023-10-18 20:15:00,
27902,2023-10-18 20:30:00,
27903,2023-10-18 20:45:00,
27904,2023-10-18 21:00:00,
27905,2023-10-18 21:15:00,
27906,2023-10-18 21:30:00,
27907,2023-10-18 21:45:00,
27908,2023-10-18 22:00:00,
27909,2023-10-18 22:15:00,
27910,2023-10-18 22:30:00,
27911,2023-10-18 22:45:00,
27912,2023-10-18 23:00:00,
27913,2023-10-18 23:15:00,
27914,2023-10-18 23:30:00,
27915,2023-10-18 23:45:00,
27916,2023-10-19 00:00:00,
27917,2023-10-19 00:15:00,
27918,2023-10-19 00:30:00,
27919,2023-10-19 00:45:00,
27920,2023-10-19 01:00:00,
27921,2023-10-19 01:15:00,
27922,2023-10-19 01:30:00,
27923,2023-10-19 01:45:00,
27924,2023-10-19 02:00:00,
27925,2023-10-19 02:15:00,
27926,2023-10-19 02:30:00,
27927,2023-10-19 02:45:00,
27928,2023-10-19 03:00:00,
27929,2023-10-19 03:15:00,
27930,2023-10-19 03:30:00,
27931,2023-10-19 03:45:00,
27932,2023-10-19 04:00:00,
27933,2023-10-19 04:15:00,
27934,2023-10-19 04:30:00,
27935,2023-10-19 04:45:00,
27936,2023-10-19 05:00:00,
27937,2023-10-19 05:15:00,
27938,2023-10-19 05:30:00,
27939,2023-10-19 05:45:00,
27940,2023-10-19 06:00:00,
27941,2023-10-19 06:15:00,
27942,2023-10-19 06:30:00,
27943,2023-10-19 06:45:00,
27944,2023-10-19 07:00:00,
27945,2023-10-19 07:15:00,
27946,2023-10-19 07:30:00,
27947,2023-10-19 07:45:00,
27948,2023-10-19 08:00:00,
27949,2023-10-19 08:15:00,
27950,2023-10-19 08:30:00,
27951,2023-10-19 08:45:00,
27952,2023-10-19 09:00:00,
27953,2023-10-19 09:15:00,
27954,2023-10-19 09:30:00,
27955,2023-10-19 09:45:00,
27956,2023-10-19 10:00:00,
27957,2023-10-19 10:15:00,
27958,2023-10-19 10:30:00,
27959,2023-10-19 10:45:00,
27960,2023-10-19 11:00:00,
27961,2023-10-19 11:15:00,
27962,2023-10-19 11:30:00,
27963,2023-10-19 11:45:00,
27964,2023-10-19 12:00:00,
27965,2023-10-19 12:15:00,
27966,2023-10-19 12:30:00,
27967,2023-10-19 12:45:00,
27968,2023-10-19 13:00:00,
27969,2023-10-19 13:15:00,
27970,2023-10-19 13:30:00,
27971,2023-10-19 13:45:00,
27972,2023-10-19 14:00:00,
27973,2023-10-19 14:15:00,
27974,2023-10-19 14:30:00,
27975,2023-10-19 14:45:00,
27976,2023-10-19 15:00:00,
27977,2023-10-19 15:15:00,
27978,2023-10-19 15:30:00,
27979,2023-10-19 15:45:00,
27980,2023-10-19 16:00:00,
27981,2023-10-19 16:15:00,
27982,2023-10-19 16:30:00,
27983,2023-10-19 16:45:00,
27984,2023-10-19 17:00:00,
27985,2023-10-19 17:15:00,
27986,2023-10-19 17:30:00,
27987,2023-10-19 17:45:00,
27988,2023-10-19 18:00:00,
27989,2023-10-19 18:15:00,
27990,2023-10-19 18:30:00,
27991,2023-10-19 18:45:00,
27992,2023-10-19 19:00:00,
27993,2023-10-19 19:15:00,
27994,2023-10-19 19:30:00,
27995,2023-10-19 19:45:00,
27996,2023-10-19 20:00:00,
27997,2023-10-19 20:15:00,
27998,2023-10-19 20:30:00,
27999,2023-10-19 20:45:00,
28000,2023-10-19 21:00:00,
28001,2023-10-19 21:15:00,
28002,2023-10-19 21:30:00,
28003,2023-10-19 21:45:00,
28004,2023-10-19 22:00:00,
28005,2023-10-19 22:15:00,
28006,2023-10-19 22:30:00,
28007,2023-10-19 22:45:00,
28008,2023-10-19 23:00:00,
28009,2023-10-19 23:15:00,
28010,2023-10-19 23:30:00,
28011,2023-10-19 23:45:00,
28012,2023-10-20 00:00:00,
28013,2023-10-20 00:15:00,
28014,2023-10-20 00:30:00,
28015,2023-10-20 00:45:00,
28016,2023-10-20 01:00:00,
28017,2023-10-20 01:15:00,
28018,2023-10-20 01:30:00,
28019,2023-10-20 01:45:00,
28020,2023-10-20 02:00:00,
28021,2023-10-20 02:15:00,
28022,2023-10-20 02:30:00,
28023,2023-10-20 02:45:00,
28024,2023-10-20 03:00:00,
28025,2023-10-20 03:15:00,
28026,2023-10-20 03:30:00,
28027,2023-10-20 03:45:00,
28028,2023-10-20 04:00:00,
28029,2023-10-20 04:15:00,
28030,2023-10-20 04:30:00,
28031,2023-10-20 04:45:00,
28032,2023-10-20 05:00:00,
28033,2023-10-20 05:15:00,
28034,2023-10-20 05:30:00,
28035,2023-10-20 05:45:00,
28036,2023-10-20 06:00:00,
28037,2023-10-20 06:15:00,
28038,2023-10-20 06:30:00,
28039,2023-10-20 06:45:00,
28040,2023-10-20 07:00:00,
28041,2023-10-20 07:15:00,
28042,2023-10-20 07:30:00,
28043,2023-10-20 07:45:00,
28044,2023-10-20 08:00:00,
28045,2023-10-20 08:15:00,
28046,2023-10-20 08:30:00,
28047,2023-10-20 08:45:00,
28048,2023-10-20 09:00:00,
28049,2023-10-20 09:15:00,
28050,2023-10-20 09:30:00,
28051,2023-10-20 09:45:00,
28052,2023-10-20 10:00:00,
28053,2023-10-20 10:15:00,
28054,2023-10-20 10:30:00,
28055,2023-10-20 10:45:00,
28056,2023-10-20 11:00:00,
28057,2023-10-20 11:15:00,
28058,2023-10-20 11:30:00,
28059,2023-10-20 11:45:00,
28060,2023-10-20 12:00:00,
28061,2023-10-20 12:15:00,
28062,2023-10-20 12:30:00,
28063,2023-10-20 12:45:00,
28064,2023-10-20 13:00:00,
28065,2023-10-20 13:15:00,
28066,2023-10-20 13:30:00,
28067,2023-10-20 13:45:00,
28068,2023-10-20 14:00:00,
28069,2023-10-20 14:15:00,
28070,2023-10-20 14:30:00,
28071,2023-10-20 14:45:00,
28072,2023-10-20 15:00:00,
28073,2023-10-20 15:15:00,
28074,2023-10-20 15:30:00,
28075,2023-10-20 15:45:00,
28076,2023-10-20 16:00:00,
28077,2023-10-20 16:15:00,
28078,2023-10-20 16:30:00,
28079,2023-10-20 16:45:00,
28080,2023-10-20 17:00:00,
28081,2023-10-20 17:15:00,
28082,2023-10-20 17:30:00,
28083,2023-10-20 17:45:00,
28084,2023-10-20 18:00:00,
28085,2023-10-20 18:15:00,
28086,2023-10-20 18:30:00,
28087,2023-10-20 18:45:00,
28088,2023-10-20 19:00:00,
28089,2023-10-20 19:15:00,
28090,2023-10-20 19:30:00,
28091,2023-10-20 19:45:00,
28092,2023-10-20 20:00:00,
28093,2023-10-20 20:15:00,
28094,2023-10-20 20:30:00,
28095,2023-10-20 20:45:00,
28096,2023-10-20 21:00:00,
28097,2023-10-20 21:15:00,
28098,2023-10-20 21:30:00,
28099,2023-10-20 21:45:00,
28100,2023-10-20 22:00:00,
28101,2023-10-20 22:15:00,
28102,2023-10-20 22:30:00,
28103,2023-10-20 22:45:00,
28104,2023-10-20 23:00:00,
28105,2023-10-20 23:15:00,
28106,2023-10-20 23:30:00,
28107,2023-10-20 23:45:00,
28108,2023-10-21 00:00:00,
28109,2023-10-21 00:15:00,
28110,2023-10-21 00:30:00,
28111,2023-10-21 00:45:00,
28112,2023-10-21 01:00:00,
28113,2023-10-21 01:15:00,
28114,2023-10-21 01:30:00,
28115,2023-10-21 01:45:00,
28116,2023-10-21 02:00:00,
28117,2023-10-21 02:15:00,
28118,2023-10-21 02:30:00,
28119,2023-10-21 02:45:00,
28120,2023-10-21 03:00:00,
28121,2023-10-21 03:15:00,
28122,2023-10-21 03:30:00,
28123,2023-10-21 03:45:00,
28124,2023-10-21 04:00:00,
28125,2023-10-21 04:15:00,
28126,2023-10-21 04:30:00,
28127,2023-10-21 04:45:00,
28128,2023-10-21 05:00:00,
28129,2023-10-21 05:15:00,
28130,2023-10-21 05:30:00,
28131,2023-10-21 05:45:00,
28132,2023-10-21 06:00:00,
28133,2023-10-21 06:15:00,
28134,2023-10-21 06:30:00,
28135,2023-10-21 06:45:00,
28136,2023-10-21 07:00:00,
28137,2023-10-21 07:15:00,
28138,2023-10-21 07:30:00,
28139,2023-10-21 07:45:00,
28140,2023-10-21 08:00:00,
28141,2023-10-21 08:15:00,
28142,2023-10-21 08:30:00,
28143,2023-10-21 08:45:00,
28144,2023-10-21 09:00:00,
28145,2023-10-21 09:15:00,
28146,2023-10-21 09:30:00,
28147,2023-10-21 09:45:00,
28148,2023-10-21 10:00:00,
28149,2023-10-21 10:15:00,
28150,2023-10-21 10:30:00,
28151,2023-10-21 10:45:00,
28152,2023-10-21 11:00:00,
28153,2023-10-21 11:15:00,
28154,2023-10-21 11:30:00,
28155,2023-10-21 11:45:00,
28156,2023-10-21 12:00:00,
28157,2023-10-21 12:15:00,
28158,2023-10-21 12:30:00,
28159,2023-10-21 12:45:00,
28160,2023-10-21 13:00:00,
28161,2023-10-21 13:15:00,
28162,2023-10-21 13:30:00,
28163,2023-10-21 13:45:00,
28164,2023-10-21 14:00:00,
28165,2023-10-21 14:15:00,
28166,2023-10-21 14:30:00,
28167,2023-10-21 14:45:00,
28168,2023-10-21 15:00:00,
28169,2023-10-21 15:15:00,
28170,2023-10-21 15:30:00,
28171,2023-10-21 15:45:00,
28172,2023-10-21 16:00:00,
28173,2023-10-21 16:15:00,
28174,2023-10-21 16:30:00,
28175,2023-10-21 16:45:00,
28176,2023-10-21 17:00:00,
28177,2023-10-21 17:15:00,
28178,2023-10-21 17:30:00,
28179,2023-10-21 17:45:00,
28180,2023-10-21 18:00:00,
28181,2023-10-21 18:15:00,
28182,2023-10-21 18:30:00,
28183,2023-10-21 18:45:00,
28184,2023-10-21 19:00:00,
28185,2023-10-21 19:15:00,
28186,2023-10-21 19:30:00,
28187,2023-10-21 19:45:00,
28188,2023-10-21 20:00:00,
28189,2023-10-21 20:15:00,
28190,2023-10-21 20:30:00,
28191,2023-10-21 20:45:00,
28192,2023-10-21 21:00:00,
28193,2023-10-21 21:15:00,
28194,2023-10-21 21:30:00,
28195,2023-10-21 21:45:00,
28196,2023-10-21 22:00:00,
28197,2023-10-21 22:15:00,
28198,2023-10-21 22:30:00,
28199,2023-10-21 22:45:00,
28200,2023-10-21 23:00:00,
28201,2023-10-21 23:15:00,
28202,2023-10-21 23:30:00,
28203,2023-10-21 23:45:00,
28204,2023-10-22 00:00:00,
28205,2023-10-22 00:15:00,
28206,2023-10-22 00:30:00,
28207,2023-10-22 00:45:00,
28208,2023-10-22 01:00:00,
28209,2023-10-22 01:15:00,
28210,2023-10-22 01:30:00,
28211,2023-10-22 01:45:00,
28212,2023-10-22 02:00:00,
28213,2023-10-22 02:15:00,
28214,2023-10-22 02:30:00,
28215,2023-10-22 02:45:00,
28216,2023-10-22 03:00:00,
28217,2023-10-22 03:15:00,
28218,2023-10-22 03:30:00,
28219,2023-10-22 03:45:00,
28220,2023-10-22 04:00:00,
28221,2023-10-22 04:15:00,
28222,2023-10-22 04:30:00,
28223,2023-10-22 04:45:00,
28224,2023-10-22 05:00:00,
28225,2023-10-22 05:15:00,
28226,2023-10-22 05:30:00,
28227,2023-10-22 05:45:00,
28228,2023-10-22 06:00:00,
28229,2023-10-22 06:15:00,
28230,2023-10-22 06:30:00,
28231,2023-10-22 06:45:00,
28232,2023-10-22 07:00:00,
28233,2023-10-22 07:15:00,
28234,2023-10-22 07:30:00,
28235,2023-10-22 07:45:00,
28236,2023-10-22 08:00:00,
28237,2023-10-22 08:15:00,
28238,2023-10-22 08:30:00,
28239,2023-10-22 08:45:00,
28240,2023-10-22 09:00:00,
28241,2023-10-22 09:15:00,
28242,2023-10-22 09:30:00,
28243,2023-10-22 09:45:00,
28244,2023-10-22 10:00:00,
28245,2023-10-22 10:15:00,
28246,2023-10-22 10:30:00,
28247,2023-10-22 10:45:00,
28248,2023-10-22 11:00:00,
28249,2023-10-22 11:15:00,
28250,2023-10-22 11:30:00,
28251,2023-10-22 11:45:00,
28252,2023-10-22 12:00:00,
28253,2023-10-22 12:15:00,
28254,2023-10-22 12:30:00,
28255,2023-10-22 12:45:00,
28256,2023-10-22 13:00:00,
28257,2023-10-22 13:15:00,
28258,2023-10-22 13:30:00,
28259,2023-10-22 13:45:00,
28260,2023-10-22 14:00:00,
28261,2023-10-22 14:15:00,
28262,2023-10-22 14:30:00,
28263,2023-10-22 14:45:00,
28264,2023-10-22 15:00:00,
28265,2023-10-22 15:15:00,
28266,2023-10-22 15:30:00,
28267,2023-10-22 15:45:00,
28268,2023-10-22 16:00:00,
28269,2023-10-22 16:15:00,
28270,2023-10-22 16:30:00,
28271,2023-10-22 16:45:00,
28272,2023-10-22 17:00:00,
28273,2023-10-22 17:15:00,
28274,2023-10-22 17:30:00,
28275,2023-10-22 17:45:00,
28276,2023-10-22 18:00:00,
28277,2023-10-22 18:15:00,
28278,2023-10-22 18:30:00,
28279,2023-10-22 18:45:00,
28280,2023-10-22 19:00:00,
28281,2023-10-22 19:15:00,
28282,2023-10-22 19:30:00,
28283,2023-10-22 19:45:00,
28284,2023-10-22 20:00:00,
28285,2023-10-22 20:15:00,
28286,2023-10-22 20:30:00,
28287,2023-10-22 20:45:00,
28288,2023-10-22 21:00:00,
28289,2023-10-22 21:15:00,
28290,2023-10-22 21:30:00,
28291,2023-10-22 21:45:00,
28292,2023-10-22 22:00:00,
28293,2023-10-22 22:15:00,
28294,2023-10-22 22:30:00,
28295,2023-10-22 22:45:00,
28296,2023-10-22 23:00:00,
28297,2023-10-22 23:15:00,
28298,2023-10-22 23:30:00,
28299,2023-10-22 23:45:00,
28300,2023-10-23 00:00:00,
28301,2023-10-23 00:15:00,
28302,2023-10-23 00:30:00,
28303,2023-10-23 00:45:00,
28304,2023-10-23 01:00:00,
28305,2023-10-23 01:15:00,
28306,2023-10-23 01:30:00,
28307,2023-10-23 01:45:00,
28308,2023-10-23 02:00:00,
28309,2023-10-23 02:15:00,
28310,2023-10-23 02:30:00,
28311,2023-10-23 02:45:00,
28312,2023-10-23 03:00:00,
28313,2023-10-23 03:15:00,
28314,2023-10-23 03:30:00,
28315,2023-10-23 03:45:00,
28316,2023-10-23 04:00:00,
28317,2023-10-23 04:15:00,
28318,2023-10-23 04:30:00,
28319,2023-10-23 04:45:00,
28320,2023-10-23 05:00:00,
28321,2023-10-23 05:15:00,
28322,2023-10-23 05:30:00,
28323,2023-10-23 05:45:00,
28324,2023-10-23 06:00:00,
28325,2023-10-23 06:15:00,
28326,2023-10-23 06:30:00,
28327,2023-10-23 06:45:00,
28328,2023-10-23 07:00:00,
28329,2023-10-23 07:15:00,
28330,2023-10-23 07:30:00,
28331,2023-10-23 07:45:00,
28332,2023-10-23 08:00:00,
28333,2023-10-23 08:15:00,
28334,2023-10-23 08:30:00,
28335,2023-10-23 08:45:00,
28336,2023-10-23 09:00:00,
28337,2023-10-23 09:15:00,
28338,2023-10-23 09:30:00,
28339,2023-10-23 09:45:00,
28340,2023-10-23 10:00:00,
28341,2023-10-23 10:15:00,
28342,2023-10-23 10:30:00,
28343,2023-10-23 10:45:00,
28344,2023-10-23 11:00:00,
28345,2023-10-23 11:15:00,
28346,2023-10-23 11:30:00,
28347,2023-10-23 11:45:00,
28348,2023-10-23 12:00:00,
28349,2023-10-23 12:15:00,
28350,2023-10-23 12:30:00,
28351,2023-10-23 12:45:00,
28352,2023-10-23 13:00:00,
28353,2023-10-23 13:15:00,
28354,2023-10-23 13:30:00,
28355,2023-10-23 13:45:00,
28356,2023-10-23 14:00:00,
28357,2023-10-23 14:15:00,
28358,2023-10-23 14:30:00,
28359,2023-10-23 14:45:00,
28360,2023-10-23 15:00:00,
28361,2023-10-23 15:15:00,
28362,2023-10-23 15:30:00,
28363,2023-10-23 15:45:00,
28364,2023-10-23 16:00:00,
28365,2023-10-23 16:15:00,
28366,2023-10-23 16:30:00,
28367,2023-10-23 16:45:00,
28368,2023-10-23 17:00:00,
28369,2023-10-23 17:15:00,
28370,2023-10-23 17:30:00,
28371,2023-10-23 17:45:00,
28372,2023-10-23 18:00:00,
28373,2023-10-23 18:15:00,
28374,2023-10-23 18:30:00,
28375,2023-10-23 18:45:00,
28376,2023-10-23 19:00:00,
28377,2023-10-23 19:15:00,
28378,2023-10-23 19:30:00,
28379,2023-10-23 19:45:00,
28380,2023-10-23 20:00:00,
28381,2023-10-23 20:15:00,
28382,2023-10-23 20:30:00,
28383,2023-10-23 20:45:00,
28384,2023-10-23 21:00:00,
28385,2023-10-23 21:15:00,
28386,2023-10-23 21:30:00,
28387,2023-10-23 21:45:00,
28388,2023-10-23 22:00:00,
28389,2023-10-23 22:15:00,
28390,2023-10-23 22:30:00,
28391,2023-10-23 22:45:00,
28392,2023-10-23 23:00:00,
28393,2023-10-23 23:15:00,
28394,2023-10-23 23:30:00,
28395,2023-10-23 23:45:00,
28396,2023-10-24 00:00:00,
28397,2023-10-24 00:15:00,
28398,2023-10-24 00:30:00,
28399,2023-10-24 00:45:00,
28400,2023-10-24 01:00:00,
28401,2023-10-24 01:15:00,
28402,2023-10-24 01:30:00,
28403,2023-10-24 01:45:00,
28404,2023-10-24 02:00:00,
28405,2023-10-24 02:15:00,
28406,2023-10-24 02:30:00,
28407,2023-10-24 02:45:00,
28408,2023-10-24 03:00:00,
28409,2023-10-24 03:15:00,
28410,2023-10-24 03:30:00,
28411,2023-10-24 03:45:00,
28412,2023-10-24 04:00:00,
28413,2023-10-24 04:15:00,
28414,2023-10-24 04:30:00,
28415,2023-10-24 04:45:00,
28416,2023-10-24 05:00:00,
28417,2023-10-24 05:15:00,
28418,2023-10-24 05:30:00,
28419,2023-10-24 05:45:00,
28420,2023-10-24 06:00:00,
28421,2023-10-24 06:15:00,
28422,2023-10-24 06:30:00,
28423,2023-10-24 06:45:00,
28424,2023-10-24 07:00:00,
28425,2023-10-24 07:15:00,
28426,2023-10-24 07:30:00,
28427,2023-10-24 07:45:00,
28428,2023-10-24 08:00:00,
28429,2023-10-24 08:15:00,
28430,2023-10-24 08:30:00,
28431,2023-10-24 08:45:00,
28432,2023-10-24 09:00:00,
28433,2023-10-24 09:15:00,
28434,2023-10-24 09:30:00,
28435,2023-10-24 09:45:00,
28436,2023-10-24 10:00:00,
28437,2023-10-24 10:15:00,
28438,2023-10-24 10:30:00,
28439,2023-10-24 10:45:00,
28440,2023-10-24 11:00:00,
28441,2023-10-24 11:15:00,
28442,2023-10-24 11:30:00,
28443,2023-10-24 11:45:00,
28444,2023-10-24 12:00:00,
28445,2023-10-24 12:15:00,
28446,2023-10-24 12:30:00,
28447,2023-10-24 12:45:00,
28448,2023-10-24 13:00:00,
28449,2023-10-24 13:15:00,
28450,2023-10-24 13:30:00,
28451,2023-10-24 13:45:00,
28452,2023-10-24 14:00:00,
28453,2023-10-24 14:15:00,
28454,2023-10-24 14:30:00,
28455,2023-10-24 14:45:00,
28456,2023-10-24 15:00:00,
28457,2023-10-24 15:15:00,
28458,2023-10-24 15:30:00,
28459,2023-10-24 15:45:00,
28460,2023-10-24 16:00:00,
28461,2023-10-24 16:15:00,
28462,2023-10-24 16:30:00,
28463,2023-10-24 16:45:00,
28464,2023-10-24 17:00:00,
28465,2023-10-24 17:15:00,
28466,2023-10-24 17:30:00,
28467,2023-10-24 17:45:00,
28468,2023-10-24 18:00:00,
28469,2023-10-24 18:15:00,
28470,2023-10-24 18:30:00,
28471,2023-10-24 18:45:00,
28472,2023-10-24 19:00:00,
28473,2023-10-24 19:15:00,
28474,2023-10-24 19:30:00,
28475,2023-10-24 19:45:00,
28476,2023-10-24 20:00:00,
28477,2023-10-24 20:15:00,
28478,2023-10-24 20:30:00,
28479,2023-10-24 20:45:00,
28480,2023-10-24 21:00:00,
28481,2023-10-24 21:15:00,
28482,2023-10-24 21:30:00,
28483,2023-10-24 21:45:00,
28484,2023-10-24 22:00:00,
28485,2023-10-24 22:15:00,
28486,2023-10-24 22:30:00,
28487,2023-10-24 22:45:00,
28488,2023-10-24 23:00:00,
28489,2023-10-24 23:15:00,
28490,2023-10-24 23:30:00,
28491,2023-10-24 23:45:00,
28492,2023-10-25 00:00:00,
28493,2023-10-25 00:15:00,
28494,2023-10-25 00:30:00,
28495,2023-10-25 00:45:00,
28496,2023-10-25 01:00:00,
28497,2023-10-25 01:15:00,
28498,2023-10-25 01:30:00,
28499,2023-10-25 01:45:00,
28500,2023-10-25 02:00:00,
28501,2023-10-25 02:15:00,
28502,2023-10-25 02:30:00,
28503,2023-10-25 02:45:00,
28504,2023-10-25 03:00:00,
28505,2023-10-25 03:15:00,
28506,2023-10-25 03:30:00,
28507,2023-10-25 03:45:00,
28508,2023-10-25 04:00:00,
28509,2023-10-25 04:15:00,
28510,2023-10-25 04:30:00,
28511,2023-10-25 04:45:00,
28512,2023-10-25 05:00:00,
28513,2023-10-25 05:15:00,
28514,2023-10-25 05:30:00,
28515,2023-10-25 05:45:00,
28516,2023-10-25 06:00:00,
28517,2023-10-25 06:15:00,
28518,2023-10-25 06:30:00,
28519,2023-10-25 06:45:00,
28520,2023-10-25 07:00:00,
28521,2023-10-25 07:15:00,
28522,2023-10-25 07:30:00,
28523,2023-10-25 07:45:00,
28524,2023-10-25 08:00:00,
28525,2023-10-25 08:15:00,
28526,2023-10-25 08:30:00,
28527,2023-10-25 08:45:00,
28528,2023-10-25 09:00:00,
28529,2023-10-25 09:15:00,
28530,2023-10-25 09:30:00,
28531,2023-10-25 09:45:00,
28532,2023-10-25 10:00:00,
28533,2023-10-25 10:15:00,
28534,2023-10-25 10:30:00,
28535,2023-10-25 10:45:00,
28536,2023-10-25 11:00:00,
28537,2023-10-25 11:15:00,
28538,2023-10-25 11:30:00,
28539,2023-10-25 11:45:00,
28540,2023-10-25 12:00:00,
28541,2023-10-25 12:15:00,
28542,2023-10-25 12:30:00,
28543,2023-10-25 12:45:00,
28544,2023-10-25 13:00:00,
28545,2023-10-25 13:15:00,
28546,2023-10-25 13:30:00,
28547,2023-10-25 13:45:00,
28548,2023-10-25 14:00:00,
28549,2023-10-25 14:15:00,
28550,2023-10-25 14:30:00,
28551,2023-10-25 14:45:00,
28552,2023-10-25 15:00:00,
28553,2023-10-25 15:15:00,
28554,2023-10-25 15:30:00,
28555,2023-10-25 15:45:00,
28556,2023-10-25 16:00:00,
28557,2023-10-25 16:15:00,
28558,2023-10-25 16:30:00,
28559,2023-10-25 16:45:00,
28560,2023-10-25 17:00:00,
28561,2023-10-25 17:15:00,
28562,2023-10-25 17:30:00,
28563,2023-10-25 17:45:00,
28564,2023-10-25 18:00:00,
28565,2023-10-25 18:15:00,
28566,2023-10-25 18:30:00,
28567,2023-10-25 18:45:00,
28568,2023-10-25 19:00:00,
28569,2023-10-25 19:15:00,
28570,2023-10-25 19:30:00,
28571,2023-10-25 19:45:00,
28572,2023-10-25 20:00:00,
28573,2023-10-25 20:15:00,
28574,2023-10-25 20:30:00,
28575,2023-10-25 20:45:00,
28576,2023-10-25 21:00:00,
28577,2023-10-25 21:15:00,
28578,2023-10-25 21:30:00,
28579,2023-10-25 21:45:00,
28580,2023-10-25 22:00:00,
28581,2023-10-25 22:15:00,
28582,2023-10-25 22:30:00,
28583,2023-10-25 22:45:00,
28584,2023-10-25 23:00:00,
28585,2023-10-25 23:15:00,
28586,2023-10-25 23:30:00,
28587,2023-10-25 23:45:00,
28588,2023-10-26 00:00:00,
28589,2023-10-26 00:15:00,
28590,2023-10-26 00:30:00,
28591,2023-10-26 00:45:00,
28592,2023-10-26 01:00:00,
28593,2023-10-26 01:15:00,
28594,2023-10-26 01:30:00,
28595,2023-10-26 01:45:00,
28596,2023-10-26 02:00:00,
28597,2023-10-26 02:15:00,
28598,2023-10-26 02:30:00,
28599,2023-10-26 02:45:00,
28600,2023-10-26 03:00:00,
28601,2023-10-26 03:15:00,
28602,2023-10-26 03:30:00,
28603,2023-10-26 03:45:00,
28604,2023-10-26 04:00:00,
28605,2023-10-26 04:15:00,
28606,2023-10-26 04:30:00,
28607,2023-10-26 04:45:00,
28608,2023-10-26 05:00:00,
28609,2023-10-26 05:15:00,
28610,2023-10-26 05:30:00,
28611,2023-10-26 05:45:00,
28612,2023-10-26 06:00:00,
28613,2023-10-26 06:15:00,
28614,2023-10-26 06:30:00,
28615,2023-10-26 06:45:00,
28616,2023-10-26 07:00:00,
28617,2023-10-26 07:15:00,
28618,2023-10-26 07:30:00,
28619,2023-10-26 07:45:00,
28620,2023-10-26 08:00:00,
28621,2023-10-26 08:15:00,
28622,2023-10-26 08:30:00,
28623,2023-10-26 08:45:00,
28624,2023-10-26 09:00:00,
28625,2023-10-26 09:15:00,
28626,2023-10-26 09:30:00,
28627,2023-10-26 09:45:00,
28628,2023-10-26 10:00:00,
28629,2023-10-26 10:15:00,
28630,2023-10-26 10:30:00,
28631,2023-10-26 10:45:00,
28632,2023-10-26 11:00:00,
28633,2023-10-26 11:15:00,
28634,2023-10-26 11:30:00,
28635,2023-10-26 11:45:00,
28636,2023-10-26 12:00:00,
28637,2023-10-26 12:15:00,
28638,2023-10-26 12:30:00,
28639,2023-10-26 12:45:00,
28640,2023-10-26 13:00:00,
28641,2023-10-26 13:15:00,
28642,2023-10-26 13:30:00,
28643,2023-10-26 13:45:00,
28644,2023-10-26 14:00:00,
28645,2023-10-26 14:15:00,
28646,2023-10-26 14:30:00,
28647,2023-10-26 14:45:00,
28648,2023-10-26 15:00:00,
28649,2023-10-26 15:15:00,
28650,2023-10-26 15:30:00,
28651,2023-10-26 15:45:00,
28652,2023-10-26 16:00:00,
28653,2023-10-26 16:15:00,
28654,2023-10-26 16:30:00,
28655,2023-10-26 16:45:00,
28656,2023-10-26 17:00:00,
28657,2023-10-26 17:15:00,
28658,2023-10-26 17:30:00,
28659,2023-10-26 17:45:00,
28660,2023-10-26 18:00:00,
28661,2023-10-26 18:15:00,
28662,2023-10-26 18:30:00,
28663,2023-10-26 18:45:00,
28664,2023-10-26 19:00:00,
28665,2023-10-26 19:15:00,
28666,2023-10-26 19:30:00,
28667,2023-10-26 19:45:00,
28668,2023-10-26 20:00:00,
28669,2023-10-26 20:15:00,
28670,2023-10-26 20:30:00,
28671,2023-10-26 20:45:00,
28672,2023-10-26 21:00:00,
28673,2023-10-26 21:15:00,
28674,2023-10-26 21:30:00,
28675,2023-10-26 21:45:00,
28676,2023-10-26 22:00:00,
28677,2023-10-26 22:15:00,
28678,2023-10-26 22:30:00,
28679,2023-10-26 22:45:00,
28680,2023-10-26 23:00:00,
28681,2023-10-26 23:15:00,
28682,2023-10-26 23:30:00,
28683,2023-10-26 23:45:00,
28684,2023-10-27 00:00:00,
28685,2023-10-27 00:15:00,
28686,2023-10-27 00:30:00,
28687,2023-10-27 00:45:00,
28688,2023-10-27 01:00:00,
28689,2023-10-27 01:15:00,
28690,2023-10-27 01:30:00,
28691,2023-10-27 01:45:00,
28692,2023-10-27 02:00:00,
28693,2023-10-27 02:15:00,
28694,2023-10-27 02:30:00,
28695,2023-10-27 02:45:00,
28696,2023-10-27 03:00:00,
28697,2023-10-27 03:15:00,
28698,2023-10-27 03:30:00,
28699,2023-10-27 03:45:00,
28700,2023-10-27 04:00:00,
28701,2023-10-27 04:15:00,
28702,2023-10-27 04:30:00,
28703,2023-10-27 04:45:00,
28704,2023-10-27 05:00:00,
28705,2023-10-27 05:15:00,
28706,2023-10-27 05:30:00,
28707,2023-10-27 05:45:00,
28708,2023-10-27 06:00:00,
28709,2023-10-27 06:15:00,
28710,2023-10-27 06:30:00,
28711,2023-10-27 06:45:00,
28712,2023-10-27 07:00:00,
28713,2023-10-27 07:15:00,
28714,2023-10-27 07:30:00,
28715,2023-10-27 07:45:00,
28716,2023-10-27 08:00:00,
28717,2023-10-27 08:15:00,
28718,2023-10-27 08:30:00,
28719,2023-10-27 08:45:00,
28720,2023-10-27 09:00:00,
28721,2023-10-27 09:15:00,
28722,2023-10-27 09:30:00,
28723,2023-10-27 09:45:00,
28724,2023-10-27 10:00:00,
28725,2023-10-27 10:15:00,
28726,2023-10-27 10:30:00,
28727,2023-10-27 10:45:00,
28728,2023-10-27 11:00:00,
28729,2023-10-27 11:15:00,
28730,2023-10-27 11:30:00,
28731,2023-10-27 11:45:00,
28732,2023-10-27 12:00:00,
28733,2023-10-27 12:15:00,
28734,2023-10-27 12:30:00,
28735,2023-10-27 12:45:00,
28736,2023-10-27 13:00:00,
28737,2023-10-27 13:15:00,
28738,2023-10-27 13:30:00,
28739,2023-10-27 13:45:00,
28740,2023-10-27 14:00:00,
28741,2023-10-27 14:15:00,
28742,2023-10-27 14:30:00,
28743,2023-10-27 14:45:00,
28744,2023-10-27 15:00:00,
28745,2023-10-27 15:15:00,
28746,2023-10-27 15:30:00,
28747,2023-10-27 15:45:00,
28748,2023-10-27 16:00:00,
28749,2023-10-27 16:15:00,
28750,2023-10-27 16:30:00,
28751,2023-10-27 16:45:00,
28752,2023-10-27 17:00:00,
28753,2023-10-27 17:15:00,
28754,2023-10-27 17:30:00,
28755,2023-10-27 17:45:00,
28756,2023-10-27 18:00:00,
28757,2023-10-27 18:15:00,
28758,2023-10-27 18:30:00,
28759,2023-10-27 18:45:00,
28760,2023-10-27 19:00:00,
28761,2023-10-27 19:15:00,
28762,2023-10-27 19:30:00,
28763,2023-10-27 19:45:00,
28764,2023-10-27 20:00:00,
28765,2023-10-27 20:15:00,
28766,2023-10-27 20:30:00,
28767,2023-10-27 20:45:00,
28768,2023-10-27 21:00:00,
28769,2023-10-27 21:15:00,
28770,2023-10-27 21:30:00,
28771,2023-10-27 21:45:00,
28772,2023-10-27 22:00:00,
28773,2023-10-27 22:15:00,
28774,2023-10-27 22:30:00,
28775,2023-10-27 22:45:00,
28776,2023-10-27 23:00:00,
28777,2023-10-27 23:15:00,
28778,2023-10-27 23:30:00,
28779,2023-10-27 23:45:00,
28780,2023-10-28 00:00:00,
28781,2023-10-28 00:15:00,
28782,2023-10-28 00:30:00,
28783,2023-10-28 00:45:00,
28784,2023-10-28 01:00:00,
28785,2023-10-28 01:15:00,
28786,2023-10-28 01:30:00,
28787,2023-10-28 01:45:00,
28788,2023-10-28 02:00:00,
28789,2023-10-28 02:15:00,
28790,2023-10-28 02:30:00,
28791,2023-10-28 02:45:00,
28792,2023-10-28 03:00:00,
28793,2023-10-28 03:15:00,
28794,2023-10-28 03:30:00,
28795,2023-10-28 03:45:00,
28796,2023-10-28 04:00:00,
28797,2023-10-28 04:15:00,
28798,2023-10-28 04:30:00,
28799,2023-10-28 04:45:00,
28800,2023-10-28 05:00:00,
28801,2023-10-28 05:15:00,
28802,2023-10-28 05:30:00,
28803,2023-10-28 05:45:00,
28804,2023-10-28 06:00:00,
28805,2023-10-28 06:15:00,
28806,2023-10-28 06:30:00,
28807,2023-10-28 06:45:00,
28808,2023-10-28 07:00:00,
28809,2023-10-28 07:15:00,
28810,2023-10-28 07:30:00,
28811,2023-10-28 07:45:00,
28812,2023-10-28 08:00:00,
28813,2023-10-28 08:15:00,
28814,2023-10-28 08:30:00,
28815,2023-10-28 08:45:00,
28816,2023-10-28 09:00:00,
28817,2023-10-28 09:15:00,
28818,2023-10-28 09:30:00,
28819,2023-10-28 09:45:00,
28820,2023-10-28 10:00:00,
28821,2023-10-28 10:15:00,
28822,2023-10-28 10:30:00,
28823,2023-10-28 10:45:00,
28824,2023-10-28 11:00:00,
28825,2023-10-28 11:15:00,
28826,2023-10-28 11:30:00,
28827,2023-10-28 11:45:00,
28828,2023-10-28 12:00:00,
28829,2023-10-28 12:15:00,
28830,2023-10-28 12:30:00,
28831,2023-10-28 12:45:00,
28832,2023-10-28 13:00:00,
28833,2023-10-28 13:15:00,
28834,2023-10-28 13:30:00,
28835,2023-10-28 13:45:00,
28836,2023-10-28 14:00:00,
28837,2023-10-28 14:15:00,
28838,2023-10-28 14:30:00,
28839,2023-10-28 14:45:00,
28840,2023-10-28 15:00:00,
28841,2023-10-28 15:15:00,
28842,2023-10-28 15:30:00,
28843,2023-10-28 15:45:00,
28844,2023-10-28 16:00:00,
28845,2023-10-28 16:15:00,
28846,2023-10-28 16:30:00,
28847,2023-10-28 16:45:00,
28848,2023-10-28 17:00:00,
28849,2023-10-28 17:15:00,
28850,2023-10-28 17:30:00,
28851,2023-10-28 17:45:00,
28852,2023-10-28 18:00:00,
28853,2023-10-28 18:15:00,
28854,2023-10-28 18:30:00,
28855,2023-10-28 18:45:00,
28856,2023-10-28 19:00:00,
28857,2023-10-28 19:15:00,
28858,2023-10-28 19:30:00,
28859,2023-10-28 19:45:00,
28860,2023-10-28 20:00:00,
28861,2023-10-28 20:15:00,
28862,2023-10-28 20:30:00,
28863,2023-10-28 20:45:00,
28864,2023-10-28 21:00:00,
28865,2023-10-28 21:15:00,
28866,2023-10-28 21:30:00,
28867,2023-10-28 21:45:00,
28868,2023-10-28 22:00:00,
28869,2023-10-28 22:15:00,
28870,2023-10-28 22:30:00,
28871,2023-10-28 22:45:00,
28872,2023-10-28 23:00:00,
28873,2023-10-28 23:15:00,
28874,2023-10-28 23:30:00,
28875,2023-10-28 23:45:00,
28876,2023-10-29 00:00:00,
28877,2023-10-29 00:15:00,
28878,2023-10-29 00:30:00,
28879,2023-10-29 00:45:00,
28880,2023-10-29 01:00:00,
28881,2023-10-29 01:15:00,
28882,2023-10-29 01:30:00,
28883,2023-10-29 01:45:00,
28884,2023-10-29 02:00:00,
28885,2023-10-29 02:15:00,
28886,2023-10-29 02:30:00,
28887,2023-10-29 02:45:00,
28888,2023-10-29 03:00:00,
28889,2023-10-29 03:15:00,
28890,2023-10-29 03:30:00,
28891,2023-10-29 03:45:00,
28892,2023-10-29 04:00:00,
28893,2023-10-29 04:15:00,
28894,2023-10-29 04:30:00,
28895,2023-10-29 04:45:00,
28896,2023-10-29 05:00:00,
28897,2023-10-29 05:15:00,
28898,2023-10-29 05:30:00,
28899,2023-10-29 05:45:00,
28900,2023-10-29 06:00:00,
28901,2023-10-29 06:15:00,
28902,2023-10-29 06:30:00,
28903,2023-10-29 06:45:00,
28904,2023-10-29 07:00:00,
28905,2023-10-29 07:15:00,
28906,2023-10-29 07:30:00,
28907,2023-10-29 07:45:00,
28908,2023-10-29 08:00:00,
28909,2023-10-29 08:15:00,
28910,2023-10-29 08:30:00,
28911,2023-10-29 08:45:00,
28912,2023-10-29 09:00:00,
28913,2023-10-29 09:15:00,
28914,2023-10-29 09:30:00,
28915,2023-10-29 09:45:00,
28916,2023-10-29 10:00:00,
28917,2023-10-29 10:15:00,
28918,2023-10-29 10:30:00,
28919,2023-10-29 10:45:00,
28920,2023-10-29 11:00:00,
28921,2023-10-29 11:15:00,
28922,2023-10-29 11:30:00,
28923,2023-10-29 11:45:00,
28924,2023-10-29 12:00:00,
28925,2023-10-29 12:15:00,
28926,2023-10-29 12:30:00,
28927,2023-10-29 12:45:00,
28928,2023-10-29 13:00:00,
28929,2023-10-29 13:15:00,
28930,2023-10-29 13:30:00,
28931,2023-10-29 13:45:00,
28932,2023-10-29 14:00:00,
28933,2023-10-29 14:15:00,
28934,2023-10-29 14:30:00,
28935,2023-10-29 14:45:00,
28936,2023-10-29 15:00:00,
28937,2023-10-29 15:15:00,
28938,2023-10-29 15:30:00,
28939,2023-10-29 15:45:00,
28940,2023-10-29 16:00:00,
28941,2023-10-29 16:15:00,
28942,2023-10-29 16:30:00,
28943,2023-10-29 16:45:00,
28944,2023-10-29 17:00:00,
28945,2023-10-29 17:15:00,
28946,2023-10-29 17:30:00,
28947,2023-10-29 17:45:00,
28948,2023-10-29 18:00:00,
28949,2023-10-29 18:15:00,
28950,2023-10-29 18:30:00,
28951,2023-10-29 18:45:00,
28952,2023-10-29 19:00:00,
28953,2023-10-29 19:15:00,
28954,2023-10-29 19:30:00,
28955,2023-10-29 19:45:00,
28956,2023-10-29 20:00:00,
28957,2023-10-29 20:15:00,
28958,2023-10-29 20:30:00,
28959,2023-10-29 20:45:00,
28960,2023-10-29 21:00:00,
28961,2023-10-29 21:15:00,
28962,2023-10-29 21:30:00,
28963,2023-10-29 21:45:00,
28964,2023-10-29 22:00:00,
28965,2023-10-29 22:15:00,
28966,2023-10-29 22:30:00,
28967,2023-10-29 22:45:00,
28968,2023-10-29 23:00:00,
28969,2023-10-29 23:15:00,
28970,2023-10-29 23:30:00,
28971,2023-10-29 23:45:00,
28972,2023-10-30 00:00:00,
28973,2023-10-30 00:15:00,
28974,2023-10-30 00:30:00,
28975,2023-10-30 00:45:00,
28976,2023-10-30 01:00:00,
28977,2023-10-30 01:15:00,
28978,2023-10-30 01:30:00,
28979,2023-10-30 01:45:00,
28980,2023-10-30 02:00:00,
28981,2023-10-30 02:15:00,
28982,2023-10-30 02:30:00,
28983,2023-10-30 02:45:00,
28984,2023-10-30 03:00:00,
28985,2023-10-30 03:15:00,
28986,2023-10-30 03:30:00,
28987,2023-10-30 03:45:00,
28988,2023-10-30 04:00:00,
28989,2023-10-30 04:15:00,
28990,2023-10-30 04:30:00,
28991,2023-10-30 04:45:00,
28992,2023-10-30 05:00:00,
28993,2023-10-30 05:15:00,
28994,2023-10-30 05:30:00,
28995,2023-10-30 05:45:00,
28996,2023-10-30 06:00:00,
28997,2023-10-30 06:15:00,
28998,2023-10-30 06:30:00,
28999,2023-10-30 06:45:00,
29000,2023-10-30 07:00:00,
29001,2023-10-30 07:15:00,
29002,2023-10-30 07:30:00,
29003,2023-10-30 07:45:00,
29004,2023-10-30 08:00:00,
29005,2023-10-30 08:15:00,
29006,2023-10-30 08:30:00,
29007,2023-10-30 08:45:00,
29008,2023-10-30 09:00:00,
29009,2023-10-30 09:15:00,
29010,2023-10-30 09:30:00,
29011,2023-10-30 09:45:00,
29012,2023-10-30 10:00:00,
29013,2023-10-30 10:15:00,
29014,2023-10-30 10:30:00,
29015,2023-10-30 10:45:00,
29016,2023-10-30 11:00:00,
29017,2023-10-30 11:15:00,
29018,2023-10-30 11:30:00,
29019,2023-10-30 11:45:00,
29020,2023-10-30 12:00:00,
29021,2023-10-30 12:15:00,
29022,2023-10-30 12:30:00,
29023,2023-10-30 12:45:00,
29024,2023-10-30 13:00:00,
29025,2023-10-30 13:15:00,
29026,2023-10-30 13:30:00,
29027,2023-10-30 13:45:00,
29028,2023-10-30 14:00:00,
29029,2023-10-30 14:15:00,
29030,2023-10-30 14:30:00,
29031,2023-10-30 14:45:00,
29032,2023-10-30 15:00:00,
29033,2023-10-30 15:15:00,
29034,2023-10-30 15:30:00,
29035,2023-10-30 15:45:00,
29036,2023-10-30 16:00:00,
29037,2023-10-30 16:15:00,
29038,2023-10-30 16:30:00,
29039,2023-10-30 16:45:00,
29040,2023-10-30 17:00:00,
29041,2023-10-30 17:15:00,
29042,2023-10-30 17:30:00,
29043,2023-10-30 17:45:00,
29044,2023-10-30 18:00:00,
29045,2023-10-30 18:15:00,
29046,2023-10-30 18:30:00,
29047,2023-10-30 18:45:00,
29048,2023-10-30 19:00:00,
29049,2023-10-30 19:15:00,
29050,2023-10-30 19:30:00,
29051,2023-10-30 19:45:00,
29052,2023-10-30 20:00:00,
29053,2023-10-30 20:15:00,
29054,2023-10-30 20:30:00,
29055,2023-10-30 20:45:00,
29056,2023-10-30 21:00:00,
29057,2023-10-30 21:15:00,
29058,2023-10-30 21:30:00,
29059,2023-10-30 21:45:00,
29060,2023-10-30 22:00:00,
29061,2023-10-30 22:15:00,
29062,2023-10-30 22:30:00,
29063,2023-10-30 22:45:00,
29064,2023-10-30 23:00:00,
29065,2023-10-30 23:15:00,
29066,2023-10-30 23:30:00,
29067,2023-10-30 23:45:00,
29068,2023-10-31 00:00:00,
29069,2023-10-31 00:15:00,
29070,2023-10-31 00:30:00,
29071,2023-10-31 00:45:00,
29072,2023-10-31 01:00:00,
29073,2023-10-31 01:15:00,
29074,2023-10-31 01:30:00,
29075,2023-10-31 01:45:00,
29076,2023-10-31 02:00:00,
29077,2023-10-31 02:15:00,
29078,2023-10-31 02:30:00,
29079,2023-10-31 02:45:00,
29080,2023-10-31 03:00:00,
29081,2023-10-31 03:15:00,
29082,2023-10-31 03:30:00,
29083,2023-10-31 03:45:00,
29084,2023-10-31 04:00:00,
29085,2023-10-31 04:15:00,
29086,2023-10-31 04:30:00,
29087,2023-10-31 04:45:00,
29088,2023-10-31 05:00:00,
29089,2023-10-31 05:15:00,
29090,2023-10-31 05:30:00,
29091,2023-10-31 05:45:00,
29092,2023-10-31 06:00:00,
29093,2023-10-31 06:15:00,
29094,2023-10-31 06:30:00,
29095,2023-10-31 06:45:00,
29096,2023-10-31 07:00:00,
29097,2023-10-31 07:15:00,
29098,2023-10-31 07:30:00,
29099,2023-10-31 07:45:00,
29100,2023-10-31 08:00:00,
29101,2023-10-31 08:15:00,
29102,2023-10-31 08:30:00,
29103,2023-10-31 08:45:00,
29104,2023-10-31 09:00:00,
29105,2023-10-31 09:15:00,
29106,2023-10-31 09:30:00,
29107,2023-10-31 09:45:00,
29108,2023-10-31 10:00:00,
29109,2023-10-31 10:15:00,
29110,2023-10-31 10:30:00,
29111,2023-10-31 10:45:00,
29112,2023-10-31 11:00:00,
29113,2023-10-31 11:15:00,
29114,2023-10-31 11:30:00,
29115,2023-10-31 11:45:00,
29116,2023-10-31 12:00:00,
29117,2023-10-31 12:15:00,
29118,2023-10-31 12:30:00,
29119,2023-10-31 12:45:00,
29120,2023-10-31 13:00:00,
29121,2023-10-31 13:15:00,
29122,2023-10-31 13:30:00,
29123,2023-10-31 13:45:00,
29124,2023-10-31 14:00:00,
29125,2023-10-31 14:15:00,
29126,2023-10-31 14:30:00,
29127,2023-10-31 14:45:00,
29128,2023-10-31 15:00:00,
29129,2023-10-31 15:15:00,
29130,2023-10-31 15:30:00,
29131,2023-10-31 15:45:00,
29132,2023-10-31 16:00:00,
29133,2023-10-31 16:15:00,
29134,2023-10-31 16:30:00,
29135,2023-10-31 16:45:00,
29136,2023-10-31 17:00:00,
29137,2023-10-31 17:15:00,
29138,2023-10-31 17:30:00,
29139,2023-10-31 17:45:00,
29140,2023-10-31 18:00:00,
29141,2023-10-31 18:15:00,
29142,2023-10-31 18:30:00,
29143,2023-10-31 18:45:00,
29144,2023-10-31 19:00:00,
29145,2023-10-31 19:15:00,
29146,2023-10-31 19:30:00,
29147,2023-10-31 19:45:00,
29148,2023-10-31 20:00:00,
29149,2023-10-31 20:15:00,
29150,2023-10-31 20:30:00,
29151,2023-10-31 20:45:00,
29152,2023-10-31 21:00:00,
29153,2023-10-31 21:15:00,
29154,2023-10-31 21:30:00,
29155,2023-10-31 21:45:00,
29156,2023-10-31 22:00:00,
29157,2023-10-31 22:15:00,
29158,2023-10-31 22:30:00,
29159,2023-10-31 22:45:00,
29160,2023-10-31 23:00:00,
29161,2023-10-31 23:15:00,
29162,2023-10-31 23:30:00,
29163,2023-10-31 23:45:00,
29164,2023-11-01 00:00:00,
29165,2023-11-01 00:15:00,
29166,2023-11-01 00:30:00,
29167,2023-11-01 00:45:00,
29168,2023-11-01 01:00:00,
29169,2023-11-01 01:15:00,
29170,2023-11-01 01:30:00,
29171,2023-11-01 01:45:00,
29172,2023-11-01 02:00:00,
29173,2023-11-01 02:15:00,
29174,2023-11-01 02:30:00,
29175,2023-11-01 02:45:00,
29176,2023-11-01 03:00:00,
29177,2023-11-01 03:15:00,
29178,2023-11-01 03:30:00,
29179,2023-11-01 03:45:00,
29180,2023-11-01 04:00:00,
29181,2023-11-01 04:15:00,
29182,2023-11-01 04:30:00,
29183,2023-11-01 04:45:00,
29184,2023-11-01 05:00:00,
29185,2023-11-01 05:15:00,
29186,2023-11-01 05:30:00,
29187,2023-11-01 05:45:00,
29188,2023-11-01 06:00:00,
29189,2023-11-01 06:15:00,
29190,2023-11-01 06:30:00,
29191,2023-11-01 06:45:00,
29192,2023-11-01 07:00:00,
29193,2023-11-01 07:15:00,
29194,2023-11-01 07:30:00,
29195,2023-11-01 07:45:00,
29196,2023-11-01 08:00:00,
29197,2023-11-01 08:15:00,
29198,2023-11-01 08:30:00,
29199,2023-11-01 08:45:00,
29200,2023-11-01 09:00:00,
29201,2023-11-01 09:15:00,
29202,2023-11-01 09:30:00,
29203,2023-11-01 09:45:00,
29204,2023-11-01 10:00:00,
29205,2023-11-01 10:15:00,
29206,2023-11-01 10:30:00,
29207,2023-11-01 10:45:00,
29208,2023-11-01 11:00:00,
29209,2023-11-01 11:15:00,
29210,2023-11-01 11:30:00,
29211,2023-11-01 11:45:00,
29212,2023-11-01 12:00:00,
29213,2023-11-01 12:15:00,
29214,2023-11-01 12:30:00,
29215,2023-11-01 12:45:00,
29216,2023-11-01 13:00:00,
29217,2023-11-01 13:15:00,
29218,2023-11-01 13:30:00,
29219,2023-11-01 13:45:00,
29220,2023-11-01 14:00:00,
29221,2023-11-01 14:15:00,
29222,2023-11-01 14:30:00,
29223,2023-11-01 14:45:00,
29224,2023-11-01 15:00:00,
29225,2023-11-01 15:15:00,
29226,2023-11-01 15:30:00,
29227,2023-11-01 15:45:00,
29228,2023-11-01 16:00:00,
29229,2023-11-01 16:15:00,
29230,2023-11-01 16:30:00,
29231,2023-11-01 16:45:00,
29232,2023-11-01 17:00:00,
29233,2023-11-01 17:15:00,
29234,2023-11-01 17:30:00,
29235,2023-11-01 17:45:00,
29236,2023-11-01 18:00:00,
29237,2023-11-01 18:15:00,
29238,2023-11-01 18:30:00,
29239,2023-11-01 18:45:00,
29240,2023-11-01 19:00:00,
29241,2023-11-01 19:15:00,
29242,2023-11-01 19:30:00,
29243,2023-11-01 19:45:00,
29244,2023-11-01 20:00:00,
29245,2023-11-01 20:15:00,
29246,2023-11-01 20:30:00,
29247,2023-11-01 20:45:00,
29248,2023-11-01 21:00:00,
29249,2023-11-01 21:15:00,
29250,2023-11-01 21:30:00,
29251,2023-11-01 21:45:00,
29252,2023-11-01 22:00:00,
29253,2023-11-01 22:15:00,
29254,2023-11-01 22:30:00,
29255,2023-11-01 22:45:00,
29256,2023-11-01 23:00:00,
29257,2023-11-01 23:15:00,
29258,2023-11-01 23:30:00,
29259,2023-11-01 23:45:00,
29260,2023-11-02 00:00:00,
29261,2023-11-02 00:15:00,
29262,2023-11-02 00:30:00,
29263,2023-11-02 00:45:00,
29264,2023-11-02 01:00:00,
29265,2023-11-02 01:15:00,
29266,2023-11-02 01:30:00,
29267,2023-11-02 01:45:00,
29268,2023-11-02 02:00:00,
29269,2023-11-02 02:15:00,
29270,2023-11-02 02:30:00,
29271,2023-11-02 02:45:00,
29272,2023-11-02 03:00:00,
29273,2023-11-02 03:15:00,
29274,2023-11-02 03:30:00,
29275,2023-11-02 03:45:00,
29276,2023-11-02 04:00:00,
29277,2023-11-02 04:15:00,
29278,2023-11-02 04:30:00,
29279,2023-11-02 04:45:00,
29280,2023-11-02 05:00:00,
29281,2023-11-02 05:15:00,
29282,2023-11-02 05:30:00,
29283,2023-11-02 05:45:00,
29284,2023-11-02 06:00:00,
29285,2023-11-02 06:15:00,
29286,2023-11-02 06:30:00,
29287,2023-11-02 06:45:00,
29288,2023-11-02 07:00:00,
29289,2023-11-02 07:15:00,
29290,2023-11-02 07:30:00,
29291,2023-11-02 07:45:00,
29292,2023-11-02 08:00:00,
29293,2023-11-02 08:15:00,
29294,2023-11-02 08:30:00,
29295,2023-11-02 08:45:00,
29296,2023-11-02 09:00:00,
29297,2023-11-02 09:15:00,
29298,2023-11-02 09:30:00,
29299,2023-11-02 09:45:00,
29300,2023-11-02 10:00:00,
29301,2023-11-02 10:15:00,
29302,2023-11-02 10:30:00,
29303,2023-11-02 10:45:00,
29304,2023-11-02 11:00:00,
29305,2023-11-02 11:15:00,
29306,2023-11-02 11:30:00,
29307,2023-11-02 11:45:00,
29308,2023-11-02 12:00:00,
29309,2023-11-02 12:15:00,
29310,2023-11-02 12:30:00,
29311,2023-11-02 12:45:00,
29312,2023-11-02 13:00:00,
29313,2023-11-02 13:15:00,
29314,2023-11-02 13:30:00,
29315,2023-11-02 13:45:00,
29316,2023-11-02 14:00:00,
29317,2023-11-02 14:15:00,
29318,2023-11-02 14:30:00,
29319,2023-11-02 14:45:00,
29320,2023-11-02 15:00:00,
29321,2023-11-02 15:15:00,
29322,2023-11-02 15:30:00,
29323,2023-11-02 15:45:00,
29324,2023-11-02 16:00:00,
29325,2023-11-02 16:15:00,
29326,2023-11-02 16:30:00,
29327,2023-11-02 16:45:00,
29328,2023-11-02 17:00:00,
29329,2023-11-02 17:15:00,
29330,2023-11-02 17:30:00,
29331,2023-11-02 17:45:00,
29332,2023-11-02 18:00:00,
29333,2023-11-02 18:15:00,
29334,2023-11-02 18:30:00,
29335,2023-11-02 18:45:00,
29336,2023-11-02 19:00:00,
29337,2023-11-02 19:15:00,
29338,2023-11-02 19:30:00,
29339,2023-11-02 19:45:00,
29340,2023-11-02 20:00:00,
29341,2023-11-02 20:15:00,
29342,2023-11-02 20:30:00,
29343,2023-11-02 20:45:00,
29344,2023-11-02 21:00:00,
29345,2023-11-02 21:15:00,
29346,2023-11-02 21:30:00,
29347,2023-11-02 21:45:00,
29348,2023-11-02 22:00:00,
29349,2023-11-02 22:15:00,
29350,2023-11-02 22:30:00,
29351,2023-11-02 22:45:00,
29352,2023-11-02 23:00:00,
29353,2023-11-02 23:15:00,
29354,2023-11-02 23:30:00,
29355,2023-11-02 23:45:00,
29356,2023-11-03 00:00:00,
29357,2023-11-03 00:15:00,
29358,2023-11-03 00:30:00,
29359,2023-11-03 00:45:00,
29360,2023-11-03 01:00:00,
29361,2023-11-03 01:15:00,
29362,2023-11-03 01:30:00,
29363,2023-11-03 01:45:00,
29364,2023-11-03 02:00:00,
29365,2023-11-03 02:15:00,
29366,2023-11-03 02:30:00,
29367,2023-11-03 02:45:00,
29368,2023-11-03 03:00:00,
29369,2023-11-03 03:15:00,
29370,2023-11-03 03:30:00,
29371,2023-11-03 03:45:00,
29372,2023-11-03 04:00:00,
29373,2023-11-03 04:15:00,
29374,2023-11-03 04:30:00,
29375,2023-11-03 04:45:00,
29376,2023-11-03 05:00:00,
29377,2023-11-03 05:15:00,
29378,2023-11-03 05:30:00,
29379,2023-11-03 05:45:00,
29380,2023-11-03 06:00:00,
29381,2023-11-03 06:15:00,
29382,2023-11-03 06:30:00,
29383,2023-11-03 06:45:00,
29384,2023-11-03 07:00:00,
29385,2023-11-03 07:15:00,
29386,2023-11-03 07:30:00,
29387,2023-11-03 07:45:00,
29388,2023-11-03 08:00:00,
29389,2023-11-03 08:15:00,
29390,2023-11-03 08:30:00,
29391,2023-11-03 08:45:00,
29392,2023-11-03 09:00:00,
29393,2023-11-03 09:15:00,
29394,2023-11-03 09:30:00,
29395,2023-11-03 09:45:00,
29396,2023-11-03 10:00:00,
29397,2023-11-03 10:15:00,
29398,2023-11-03 10:30:00,
29399,2023-11-03 10:45:00,
29400,2023-11-03 11:00:00,
29401,2023-11-03 11:15:00,
29402,2023-11-03 11:30:00,
29403,2023-11-03 11:45:00,
29404,2023-11-03 12:00:00,
29405,2023-11-03 12:15:00,
29406,2023-11-03 12:30:00,
29407,2023-11-03 12:45:00,
29408,2023-11-03 13:00:00,
29409,2023-11-03 13:15:00,
29410,2023-11-03 13:30:00,
29411,2023-11-03 13:45:00,
29412,2023-11-03 14:00:00,
29413,2023-11-03 14:15:00,
29414,2023-11-03 14:30:00,
29415,2023-11-03 14:45:00,
29416,2023-11-03 15:00:00,
29417,2023-11-03 15:15:00,
29418,2023-11-03 15:30:00,
29419,2023-11-03 15:45:00,
29420,2023-11-03 16:00:00,
29421,2023-11-03 16:15:00,
29422,2023-11-03 16:30:00,
29423,2023-11-03 16:45:00,
29424,2023-11-03 17:00:00,
29425,2023-11-03 17:15:00,
29426,2023-11-03 17:30:00,
29427,2023-11-03 17:45:00,
29428,2023-11-03 18:00:00,
29429,2023-11-03 18:15:00,
29430,2023-11-03 18:30:00,
29431,2023-11-03 18:45:00,
29432,2023-11-03 19:00:00,
29433,2023-11-03 19:15:00,
29434,2023-11-03 19:30:00,
29435,2023-11-03 19:45:00,
29436,2023-11-03 20:00:00,
29437,2023-11-03 20:15:00,
29438,2023-11-03 20:30:00,
29439,2023-11-03 20:45:00,
29440,2023-11-03 21:00:00,
29441,2023-11-03 21:15:00,
29442,2023-11-03 21:30:00,
29443,2023-11-03 21:45:00,
29444,2023-11-03 22:00:00,
29445,2023-11-03 22:15:00,
29446,2023-11-03 22:30:00,
29447,2023-11-03 22:45:00,
29448,2023-11-03 23:00:00,
29449,2023-11-03 23:15:00,
29450,2023-11-03 23:30:00,
29451,2023-11-03 23:45:00,
29452,2023-11-04 00:00:00,
29453,2023-11-04 00:15:00,
29454,2023-11-04 00:30:00,
29455,2023-11-04 00:45:00,
29456,2023-11-04 01:00:00,
29457,2023-11-04 01:15:00,
29458,2023-11-04 01:30:00,
29459,2023-11-04 01:45:00,
29460,2023-11-04 02:00:00,
29461,2023-11-04 02:15:00,
29462,2023-11-04 02:30:00,
29463,2023-11-04 02:45:00,
29464,2023-11-04 03:00:00,
29465,2023-11-04 03:15:00,
29466,2023-11-04 03:30:00,
29467,2023-11-04 03:45:00,
29468,2023-11-04 04:00:00,
29469,2023-11-04 04:15:00,
29470,2023-11-04 04:30:00,
29471,2023-11-04 04:45:00,
29472,2023-11-04 05:00:00,
29473,2023-11-04 05:15:00,
29474,2023-11-04 05:30:00,
29475,2023-11-04 05:45:00,
29476,2023-11-04 06:00:00,
29477,2023-11-04 06:15:00,
29478,2023-11-04 06:30:00,
29479,2023-11-04 06:45:00,
29480,2023-11-04 07:00:00,
29481,2023-11-04 07:15:00,
29482,2023-11-04 07:30:00,
29483,2023-11-04 07:45:00,
29484,2023-11-04 08:00:00,
29485,2023-11-04 08:15:00,
29486,2023-11-04 08:30:00,
29487,2023-11-04 08:45:00,
29488,2023-11-04 09:00:00,
29489,2023-11-04 09:15:00,
29490,2023-11-04 09:30:00,
29491,2023-11-04 09:45:00,
29492,2023-11-04 10:00:00,
29493,2023-11-04 10:15:00,
29494,2023-11-04 10:30:00,
29495,2023-11-04 10:45:00,
29496,2023-11-04 11:00:00,
29497,2023-11-04 11:15:00,
29498,2023-11-04 11:30:00,
29499,2023-11-04 11:45:00,
29500,2023-11-04 12:00:00,
29501,2023-11-04 12:15:00,
29502,2023-11-04 12:30:00,
29503,2023-11-04 12:45:00,
29504,2023-11-04 13:00:00,
29505,2023-11-04 13:15:00,
29506,2023-11-04 13:30:00,
29507,2023-11-04 13:45:00,
29508,2023-11-04 14:00:00,
29509,2023-11-04 14:15:00,
29510,2023-11-04 14:30:00,
29511,2023-11-04 14:45:00,
29512,2023-11-04 15:00:00,
29513,2023-11-04 15:15:00,
29514,2023-11-04 15:30:00,
29515,2023-11-04 15:45:00,
29516,2023-11-04 16:00:00,
29517,2023-11-04 16:15:00,
29518,2023-11-04 16:30:00,
29519,2023-11-04 16:45:00,
29520,2023-11-04 17:00:00,
29521,2023-11-04 17:15:00,
29522,2023-11-04 17:30:00,
29523,2023-11-04 17:45:00,
29524,2023-11-04 18:00:00,
29525,2023-11-04 18:15:00,
29526,2023-11-04 18:30:00,
29527,2023-11-04 18:45:00,
29528,2023-11-04 19:00:00,
29529,2023-11-04 19:15:00,
29530,2023-11-04 19:30:00,
29531,2023-11-04 19:45:00,
29532,2023-11-04 20:00:00,
29533,2023-11-04 20:15:00,
29534,2023-11-04 20:30:00,
29535,2023-11-04 20:45:00,
29536,2023-11-04 21:00:00,
29537,2023-11-04 21:15:00,
29538,2023-11-04 21:30:00,
29539,2023-11-04 21:45:00,
29540,2023-11-04 22:00:00,
29541,2023-11-04 22:15:00,
29542,2023-11-04 22:30:00,
29543,2023-11-04 22:45:00,
29544,2023-11-04 23:00:00,
29545,2023-11-04 23:15:00,
29546,2023-11-04 23:30:00,
29547,2023-11-04 23:45:00,
29548,2023-11-05 00:00:00,
29549,2023-11-05 00:15:00,
29550,2023-11-05 00:30:00,
29551,2023-11-05 00:45:00,
29552,2023-11-05 01:00:00,
29553,2023-11-05 01:15:00,
29554,2023-11-05 01:30:00,
29555,2023-11-05 01:45:00,
29556,2023-11-05 02:00:00,
29557,2023-11-05 02:15:00,
29558,2023-11-05 02:30:00,
29559,2023-11-05 02:45:00,
29560,2023-11-05 03:00:00,
29561,2023-11-05 03:15:00,
29562,2023-11-05 03:30:00,
29563,2023-11-05 03:45:00,
29564,2023-11-05 04:00:00,
29565,2023-11-05 04:15:00,
29566,2023-11-05 04:30:00,
29567,2023-11-05 04:45:00,
29568,2023-11-05 05:00:00,
29569,2023-11-05 05:15:00,
29570,2023-11-05 05:30:00,
29571,2023-11-05 05:45:00,
29572,2023-11-05 06:00:00,
29573,2023-11-05 06:15:00,
29574,2023-11-05 06:30:00,
29575,2023-11-05 06:45:00,
29576,2023-11-05 07:00:00,
29577,2023-11-05 07:15:00,
29578,2023-11-05 07:30:00,
29579,2023-11-05 07:45:00,
29580,2023-11-05 08:00:00,
29581,2023-11-05 08:15:00,
29582,2023-11-05 08:30:00,
29583,2023-11-05 08:45:00,
29584,2023-11-05 09:00:00,
29585,2023-11-05 09:15:00,
29586,2023-11-05 09:30:00,
29587,2023-11-05 09:45:00,
29588,2023-11-05 10:00:00,
29589,2023-11-05 10:15:00,
29590,2023-11-05 10:30:00,
29591,2023-11-05 10:45:00,
29592,2023-11-05 11:00:00,
29593,2023-11-05 11:15:00,
29594,2023-11-05 11:30:00,
29595,2023-11-05 11:45:00,
29596,2023-11-05 12:00:00,
29597,2023-11-05 12:15:00,
29598,2023-11-05 12:30:00,
29599,2023-11-05 12:45:00,
29600,2023-11-05 13:00:00,
29601,2023-11-05 13:15:00,
29602,2023-11-05 13:30:00,
29603,2023-11-05 13:45:00,
29604,2023-11-05 14:00:00,
29605,2023-11-05 14:15:00,
29606,2023-11-05 14:30:00,
29607,2023-11-05 14:45:00,
29608,2023-11-05 15:00:00,
29609,2023-11-05 15:15:00,
29610,2023-11-05 15:30:00,
29611,2023-11-05 15:45:00,
29612,2023-11-05 16:00:00,
29613,2023-11-05 16:15:00,
29614,2023-11-05 16:30:00,
29615,2023-11-05 16:45:00,
29616,2023-11-05 17:00:00,
29617,2023-11-05 17:15:00,
29618,2023-11-05 17:30:00,
29619,2023-11-05 17:45:00,
29620,2023-11-05 18:00:00,
29621,2023-11-05 18:15:00,
29622,2023-11-05 18:30:00,
29623,2023-11-05 18:45:00,
29624,2023-11-05 19:00:00,
29625,2023-11-05 19:15:00,
29626,2023-11-05 19:30:00,
29627,2023-11-05 19:45:00,
29628,2023-11-05 20:00:00,
29629,2023-11-05 20:15:00,
29630,2023-11-05 20:30:00,
29631,2023-11-05 20:45:00,
29632,2023-11-05 21:00:00,
29633,2023-11-05 21:15:00,
29634,2023-11-05 21:30:00,
29635,2023-11-05 21:45:00,
29636,2023-11-05 22:00:00,
29637,2023-11-05 22:15:00,
29638,2023-11-05 22:30:00,
29639,2023-11-05 22:45:00,
29640,2023-11-05 23:00:00,
29641,2023-11-05 23:15:00,
29642,2023-11-05 23:30:00,
29643,2023-11-05 23:45:00,
29644,2023-11-06 00:00:00,
29645,2023-11-06 00:15:00,
29646,2023-11-06 00:30:00,
29647,2023-11-06 00:45:00,
29648,2023-11-06 01:00:00,
29649,2023-11-06 01:15:00,
29650,2023-11-06 01:30:00,
29651,2023-11-06 01:45:00,
29652,2023-11-06 02:00:00,
29653,2023-11-06 02:15:00,
29654,2023-11-06 02:30:00,
29655,2023-11-06 02:45:00,
29656,2023-11-06 03:00:00,
29657,2023-11-06 03:15:00,
29658,2023-11-06 03:30:00,
29659,2023-11-06 03:45:00,
29660,2023-11-06 04:00:00,
29661,2023-11-06 04:15:00,
29662,2023-11-06 04:30:00,
29663,2023-11-06 04:45:00,
29664,2023-11-06 05:00:00,
29665,2023-11-06 05:15:00,
29666,2023-11-06 05:30:00,
29667,2023-11-06 05:45:00,
29668,2023-11-06 06:00:00,
29669,2023-11-06 06:15:00,
29670,2023-11-06 06:30:00,
29671,2023-11-06 06:45:00,
29672,2023-11-06 07:00:00,
29673,2023-11-06 07:15:00,
29674,2023-11-06 07:30:00,
29675,2023-11-06 07:45:00,
29676,2023-11-06 08:00:00,
29677,2023-11-06 08:15:00,
29678,2023-11-06 08:30:00,
29679,2023-11-06 08:45:00,
29680,2023-11-06 09:00:00,
29681,2023-11-06 09:15:00,
29682,2023-11-06 09:30:00,
29683,2023-11-06 09:45:00,
29684,2023-11-06 10:00:00,
29685,2023-11-06 10:15:00,
29686,2023-11-06 10:30:00,
29687,2023-11-06 10:45:00,
29688,2023-11-06 11:00:00,
29689,2023-11-06 11:15:00,
29690,2023-11-06 11:30:00,
29691,2023-11-06 11:45:00,
29692,2023-11-06 12:00:00,
29693,2023-11-06 12:15:00,
29694,2023-11-06 12:30:00,
29695,2023-11-06 12:45:00,
29696,2023-11-06 13:00:00,
29697,2023-11-06 13:15:00,
29698,2023-11-06 13:30:00,
29699,2023-11-06 13:45:00,
29700,2023-11-06 14:00:00,
29701,2023-11-06 14:15:00,
29702,2023-11-06 14:30:00,
29703,2023-11-06 14:45:00,
29704,2023-11-06 15:00:00,
29705,2023-11-06 15:15:00,
29706,2023-11-06 15:30:00,
29707,2023-11-06 15:45:00,
29708,2023-11-06 16:00:00,
29709,2023-11-06 16:15:00,
29710,2023-11-06 16:30:00,
29711,2023-11-06 16:45:00,
29712,2023-11-06 17:00:00,
29713,2023-11-06 17:15:00,
29714,2023-11-06 17:30:00,
29715,2023-11-06 17:45:00,
29716,2023-11-06 18:00:00,
29717,2023-11-06 18:15:00,
29718,2023-11-06 18:30:00,
29719,2023-11-06 18:45:00,
29720,2023-11-06 19:00:00,
29721,2023-11-06 19:15:00,
29722,2023-11-06 19:30:00,
29723,2023-11-06 19:45:00,
29724,2023-11-06 20:00:00,
29725,2023-11-06 20:15:00,
29726,2023-11-06 20:30:00,
29727,2023-11-06 20:45:00,
29728,2023-11-06 21:00:00,
29729,2023-11-06 21:15:00,
29730,2023-11-06 21:30:00,
29731,2023-11-06 21:45:00,
29732,2023-11-06 22:00:00,
29733,2023-11-06 22:15:00,
29734,2023-11-06 22:30:00,
29735,2023-11-06 22:45:00,
29736,2023-11-06 23:00:00,
29737,2023-11-06 23:15:00,
29738,2023-11-06 23:30:00,
29739,2023-11-06 23:45:00,
29740,2023-11-07 00:00:00,
29741,2023-11-07 00:15:00,
29742,2023-11-07 00:30:00,
29743,2023-11-07 00:45:00,
29744,2023-11-07 01:00:00,
29745,2023-11-07 01:15:00,
29746,2023-11-07 01:30:00,
29747,2023-11-07 01:45:00,
29748,2023-11-07 02:00:00,
29749,2023-11-07 02:15:00,
29750,2023-11-07 02:30:00,
29751,2023-11-07 02:45:00,
29752,2023-11-07 03:00:00,
29753,2023-11-07 03:15:00,
29754,2023-11-07 03:30:00,
29755,2023-11-07 03:45:00,
29756,2023-11-07 04:00:00,
29757,2023-11-07 04:15:00,
29758,2023-11-07 04:30:00,
29759,2023-11-07 04:45:00,
29760,2023-11-07 05:00:00,
29761,2023-11-07 05:15:00,
29762,2023-11-07 05:30:00,
29763,2023-11-07 05:45:00,
29764,2023-11-07 06:00:00,
29765,2023-11-07 06:15:00,
29766,2023-11-07 06:30:00,
29767,2023-11-07 06:45:00,
29768,2023-11-07 07:00:00,
29769,2023-11-07 07:15:00,
29770,2023-11-07 07:30:00,
29771,2023-11-07 07:45:00,
29772,2023-11-07 08:00:00,
29773,2023-11-07 08:15:00,
29774,2023-11-07 08:30:00,
29775,2023-11-07 08:45:00,
29776,2023-11-07 09:00:00,
29777,2023-11-07 09:15:00,
29778,2023-11-07 09:30:00,
29779,2023-11-07 09:45:00,
29780,2023-11-07 10:00:00,
29781,2023-11-07 10:15:00,
29782,2023-11-07 10:30:00,
29783,2023-11-07 10:45:00,
29784,2023-11-07 11:00:00,
29785,2023-11-07 11:15:00,
29786,2023-11-07 11:30:00,
29787,2023-11-07 11:45:00,
29788,2023-11-07 12:00:00,
29789,2023-11-07 12:15:00,
29790,2023-11-07 12:30:00,
29791,2023-11-07 12:45:00,
29792,2023-11-07 13:00:00,
29793,2023-11-07 13:15:00,
29794,2023-11-07 13:30:00,
29795,2023-11-07 13:45:00,
29796,2023-11-07 14:00:00,
29797,2023-11-07 14:15:00,
29798,2023-11-07 14:30:00,
29799,2023-11-07 14:45:00,
29800,2023-11-07 15:00:00,
29801,2023-11-07 15:15:00,
29802,2023-11-07 15:30:00,
29803,2023-11-07 15:45:00,
29804,2023-11-07 16:00:00,
29805,2023-11-07 16:15:00,
29806,2023-11-07 16:30:00,
29807,2023-11-07 16:45:00,
29808,2023-11-07 17:00:00,
29809,2023-11-07 17:15:00,
29810,2023-11-07 17:30:00,
29811,2023-11-07 17:45:00,
29812,2023-11-07 18:00:00,
29813,2023-11-07 18:15:00,
29814,2023-11-07 18:30:00,
29815,2023-11-07 18:45:00,
29816,2023-11-07 19:00:00,
29817,2023-11-07 19:15:00,
29818,2023-11-07 19:30:00,
29819,2023-11-07 19:45:00,
29820,2023-11-07 20:00:00,
29821,2023-11-07 20:15:00,
29822,2023-11-07 20:30:00,
29823,2023-11-07 20:45:00,
29824,2023-11-07 21:00:00,
29825,2023-11-07 21:15:00,
29826,2023-11-07 21:30:00,
29827,2023-11-07 21:45:00,
29828,2023-11-07 22:00:00,
29829,2023-11-07 22:15:00,
29830,2023-11-07 22:30:00,
29831,2023-11-07 22:45:00,
29832,2023-11-07 23:00:00,
29833,2023-11-07 23:15:00,
29834,2023-11-07 23:30:00,
29835,2023-11-07 23:45:00,
29836,2023-11-08 00:00:00,
29837,2023-11-08 00:15:00,
29838,2023-11-08 00:30:00,
29839,2023-11-08 00:45:00,
29840,2023-11-08 01:00:00,
29841,2023-11-08 01:15:00,
29842,2023-11-08 01:30:00,
29843,2023-11-08 01:45:00,
29844,2023-11-08 02:00:00,
29845,2023-11-08 02:15:00,
29846,2023-11-08 02:30:00,
29847,2023-11-08 02:45:00,
29848,2023-11-08 03:00:00,
29849,2023-11-08 03:15:00,
29850,2023-11-08 03:30:00,
29851,2023-11-08 03:45:00,
29852,2023-11-08 04:00:00,
29853,2023-11-08 04:15:00,
29854,2023-11-08 04:30:00,
29855,2023-11-08 04:45:00,
29856,2023-11-08 05:00:00,
29857,2023-11-08 05:15:00,
29858,2023-11-08 05:30:00,
29859,2023-11-08 05:45:00,
29860,2023-11-08 06:00:00,
29861,2023-11-08 06:15:00,
29862,2023-11-08 06:30:00,
29863,2023-11-08 06:45:00,
29864,2023-11-08 07:00:00,
29865,2023-11-08 07:15:00,
29866,2023-11-08 07:30:00,
29867,2023-11-08 07:45:00,
29868,2023-11-08 08:00:00,
29869,2023-11-08 08:15:00,
29870,2023-11-08 08:30:00,
29871,2023-11-08 08:45:00,
29872,2023-11-08 09:00:00,
29873,2023-11-08 09:15:00,
29874,2023-11-08 09:30:00,
29875,2023-11-08 09:45:00,
29876,2023-11-08 10:00:00,
29877,2023-11-08 10:15:00,
29878,2023-11-08 10:30:00,
29879,2023-11-08 10:45:00,
29880,2023-11-08 11:00:00,
29881,2023-11-08 11:15:00,
29882,2023-11-08 11:30:00,
29883,2023-11-08 11:45:00,
29884,2023-11-08 12:00:00,
29885,2023-11-08 12:15:00,
29886,2023-11-08 12:30:00,
29887,2023-11-08 12:45:00,
29888,2023-11-08 13:00:00,
29889,2023-11-08 13:15:00,
29890,2023-11-08 13:30:00,
29891,2023-11-08 13:45:00,
29892,2023-11-08 14:00:00,
29893,2023-11-08 14:15:00,
29894,2023-11-08 14:30:00,
29895,2023-11-08 14:45:00,
29896,2023-11-08 15:00:00,
29897,2023-11-08 15:15:00,
29898,2023-11-08 15:30:00,
29899,2023-11-08 15:45:00,
29900,2023-11-08 16:00:00,
29901,2023-11-08 16:15:00,
29902,2023-11-08 16:30:00,
29903,2023-11-08 16:45:00,
29904,2023-11-08 17:00:00,
29905,2023-11-08 17:15:00,
29906,2023-11-08 17:30:00,
29907,2023-11-08 17:45:00,
29908,2023-11-08 18:00:00,
29909,2023-11-08 18:15:00,
29910,2023-11-08 18:30:00,
29911,2023-11-08 18:45:00,
29912,2023-11-08 19:00:00,
29913,2023-11-08 19:15:00,
29914,2023-11-08 19:30:00,
29915,2023-11-08 19:45:00,
29916,2023-11-08 20:00:00,
29917,2023-11-08 20:15:00,
29918,2023-11-08 20:30:00,
29919,2023-11-08 20:45:00,
29920,2023-11-08 21:00:00,
29921,2023-11-08 21:15:00,
29922,2023-11-08 21:30:00,
29923,2023-11-08 21:45:00,
29924,2023-11-08 22:00:00,
29925,2023-11-08 22:15:00,
29926,2023-11-08 22:30:00,
29927,2023-11-08 22:45:00,
29928,2023-11-08 23:00:00,
29929,2023-11-08 23:15:00,
29930,2023-11-08 23:30:00,
29931,2023-11-08 23:45:00,
29932,2023-11-09 00:00:00,
29933,2023-11-09 00:15:00,
29934,2023-11-09 00:30:00,
29935,2023-11-09 00:45:00,
29936,2023-11-09 01:00:00,
29937,2023-11-09 01:15:00,
29938,2023-11-09 01:30:00,
29939,2023-11-09 01:45:00,
29940,2023-11-09 02:00:00,
29941,2023-11-09 02:15:00,
29942,2023-11-09 02:30:00,
29943,2023-11-09 02:45:00,
29944,2023-11-09 03:00:00,
29945,2023-11-09 03:15:00,
29946,2023-11-09 03:30:00,
29947,2023-11-09 03:45:00,
29948,2023-11-09 04:00:00,
29949,2023-11-09 04:15:00,
29950,2023-11-09 04:30:00,
29951,2023-11-09 04:45:00,
29952,2023-11-09 05:00:00,
29953,2023-11-09 05:15:00,
29954,2023-11-09 05:30:00,
29955,2023-11-09 05:45:00,
29956,2023-11-09 06:00:00,
29957,2023-11-09 06:15:00,
29958,2023-11-09 06:30:00,
29959,2023-11-09 06:45:00,
29960,2023-11-09 07:00:00,
29961,2023-11-09 07:15:00,
29962,2023-11-09 07:30:00,
29963,2023-11-09 07:45:00,
29964,2023-11-09 08:00:00,
29965,2023-11-09 08:15:00,
29966,2023-11-09 08:30:00,
29967,2023-11-09 08:45:00,
29968,2023-11-09 09:00:00,
29969,2023-11-09 09:15:00,
29970,2023-11-09 09:30:00,
29971,2023-11-09 09:45:00,
29972,2023-11-09 10:00:00,
29973,2023-11-09 10:15:00,
29974,2023-11-09 10:30:00,
29975,2023-11-09 10:45:00,
29976,2023-11-09 11:00:00,
29977,2023-11-09 11:15:00,
29978,2023-11-09 11:30:00,
29979,2023-11-09 11:45:00,
29980,2023-11-09 12:00:00,
29981,2023-11-09 12:15:00,
29982,2023-11-09 12:30:00,
29983,2023-11-09 12:45:00,
29984,2023-11-09 13:00:00,
29985,2023-11-09 13:15:00,
29986,2023-11-09 13:30:00,
29987,2023-11-09 13:45:00,
29988,2023-11-09 14:00:00,
29989,2023-11-09 14:15:00,
29990,2023-11-09 14:30:00,
29991,2023-11-09 14:45:00,
29992,2023-11-09 15:00:00,
29993,2023-11-09 15:15:00,
29994,2023-11-09 15:30:00,
29995,2023-11-09 15:45:00,
29996,2023-11-09 16:00:00,
29997,2023-11-09 16:15:00,
29998,2023-11-09 16:30:00,
29999,2023-11-09 16:45:00,
30000,2023-11-09 17:00:00,
30001,2023-11-09 17:15:00,
30002,2023-11-09 17:30:00,
30003,2023-11-09 17:45:00,
30004,2023-11-09 18:00:00,
30005,2023-11-09 18:15:00,
30006,2023-11-09 18:30:00,
30007,2023-11-09 18:45:00,
30008,2023-11-09 19:00:00,
30009,2023-11-09 19:15:00,
30010,2023-11-09 19:30:00,
30011,2023-11-09 19:45:00,
30012,2023-11-09 20:00:00,
30013,2023-11-09 20:15:00,
30014,2023-11-09 20:30:00,
30015,2023-11-09 20:45:00,
30016,2023-11-09 21:00:00,
30017,2023-11-09 21:15:00,
30018,2023-11-09 21:30:00,
30019,2023-11-09 21:45:00,
30020,2023-11-09 22:00:00,
30021,2023-11-09 22:15:00,
30022,2023-11-09 22:30:00,
30023,2023-11-09 22:45:00,
30024,2023-11-09 23:00:00,
30025,2023-11-09 23:15:00,
30026,2023-11-09 23:30:00,
30027,2023-11-09 23:45:00,
30028,2023-11-10 00:00:00,
30029,2023-11-10 00:15:00,
30030,2023-11-10 00:30:00,
30031,2023-11-10 00:45:00,
30032,2023-11-10 01:00:00,
30033,2023-11-10 01:15:00,
30034,2023-11-10 01:30:00,
30035,2023-11-10 01:45:00,
30036,2023-11-10 02:00:00,
30037,2023-11-10 02:15:00,
30038,2023-11-10 02:30:00,
30039,2023-11-10 02:45:00,
30040,2023-11-10 03:00:00,
30041,2023-11-10 03:15:00,
30042,2023-11-10 03:30:00,
30043,2023-11-10 03:45:00,
30044,2023-11-10 04:00:00,
30045,2023-11-10 04:15:00,
30046,2023-11-10 04:30:00,
30047,2023-11-10 04:45:00,
30048,2023-11-10 05:00:00,
30049,2023-11-10 05:15:00,
30050,2023-11-10 05:30:00,
30051,2023-11-10 05:45:00,
30052,2023-11-10 06:00:00,
30053,2023-11-10 06:15:00,
30054,2023-11-10 06:30:00,
30055,2023-11-10 06:45:00,
30056,2023-11-10 07:00:00,
30057,2023-11-10 07:15:00,
30058,2023-11-10 07:30:00,
30059,2023-11-10 07:45:00,
30060,2023-11-10 08:00:00,
30061,2023-11-10 08:15:00,
30062,2023-11-10 08:30:00,
30063,2023-11-10 08:45:00,
30064,2023-11-10 09:00:00,
30065,2023-11-10 09:15:00,
30066,2023-11-10 09:30:00,
30067,2023-11-10 09:45:00,
30068,2023-11-10 10:00:00,
30069,2023-11-10 10:15:00,
30070,2023-11-10 10:30:00,
30071,2023-11-10 10:45:00,
30072,2023-11-10 11:00:00,
30073,2023-11-10 11:15:00,
30074,2023-11-10 11:30:00,
30075,2023-11-10 11:45:00,
30076,2023-11-10 12:00:00,
30077,2023-11-10 12:15:00,
30078,2023-11-10 12:30:00,
30079,2023-11-10 12:45:00,
30080,2023-11-10 13:00:00,
30081,2023-11-10 13:15:00,
30082,2023-11-10 13:30:00,
30083,2023-11-10 13:45:00,
30084,2023-11-10 14:00:00,
30085,2023-11-10 14:15:00,
30086,2023-11-10 14:30:00,
30087,2023-11-10 14:45:00,
30088,2023-11-10 15:00:00,
30089,2023-11-10 15:15:00,
30090,2023-11-10 15:30:00,
30091,2023-11-10 15:45:00,
30092,2023-11-10 16:00:00,
30093,2023-11-10 16:15:00,
30094,2023-11-10 16:30:00,
30095,2023-11-10 16:45:00,
30096,2023-11-10 17:00:00,
30097,2023-11-10 17:15:00,
30098,2023-11-10 17:30:00,
30099,2023-11-10 17:45:00,
30100,2023-11-10 18:00:00,
30101,2023-11-10 18:15:00,
30102,2023-11-10 18:30:00,
30103,2023-11-10 18:45:00,
30104,2023-11-10 19:00:00,
30105,2023-11-10 19:15:00,
30106,2023-11-10 19:30:00,
30107,2023-11-10 19:45:00,
30108,2023-11-10 20:00:00,
30109,2023-11-10 20:15:00,
30110,2023-11-10 20:30:00,
30111,2023-11-10 20:45:00,
30112,2023-11-10 21:00:00,
30113,2023-11-10 21:15:00,
30114,2023-11-10 21:30:00,
30115,2023-11-10 21:45:00,
30116,2023-11-10 22:00:00,
30117,2023-11-10 22:15:00,
30118,2023-11-10 22:30:00,
30119,2023-11-10 22:45:00,
30120,2023-11-10 23:00:00,
30121,2023-11-10 23:15:00,
30122,2023-11-10 23:30:00,
30123,2023-11-10 23:45:00,
30124,2023-11-11 00:00:00,
30125,2023-11-11 00:15:00,
30126,2023-11-11 00:30:00,
30127,2023-11-11 00:45:00,
30128,2023-11-11 01:00:00,
30129,2023-11-11 01:15:00,
30130,2023-11-11 01:30:00,
30131,2023-11-11 01:45:00,
30132,2023-11-11 02:00:00,
30133,2023-11-11 02:15:00,
30134,2023-11-11 02:30:00,
30135,2023-11-11 02:45:00,
30136,2023-11-11 03:00:00,
30137,2023-11-11 03:15:00,
30138,2023-11-11 03:30:00,
30139,2023-11-11 03:45:00,
30140,2023-11-11 04:00:00,
30141,2023-11-11 04:15:00,
30142,2023-11-11 04:30:00,
30143,2023-11-11 04:45:00,
30144,2023-11-11 05:00:00,
30145,2023-11-11 05:15:00,
30146,2023-11-11 05:30:00,
30147,2023-11-11 05:45:00,
30148,2023-11-11 06:00:00,
30149,2023-11-11 06:15:00,
30150,2023-11-11 06:30:00,
30151,2023-11-11 06:45:00,
30152,2023-11-11 07:00:00,
30153,2023-11-11 07:15:00,
30154,2023-11-11 07:30:00,
30155,2023-11-11 07:45:00,
30156,2023-11-11 08:00:00,
30157,2023-11-11 08:15:00,
30158,2023-11-11 08:30:00,
30159,2023-11-11 08:45:00,
30160,2023-11-11 09:00:00,
30161,2023-11-11 09:15:00,
30162,2023-11-11 09:30:00,
30163,2023-11-11 09:45:00,
30164,2023-11-11 10:00:00,
30165,2023-11-11 10:15:00,
30166,2023-11-11 10:30:00,
30167,2023-11-11 10:45:00,
30168,2023-11-11 11:00:00,
30169,2023-11-11 11:15:00,
30170,2023-11-11 11:30:00,
30171,2023-11-11 11:45:00,
30172,2023-11-11 12:00:00,
30173,2023-11-11 12:15:00,
30174,2023-11-11 12:30:00,
30175,2023-11-11 12:45:00,
30176,2023-11-11 13:00:00,
30177,2023-11-11 13:15:00,
30178,2023-11-11 13:30:00,
30179,2023-11-11 13:45:00,
30180,2023-11-11 14:00:00,
30181,2023-11-11 14:15:00,
30182,2023-11-11 14:30:00,
30183,2023-11-11 14:45:00,
30184,2023-11-11 15:00:00,
30185,2023-11-11 15:15:00,
30186,2023-11-11 15:30:00,
30187,2023-11-11 15:45:00,
30188,2023-11-11 16:00:00,
30189,2023-11-11 16:15:00,
30190,2023-11-11 16:30:00,
30191,2023-11-11 16:45:00,
30192,2023-11-11 17:00:00,
30193,2023-11-11 17:15:00,
30194,2023-11-11 17:30:00,
30195,2023-11-11 17:45:00,
30196,2023-11-11 18:00:00,
30197,2023-11-11 18:15:00,
30198,2023-11-11 18:30:00,
30199,2023-11-11 18:45:00,
30200,2023-11-11 19:00:00,
30201,2023-11-11 19:15:00,
30202,2023-11-11 19:30:00,
30203,2023-11-11 19:45:00,
30204,2023-11-11 20:00:00,
30205,2023-11-11 20:15:00,
30206,2023-11-11 20:30:00,
30207,2023-11-11 20:45:00,
30208,2023-11-11 21:00:00,
30209,2023-11-11 21:15:00,
30210,2023-11-11 21:30:00,
30211,2023-11-11 21:45:00,
30212,2023-11-11 22:00:00,
30213,2023-11-11 22:15:00,
30214,2023-11-11 22:30:00,
30215,2023-11-11 22:45:00,
30216,2023-11-11 23:00:00,
30217,2023-11-11 23:15:00,
30218,2023-11-11 23:30:00,
30219,2023-11-11 23:45:00,
30220,2023-11-12 00:00:00,
30221,2023-11-12 00:15:00,
30222,2023-11-12 00:30:00,
30223,2023-11-12 00:45:00,
30224,2023-11-12 01:00:00,
30225,2023-11-12 01:15:00,
30226,2023-11-12 01:30:00,
30227,2023-11-12 01:45:00,
30228,2023-11-12 02:00:00,
30229,2023-11-12 02:15:00,
30230,2023-11-12 02:30:00,
30231,2023-11-12 02:45:00,
30232,2023-11-12 03:00:00,
30233,2023-11-12 03:15:00,
30234,2023-11-12 03:30:00,
30235,2023-11-12 03:45:00,
30236,2023-11-12 04:00:00,
30237,2023-11-12 04:15:00,
30238,2023-11-12 04:30:00,
30239,2023-11-12 04:45:00,
30240,2023-11-12 05:00:00,
30241,2023-11-12 05:15:00,
30242,2023-11-12 05:30:00,
30243,2023-11-12 05:45:00,
30244,2023-11-12 06:00:00,
30245,2023-11-12 06:15:00,
30246,2023-11-12 06:30:00,
30247,2023-11-12 06:45:00,
30248,2023-11-12 07:00:00,
30249,2023-11-12 07:15:00,
30250,2023-11-12 07:30:00,
30251,2023-11-12 07:45:00,
30252,2023-11-12 08:00:00,
30253,2023-11-12 08:15:00,
30254,2023-11-12 08:30:00,
30255,2023-11-12 08:45:00,
30256,2023-11-12 09:00:00,
30257,2023-11-12 09:15:00,
30258,2023-11-12 09:30:00,
30259,2023-11-12 09:45:00,
30260,2023-11-12 10:00:00,
30261,2023-11-12 10:15:00,
30262,2023-11-12 10:30:00,
30263,2023-11-12 10:45:00,
30264,2023-11-12 11:00:00,
30265,2023-11-12 11:15:00,
30266,2023-11-12 11:30:00,
30267,2023-11-12 11:45:00,
30268,2023-11-12 12:00:00,
30269,2023-11-12 12:15:00,
30270,2023-11-12 12:30:00,
30271,2023-11-12 12:45:00,
30272,2023-11-12 13:00:00,
30273,2023-11-12 13:15:00,
30274,2023-11-12 13:30:00,
30275,2023-11-12 13:45:00,
30276,2023-11-12 14:00:00,
30277,2023-11-12 14:15:00,
30278,2023-11-12 14:30:00,
30279,2023-11-12 14:45:00,
30280,2023-11-12 15:00:00,
30281,2023-11-12 15:15:00,
30282,2023-11-12 15:30:00,
30283,2023-11-12 15:45:00,
30284,2023-11-12 16:00:00,
30285,2023-11-12 16:15:00,
30286,2023-11-12 16:30:00,
30287,2023-11-12 16:45:00,
30288,2023-11-12 17:00:00,
30289,2023-11-12 17:15:00,
30290,2023-11-12 17:30:00,
30291,2023-11-12 17:45:00,
30292,2023-11-12 18:00:00,
30293,2023-11-12 18:15:00,
30294,2023-11-12 18:30:00,
30295,2023-11-12 18:45:00,
30296,2023-11-12 19:00:00,
30297,2023-11-12 19:15:00,
30298,2023-11-12 19:30:00,
30299,2023-11-12 19:45:00,
30300,2023-11-12 20:00:00,
30301,2023-11-12 20:15:00,
30302,2023-11-12 20:30:00,
30303,2023-11-12 20:45:00,
30304,2023-11-12 21:00:00,
30305,2023-11-12 21:15:00,
30306,2023-11-12 21:30:00,
30307,2023-11-12 21:45:00,
30308,2023-11-12 22:00:00,
30309,2023-11-12 22:15:00,
30310,2023-11-12 22:30:00,
30311,2023-11-12 22:45:00,
30312,2023-11-12 23:00:00,
30313,2023-11-12 23:15:00,
30314,2023-11-12 23:30:00,
30315,2023-11-12 23:45:00,
30316,2023-11-13 00:00:00,
30317,2023-11-13 00:15:00,
30318,2023-11-13 00:30:00,
30319,2023-11-13 00:45:00,
30320,2023-11-13 01:00:00,
30321,2023-11-13 01:15:00,
30322,2023-11-13 01:30:00,
30323,2023-11-13 01:45:00,
30324,2023-11-13 02:00:00,
30325,2023-11-13 02:15:00,
30326,2023-11-13 02:30:00,
30327,2023-11-13 02:45:00,
30328,2023-11-13 03:00:00,
30329,2023-11-13 03:15:00,
30330,2023-11-13 03:30:00,
30331,2023-11-13 03:45:00,
30332,2023-11-13 04:00:00,
30333,2023-11-13 04:15:00,
30334,2023-11-13 04:30:00,
30335,2023-11-13 04:45:00,
30336,2023-11-13 05:00:00,
30337,2023-11-13 05:15:00,
30338,2023-11-13 05:30:00,
30339,2023-11-13 05:45:00,
30340,2023-11-13 06:00:00,
30341,2023-11-13 06:15:00,
30342,2023-11-13 06:30:00,
30343,2023-11-13 06:45:00,
30344,2023-11-13 07:00:00,
30345,2023-11-13 07:15:00,
30346,2023-11-13 07:30:00,
30347,2023-11-13 07:45:00,
30348,2023-11-13 08:00:00,
30349,2023-11-13 08:15:00,
30350,2023-11-13 08:30:00,
30351,2023-11-13 08:45:00,
30352,2023-11-13 09:00:00,
30353,2023-11-13 09:15:00,
30354,2023-11-13 09:30:00,
30355,2023-11-13 09:45:00,
30356,2023-11-13 10:00:00,
30357,2023-11-13 10:15:00,
30358,2023-11-13 10:30:00,
30359,2023-11-13 10:45:00,
30360,2023-11-13 11:00:00,
30361,2023-11-13 11:15:00,
30362,2023-11-13 11:30:00,
30363,2023-11-13 11:45:00,
30364,2023-11-13 12:00:00,
30365,2023-11-13 12:15:00,
30366,2023-11-13 12:30:00,
30367,2023-11-13 12:45:00,
30368,2023-11-13 13:00:00,
30369,2023-11-13 13:15:00,
30370,2023-11-13 13:30:00,
30371,2023-11-13 13:45:00,
30372,2023-11-13 14:00:00,
30373,2023-11-13 14:15:00,
30374,2023-11-13 14:30:00,
30375,2023-11-13 14:45:00,
30376,2023-11-13 15:00:00,
30377,2023-11-13 15:15:00,
30378,2023-11-13 15:30:00,
30379,2023-11-13 15:45:00,
30380,2023-11-13 16:00:00,
30381,2023-11-13 16:15:00,
30382,2023-11-13 16:30:00,
30383,2023-11-13 16:45:00,
30384,2023-11-13 17:00:00,
30385,2023-11-13 17:15:00,
30386,2023-11-13 17:30:00,
30387,2023-11-13 17:45:00,
30388,2023-11-13 18:00:00,
30389,2023-11-13 18:15:00,
30390,2023-11-13 18:30:00,
30391,2023-11-13 18:45:00,
30392,2023-11-13 19:00:00,
30393,2023-11-13 19:15:00,
30394,2023-11-13 19:30:00,
30395,2023-11-13 19:45:00,
30396,2023-11-13 20:00:00,
30397,2023-11-13 20:15:00,
30398,2023-11-13 20:30:00,
30399,2023-11-13 20:45:00,
30400,2023-11-13 21:00:00,
30401,2023-11-13 21:15:00,
30402,2023-11-13 21:30:00,
30403,2023-11-13 21:45:00,
30404,2023-11-13 22:00:00,
30405,2023-11-13 22:15:00,
30406,2023-11-13 22:30:00,
30407,2023-11-13 22:45:00,
30408,2023-11-13 23:00:00,
30409,2023-11-13 23:15:00,
30410,2023-11-13 23:30:00,
30411,2023-11-13 23:45:00,
30412,2023-11-14 00:00:00,
30413,2023-11-14 00:15:00,
30414,2023-11-14 00:30:00,
30415,2023-11-14 00:45:00,
30416,2023-11-14 01:00:00,
30417,2023-11-14 01:15:00,
30418,2023-11-14 01:30:00,
30419,2023-11-14 01:45:00,
30420,2023-11-14 02:00:00,
30421,2023-11-14 02:15:00,
30422,2023-11-14 02:30:00,
30423,2023-11-14 02:45:00,
30424,2023-11-14 03:00:00,
30425,2023-11-14 03:15:00,
30426,2023-11-14 03:30:00,
30427,2023-11-14 03:45:00,
30428,2023-11-14 04:00:00,
30429,2023-11-14 04:15:00,
30430,2023-11-14 04:30:00,
30431,2023-11-14 04:45:00,
30432,2023-11-14 05:00:00,
30433,2023-11-14 05:15:00,
30434,2023-11-14 05:30:00,
30435,2023-11-14 05:45:00,
30436,2023-11-14 06:00:00,
30437,2023-11-14 06:15:00,
30438,2023-11-14 06:30:00,
30439,2023-11-14 06:45:00,
30440,2023-11-14 07:00:00,
30441,2023-11-14 07:15:00,
30442,2023-11-14 07:30:00,
30443,2023-11-14 07:45:00,
30444,2023-11-14 08:00:00,
30445,2023-11-14 08:15:00,
30446,2023-11-14 08:30:00,
30447,2023-11-14 08:45:00,
30448,2023-11-14 09:00:00,
30449,2023-11-14 09:15:00,
30450,2023-11-14 09:30:00,
30451,2023-11-14 09:45:00,
30452,2023-11-14 10:00:00,
30453,2023-11-14 10:15:00,
30454,2023-11-14 10:30:00,
30455,2023-11-14 10:45:00,
30456,2023-11-14 11:00:00,
30457,2023-11-14 11:15:00,
30458,2023-11-14 11:30:00,
30459,2023-11-14 11:45:00,
30460,2023-11-14 12:00:00,
30461,2023-11-14 12:15:00,
30462,2023-11-14 12:30:00,
30463,2023-11-14 12:45:00,
30464,2023-11-14 13:00:00,
30465,2023-11-14 13:15:00,
30466,2023-11-14 13:30:00,
30467,2023-11-14 13:45:00,
30468,2023-11-14 14:00:00,
30469,2023-11-14 14:15:00,
30470,2023-11-14 14:30:00,
30471,2023-11-14 14:45:00,
30472,2023-11-14 15:00:00,
30473,2023-11-14 15:15:00,
30474,2023-11-14 15:30:00,
30475,2023-11-14 15:45:00,
30476,2023-11-14 16:00:00,
30477,2023-11-14 16:15:00,
30478,2023-11-14 16:30:00,
30479,2023-11-14 16:45:00,
30480,2023-11-14 17:00:00,
30481,2023-11-14 17:15:00,
30482,2023-11-14 17:30:00,
30483,2023-11-14 17:45:00,
30484,2023-11-14 18:00:00,
30485,2023-11-14 18:15:00,
30486,2023-11-14 18:30:00,
30487,2023-11-14 18:45:00,
30488,2023-11-14 19:00:00,
30489,2023-11-14 19:15:00,
30490,2023-11-14 19:30:00,
30491,2023-11-14 19:45:00,
30492,2023-11-14 20:00:00,
30493,2023-11-14 20:15:00,
30494,2023-11-14 20:30:00,
30495,2023-11-14 20:45:00,
30496,2023-11-14 21:00:00,
30497,2023-11-14 21:15:00,
30498,2023-11-14 21:30:00,
30499,2023-11-14 21:45:00,
30500,2023-11-14 22:00:00,
30501,2023-11-14 22:15:00,
30502,2023-11-14 22:30:00,
30503,2023-11-14 22:45:00,
30504,2023-11-14 23:00:00,
30505,2023-11-14 23:15:00,
30506,2023-11-14 23:30:00,
30507,2023-11-14 23:45:00,
30508,2023-11-15 00:00:00,
30509,2023-11-15 00:15:00,
30510,2023-11-15 00:30:00,
30511,2023-11-15 00:45:00,
30512,2023-11-15 01:00:00,
30513,2023-11-15 01:15:00,
30514,2023-11-15 01:30:00,
30515,2023-11-15 01:45:00,
30516,2023-11-15 02:00:00,
30517,2023-11-15 02:15:00,
30518,2023-11-15 02:30:00,
30519,2023-11-15 02:45:00,
30520,2023-11-15 03:00:00,
30521,2023-11-15 03:15:00,
30522,2023-11-15 03:30:00,
30523,2023-11-15 03:45:00,
30524,2023-11-15 04:00:00,
30525,2023-11-15 04:15:00,
30526,2023-11-15 04:30:00,
30527,2023-11-15 04:45:00,
30528,2023-11-15 05:00:00,
30529,2023-11-15 05:15:00,
30530,2023-11-15 05:30:00,
30531,2023-11-15 05:45:00,
30532,2023-11-15 06:00:00,
30533,2023-11-15 06:15:00,
30534,2023-11-15 06:30:00,
30535,2023-11-15 06:45:00,
30536,2023-11-15 07:00:00,
30537,2023-11-15 07:15:00,
30538,2023-11-15 07:30:00,
30539,2023-11-15 07:45:00,
30540,2023-11-15 08:00:00,
30541,2023-11-15 08:15:00,
30542,2023-11-15 08:30:00,
30543,2023-11-15 08:45:00,
30544,2023-11-15 09:00:00,
30545,2023-11-15 09:15:00,
30546,2023-11-15 09:30:00,
30547,2023-11-15 09:45:00,
30548,2023-11-15 10:00:00,
30549,2023-11-15 10:15:00,
30550,2023-11-15 10:30:00,
30551,2023-11-15 10:45:00,
30552,2023-11-15 11:00:00,
30553,2023-11-15 11:15:00,
30554,2023-11-15 11:30:00,
30555,2023-11-15 11:45:00,
30556,2023-11-15 12:00:00,
30557,2023-11-15 12:15:00,
30558,2023-11-15 12:30:00,
30559,2023-11-15 12:45:00,
30560,2023-11-15 13:00:00,
30561,2023-11-15 13:15:00,
30562,2023-11-15 13:30:00,
30563,2023-11-15 13:45:00,
30564,2023-11-15 14:00:00,
30565,2023-11-15 14:15:00,
30566,2023-11-15 14:30:00,
30567,2023-11-15 14:45:00,
30568,2023-11-15 15:00:00,
30569,2023-11-15 15:15:00,
30570,2023-11-15 15:30:00,
30571,2023-11-15 15:45:00,
30572,2023-11-15 16:00:00,
30573,2023-11-15 16:15:00,
30574,2023-11-15 16:30:00,
30575,2023-11-15 16:45:00,
30576,2023-11-15 17:00:00,
30577,2023-11-15 17:15:00,
30578,2023-11-15 17:30:00,
30579,2023-11-15 17:45:00,
30580,2023-11-15 18:00:00,
30581,2023-11-15 18:15:00,
30582,2023-11-15 18:30:00,
30583,2023-11-15 18:45:00,
30584,2023-11-15 19:00:00,
30585,2023-11-15 19:15:00,
30586,2023-11-15 19:30:00,
30587,2023-11-15 19:45:00,
30588,2023-11-15 20:00:00,
30589,2023-11-15 20:15:00,
30590,2023-11-15 20:30:00,
30591,2023-11-15 20:45:00,
30592,2023-11-15 21:00:00,
30593,2023-11-15 21:15:00,
30594,2023-11-15 21:30:00,
30595,2023-11-15 21:45:00,
30596,2023-11-15 22:00:00,
30597,2023-11-15 22:15:00,
30598,2023-11-15 22:30:00,
30599,2023-11-15 22:45:00,
30600,2023-11-15 23:00:00,
30601,2023-11-15 23:15:00,
30602,2023-11-15 23:30:00,
30603,2023-11-15 23:45:00,
30604,2023-11-16 00:00:00,
30605,2023-11-16 00:15:00,
30606,2023-11-16 00:30:00,
30607,2023-11-16 00:45:00,
30608,2023-11-16 01:00:00,
30609,2023-11-16 01:15:00,
30610,2023-11-16 01:30:00,
30611,2023-11-16 01:45:00,
30612,2023-11-16 02:00:00,
30613,2023-11-16 02:15:00,
30614,2023-11-16 02:30:00,
30615,2023-11-16 02:45:00,
30616,2023-11-16 03:00:00,
30617,2023-11-16 03:15:00,
30618,2023-11-16 03:30:00,
30619,2023-11-16 03:45:00,
30620,2023-11-16 04:00:00,
30621,2023-11-16 04:15:00,
30622,2023-11-16 04:30:00,
30623,2023-11-16 04:45:00,
30624,2023-11-16 05:00:00,
30625,2023-11-16 05:15:00,
30626,2023-11-16 05:30:00,
30627,2023-11-16 05:45:00,
30628,2023-11-16 06:00:00,
30629,2023-11-16 06:15:00,
30630,2023-11-16 06:30:00,
30631,2023-11-16 06:45:00,
30632,2023-11-16 07:00:00,
30633,2023-11-16 07:15:00,
30634,2023-11-16 07:30:00,
30635,2023-11-16 07:45:00,
30636,2023-11-16 08:00:00,
30637,2023-11-16 08:15:00,
30638,2023-11-16 08:30:00,
30639,2023-11-16 08:45:00,
30640,2023-11-16 09:00:00,
30641,2023-11-16 09:15:00,
30642,2023-11-16 09:30:00,
30643,2023-11-16 09:45:00,
30644,2023-11-16 10:00:00,
30645,2023-11-16 10:15:00,
30646,2023-11-16 10:30:00,
30647,2023-11-16 10:45:00,
30648,2023-11-16 11:00:00,
30649,2023-11-16 11:15:00,
30650,2023-11-16 11:30:00,
30651,2023-11-16 11:45:00,
30652,2023-11-16 12:00:00,
30653,2023-11-16 12:15:00,
30654,2023-11-16 12:30:00,
30655,2023-11-16 12:45:00,
30656,2023-11-16 13:00:00,
30657,2023-11-16 13:15:00,
30658,2023-11-16 13:30:00,
30659,2023-11-16 13:45:00,
30660,2023-11-16 14:00:00,
30661,2023-11-16 14:15:00,
30662,2023-11-16 14:30:00,
30663,2023-11-16 14:45:00,
30664,2023-11-16 15:00:00,
30665,2023-11-16 15:15:00,
30666,2023-11-16 15:30:00,
30667,2023-11-16 15:45:00,
30668,2023-11-16 16:00:00,
30669,2023-11-16 16:15:00,
30670,2023-11-16 16:30:00,
30671,2023-11-16 16:45:00,
30672,2023-11-16 17:00:00,
30673,2023-11-16 17:15:00,
30674,2023-11-16 17:30:00,
30675,2023-11-16 17:45:00,
30676,2023-11-16 18:00:00,
30677,2023-11-16 18:15:00,
30678,2023-11-16 18:30:00,
30679,2023-11-16 18:45:00,
30680,2023-11-16 19:00:00,
30681,2023-11-16 19:15:00,
30682,2023-11-16 19:30:00,
30683,2023-11-16 19:45:00,
30684,2023-11-16 20:00:00,
30685,2023-11-16 20:15:00,
30686,2023-11-16 20:30:00,
30687,2023-11-16 20:45:00,
30688,2023-11-16 21:00:00,
30689,2023-11-16 21:15:00,
30690,2023-11-16 21:30:00,
30691,2023-11-16 21:45:00,
30692,2023-11-16 22:00:00,
30693,2023-11-16 22:15:00,
30694,2023-11-16 22:30:00,
30695,2023-11-16 22:45:00,
30696,2023-11-16 23:00:00,
30697,2023-11-16 23:15:00,
30698,2023-11-16 23:30:00,
30699,2023-11-16 23:45:00,
30700,2023-11-17 00:00:00,
30701,2023-11-17 00:15:00,
30702,2023-11-17 00:30:00,
30703,2023-11-17 00:45:00,
30704,2023-11-17 01:00:00,
30705,2023-11-17 01:15:00,
30706,2023-11-17 01:30:00,
30707,2023-11-17 01:45:00,
30708,2023-11-17 02:00:00,
30709,2023-11-17 02:15:00,
30710,2023-11-17 02:30:00,
30711,2023-11-17 02:45:00,
30712,2023-11-17 03:00:00,
30713,2023-11-17 03:15:00,
30714,2023-11-17 03:30:00,
30715,2023-11-17 03:45:00,
30716,2023-11-17 04:00:00,
30717,2023-11-17 04:15:00,
30718,2023-11-17 04:30:00,
30719,2023-11-17 04:45:00,
30720,2023-11-17 05:00:00,
30721,2023-11-17 05:15:00,
30722,2023-11-17 05:30:00,
30723,2023-11-17 05:45:00,
30724,2023-11-17 06:00:00,
30725,2023-11-17 06:15:00,
30726,2023-11-17 06:30:00,
30727,2023-11-17 06:45:00,
30728,2023-11-17 07:00:00,
30729,2023-11-17 07:15:00,
30730,2023-11-17 07:30:00,
30731,2023-11-17 07:45:00,
30732,2023-11-17 08:00:00,
30733,2023-11-17 08:15:00,
30734,2023-11-17 08:30:00,
30735,2023-11-17 08:45:00,
30736,2023-11-17 09:00:00,
30737,2023-11-17 09:15:00,
30738,2023-11-17 09:30:00,
30739,2023-11-17 09:45:00,
30740,2023-11-17 10:00:00,
30741,2023-11-17 10:15:00,
30742,2023-11-17 10:30:00,
30743,2023-11-17 10:45:00,
30744,2023-11-17 11:00:00,
30745,2023-11-17 11:15:00,
30746,2023-11-17 11:30:00,
30747,2023-11-17 11:45:00,
30748,2023-11-17 12:00:00,
30749,2023-11-17 12:15:00,
30750,2023-11-17 12:30:00,
30751,2023-11-17 12:45:00,
30752,2023-11-17 13:00:00,
30753,2023-11-17 13:15:00,
30754,2023-11-17 13:30:00,
30755,2023-11-17 13:45:00,
30756,2023-11-17 14:00:00,
30757,2023-11-17 14:15:00,
30758,2023-11-17 14:30:00,
30759,2023-11-17 14:45:00,
30760,2023-11-17 15:00:00,
30761,2023-11-17 15:15:00,
30762,2023-11-17 15:30:00,
30763,2023-11-17 15:45:00,
30764,2023-11-17 16:00:00,
30765,2023-11-17 16:15:00,
30766,2023-11-17 16:30:00,
30767,2023-11-17 16:45:00,
30768,2023-11-17 17:00:00,
30769,2023-11-17 17:15:00,
30770,2023-11-17 17:30:00,
30771,2023-11-17 17:45:00,
30772,2023-11-17 18:00:00,
30773,2023-11-17 18:15:00,
30774,2023-11-17 18:30:00,
30775,2023-11-17 18:45:00,
30776,2023-11-17 19:00:00,
30777,2023-11-17 19:15:00,
30778,2023-11-17 19:30:00,
30779,2023-11-17 19:45:00,
30780,2023-11-17 20:00:00,
30781,2023-11-17 20:15:00,
30782,2023-11-17 20:30:00,
30783,2023-11-17 20:45:00,
30784,2023-11-17 21:00:00,
30785,2023-11-17 21:15:00,
30786,2023-11-17 21:30:00,
30787,2023-11-17 21:45:00,
30788,2023-11-17 22:00:00,
30789,2023-11-17 22:15:00,
30790,2023-11-17 22:30:00,
30791,2023-11-17 22:45:00,
30792,2023-11-17 23:00:00,
30793,2023-11-17 23:15:00,
30794,2023-11-17 23:30:00,
30795,2023-11-17 23:45:00,
30796,2023-11-18 00:00:00,
30797,2023-11-18 00:15:00,
30798,2023-11-18 00:30:00,
30799,2023-11-18 00:45:00,
30800,2023-11-18 01:00:00,
30801,2023-11-18 01:15:00,
30802,2023-11-18 01:30:00,
30803,2023-11-18 01:45:00,
30804,2023-11-18 02:00:00,
30805,2023-11-18 02:15:00,
30806,2023-11-18 02:30:00,
30807,2023-11-18 02:45:00,
30808,2023-11-18 03:00:00,
30809,2023-11-18 03:15:00,
30810,2023-11-18 03:30:00,
30811,2023-11-18 03:45:00,
30812,2023-11-18 04:00:00,
30813,2023-11-18 04:15:00,
30814,2023-11-18 04:30:00,
30815,2023-11-18 04:45:00,
30816,2023-11-18 05:00:00,
30817,2023-11-18 05:15:00,
30818,2023-11-18 05:30:00,
30819,2023-11-18 05:45:00,
30820,2023-11-18 06:00:00,
30821,2023-11-18 06:15:00,
30822,2023-11-18 06:30:00,
30823,2023-11-18 06:45:00,
30824,2023-11-18 07:00:00,
30825,2023-11-18 07:15:00,
30826,2023-11-18 07:30:00,
30827,2023-11-18 07:45:00,
30828,2023-11-18 08:00:00,
30829,2023-11-18 08:15:00,
30830,2023-11-18 08:30:00,
30831,2023-11-18 08:45:00,
30832,2023-11-18 09:00:00,
30833,2023-11-18 09:15:00,
30834,2023-11-18 09:30:00,
30835,2023-11-18 09:45:00,
30836,2023-11-18 10:00:00,
30837,2023-11-18 10:15:00,
30838,2023-11-18 10:30:00,
30839,2023-11-18 10:45:00,
30840,2023-11-18 11:00:00,
30841,2023-11-18 11:15:00,
30842,2023-11-18 11:30:00,
30843,2023-11-18 11:45:00,
30844,2023-11-18 12:00:00,
30845,2023-11-18 12:15:00,
30846,2023-11-18 12:30:00,
30847,2023-11-18 12:45:00,
30848,2023-11-18 13:00:00,
30849,2023-11-18 13:15:00,
30850,2023-11-18 13:30:00,
30851,2023-11-18 13:45:00,
30852,2023-11-18 14:00:00,
30853,2023-11-18 14:15:00,
30854,2023-11-18 14:30:00,
30855,2023-11-18 14:45:00,
30856,2023-11-18 15:00:00,
30857,2023-11-18 15:15:00,
30858,2023-11-18 15:30:00,
30859,2023-11-18 15:45:00,
30860,2023-11-18 16:00:00,
30861,2023-11-18 16:15:00,
30862,2023-11-18 16:30:00,
30863,2023-11-18 16:45:00,
30864,2023-11-18 17:00:00,
30865,2023-11-18 17:15:00,
30866,2023-11-18 17:30:00,
30867,2023-11-18 17:45:00,
30868,2023-11-18 18:00:00,
30869,2023-11-18 18:15:00,
30870,2023-11-18 18:30:00,
30871,2023-11-18 18:45:00,
30872,2023-11-18 19:00:00,
30873,2023-11-18 19:15:00,
30874,2023-11-18 19:30:00,
30875,2023-11-18 19:45:00,
30876,2023-11-18 20:00:00,
30877,2023-11-18 20:15:00,
30878,2023-11-18 20:30:00,
30879,2023-11-18 20:45:00,
30880,2023-11-18 21:00:00,
30881,2023-11-18 21:15:00,
30882,2023-11-18 21:30:00,
30883,2023-11-18 21:45:00,
30884,2023-11-18 22:00:00,
30885,2023-11-18 22:15:00,
30886,2023-11-18 22:30:00,
30887,2023-11-18 22:45:00,
30888,2023-11-18 23:00:00,
30889,2023-11-18 23:15:00,
30890,2023-11-18 23:30:00,
30891,2023-11-18 23:45:00,
30892,2023-11-19 00:00:00,
30893,2023-11-19 00:15:00,
30894,2023-11-19 00:30:00,
30895,2023-11-19 00:45:00,
30896,2023-11-19 01:00:00,
30897,2023-11-19 01:15:00,
30898,2023-11-19 01:30:00,
30899,2023-11-19 01:45:00,
30900,2023-11-19 02:00:00,
30901,2023-11-19 02:15:00,
30902,2023-11-19 02:30:00,
30903,2023-11-19 02:45:00,
30904,2023-11-19 03:00:00,
30905,2023-11-19 03:15:00,
30906,2023-11-19 03:30:00,
30907,2023-11-19 03:45:00,
30908,2023-11-19 04:00:00,
30909,2023-11-19 04:15:00,
30910,2023-11-19 04:30:00,
30911,2023-11-19 04:45:00,
30912,2023-11-19 05:00:00,
30913,2023-11-19 05:15:00,
30914,2023-11-19 05:30:00,
30915,2023-11-19 05:45:00,
30916,2023-11-19 06:00:00,
30917,2023-11-19 06:15:00,
30918,2023-11-19 06:30:00,
30919,2023-11-19 06:45:00,
30920,2023-11-19 07:00:00,
30921,2023-11-19 07:15:00,
30922,2023-11-19 07:30:00,
30923,2023-11-19 07:45:00,
30924,2023-11-19 08:00:00,
30925,2023-11-19 08:15:00,
30926,2023-11-19 08:30:00,
30927,2023-11-19 08:45:00,
30928,2023-11-19 09:00:00,
30929,2023-11-19 09:15:00,
30930,2023-11-19 09:30:00,
30931,2023-11-19 09:45:00,
30932,2023-11-19 10:00:00,
30933,2023-11-19 10:15:00,
30934,2023-11-19 10:30:00,
30935,2023-11-19 10:45:00,
30936,2023-11-19 11:00:00,
30937,2023-11-19 11:15:00,
30938,2023-11-19 11:30:00,
30939,2023-11-19 11:45:00,
30940,2023-11-19 12:00:00,
30941,2023-11-19 12:15:00,
30942,2023-11-19 12:30:00,
30943,2023-11-19 12:45:00,
30944,2023-11-19 13:00:00,
30945,2023-11-19 13:15:00,
30946,2023-11-19 13:30:00,
30947,2023-11-19 13:45:00,
30948,2023-11-19 14:00:00,
30949,2023-11-19 14:15:00,
30950,2023-11-19 14:30:00,
30951,2023-11-19 14:45:00,
30952,2023-11-19 15:00:00,
30953,2023-11-19 15:15:00,
30954,2023-11-19 15:30:00,
30955,2023-11-19 15:45:00,
30956,2023-11-19 16:00:00,
30957,2023-11-19 16:15:00,
30958,2023-11-19 16:30:00,
30959,2023-11-19 16:45:00,
30960,2023-11-19 17:00:00,
30961,2023-11-19 17:15:00,
30962,2023-11-19 17:30:00,
30963,2023-11-19 17:45:00,
30964,2023-11-19 18:00:00,
30965,2023-11-19 18:15:00,
30966,2023-11-19 18:30:00,
30967,2023-11-19 18:45:00,
30968,2023-11-19 19:00:00,
30969,2023-11-19 19:15:00,
30970,2023-11-19 19:30:00,
30971,2023-11-19 19:45:00,
30972,2023-11-19 20:00:00,
30973,2023-11-19 20:15:00,
30974,2023-11-19 20:30:00,
30975,2023-11-19 20:45:00,
30976,2023-11-19 21:00:00,
30977,2023-11-19 21:15:00,
30978,2023-11-19 21:30:00,
30979,2023-11-19 21:45:00,
30980,2023-11-19 22:00:00,
30981,2023-11-19 22:15:00,
30982,2023-11-19 22:30:00,
30983,2023-11-19 22:45:00,
30984,2023-11-19 23:00:00,
30985,2023-11-19 23:15:00,
30986,2023-11-19 23:30:00,
30987,2023-11-19 23:45:00,
30988,2023-11-20 00:00:00,
30989,2023-11-20 00:15:00,
30990,2023-11-20 00:30:00,
30991,2023-11-20 00:45:00,
30992,2023-11-20 01:00:00,
30993,2023-11-20 01:15:00,
30994,2023-11-20 01:30:00,
30995,2023-11-20 01:45:00,
30996,2023-11-20 02:00:00,
30997,2023-11-20 02:15:00,
30998,2023-11-20 02:30:00,
30999,2023-11-20 02:45:00,
31000,2023-11-20 03:00:00,
31001,2023-11-20 03:15:00,
31002,2023-11-20 03:30:00,
31003,2023-11-20 03:45:00,
31004,2023-11-20 04:00:00,
31005,2023-11-20 04:15:00,
31006,2023-11-20 04:30:00,
31007,2023-11-20 04:45:00,
31008,2023-11-20 05:00:00,
31009,2023-11-20 05:15:00,
31010,2023-11-20 05:30:00,
31011,2023-11-20 05:45:00,
31012,2023-11-20 06:00:00,
31013,2023-11-20 06:15:00,
31014,2023-11-20 06:30:00,
31015,2023-11-20 06:45:00,
31016,2023-11-20 07:00:00,
31017,2023-11-20 07:15:00,
31018,2023-11-20 07:30:00,
31019,2023-11-20 07:45:00,
31020,2023-11-20 08:00:00,
31021,2023-11-20 08:15:00,
31022,2023-11-20 08:30:00,
31023,2023-11-20 08:45:00,
31024,2023-11-20 09:00:00,
31025,2023-11-20 09:15:00,
31026,2023-11-20 09:30:00,
31027,2023-11-20 09:45:00,
31028,2023-11-20 10:00:00,
31029,2023-11-20 10:15:00,
31030,2023-11-20 10:30:00,
31031,2023-11-20 10:45:00,
31032,2023-11-20 11:00:00,
31033,2023-11-20 11:15:00,
31034,2023-11-20 11:30:00,
31035,2023-11-20 11:45:00,
31036,2023-11-20 12:00:00,
31037,2023-11-20 12:15:00,
31038,2023-11-20 12:30:00,
31039,2023-11-20 12:45:00,
31040,2023-11-20 13:00:00,
31041,2023-11-20 13:15:00,
31042,2023-11-20 13:30:00,
31043,2023-11-20 13:45:00,
31044,2023-11-20 14:00:00,
31045,2023-11-20 14:15:00,
31046,2023-11-20 14:30:00,
31047,2023-11-20 14:45:00,
31048,2023-11-20 15:00:00,
31049,2023-11-20 15:15:00,
31050,2023-11-20 15:30:00,
31051,2023-11-20 15:45:00,
31052,2023-11-20 16:00:00,
31053,2023-11-20 16:15:00,
31054,2023-11-20 16:30:00,
31055,2023-11-20 16:45:00,
31056,2023-11-20 17:00:00,
31057,2023-11-20 17:15:00,
31058,2023-11-20 17:30:00,
31059,2023-11-20 17:45:00,
31060,2023-11-20 18:00:00,
31061,2023-11-20 18:15:00,
31062,2023-11-20 18:30:00,
31063,2023-11-20 18:45:00,
31064,2023-11-20 19:00:00,
31065,2023-11-20 19:15:00,
31066,2023-11-20 19:30:00,
31067,2023-11-20 19:45:00,
31068,2023-11-20 20:00:00,
31069,2023-11-20 20:15:00,
31070,2023-11-20 20:30:00,
31071,2023-11-20 20:45:00,
31072,2023-11-20 21:00:00,
31073,2023-11-20 21:15:00,
31074,2023-11-20 21:30:00,
31075,2023-11-20 21:45:00,
31076,2023-11-20 22:00:00,
31077,2023-11-20 22:15:00,
31078,2023-11-20 22:30:00,
31079,2023-11-20 22:45:00,
31080,2023-11-20 23:00:00,
31081,2023-11-20 23:15:00,
31082,2023-11-20 23:30:00,
31083,2023-11-20 23:45:00,
31084,2023-11-21 00:00:00,
31085,2023-11-21 00:15:00,
31086,2023-11-21 00:30:00,
31087,2023-11-21 00:45:00,
31088,2023-11-21 01:00:00,
31089,2023-11-21 01:15:00,
31090,2023-11-21 01:30:00,
31091,2023-11-21 01:45:00,
31092,2023-11-21 02:00:00,
31093,2023-11-21 02:15:00,
31094,2023-11-21 02:30:00,
31095,2023-11-21 02:45:00,
31096,2023-11-21 03:00:00,
31097,2023-11-21 03:15:00,
31098,2023-11-21 03:30:00,
31099,2023-11-21 03:45:00,
31100,2023-11-21 04:00:00,
31101,2023-11-21 04:15:00,
31102,2023-11-21 04:30:00,
31103,2023-11-21 04:45:00,
31104,2023-11-21 05:00:00,
31105,2023-11-21 05:15:00,
31106,2023-11-21 05:30:00,
31107,2023-11-21 05:45:00,
31108,2023-11-21 06:00:00,
31109,2023-11-21 06:15:00,
31110,2023-11-21 06:30:00,
31111,2023-11-21 06:45:00,
31112,2023-11-21 07:00:00,
31113,2023-11-21 07:15:00,
31114,2023-11-21 07:30:00,
31115,2023-11-21 07:45:00,
31116,2023-11-21 08:00:00,
31117,2023-11-21 08:15:00,
31118,2023-11-21 08:30:00,
31119,2023-11-21 08:45:00,
31120,2023-11-21 09:00:00,
31121,2023-11-21 09:15:00,
31122,2023-11-21 09:30:00,
31123,2023-11-21 09:45:00,
31124,2023-11-21 10:00:00,
31125,2023-11-21 10:15:00,
31126,2023-11-21 10:30:00,
31127,2023-11-21 10:45:00,
31128,2023-11-21 11:00:00,
31129,2023-11-21 11:15:00,
31130,2023-11-21 11:30:00,
31131,2023-11-21 11:45:00,
31132,2023-11-21 12:00:00,
31133,2023-11-21 12:15:00,
31134,2023-11-21 12:30:00,
31135,2023-11-21 12:45:00,
31136,2023-11-21 13:00:00,
31137,2023-11-21 13:15:00,
31138,2023-11-21 13:30:00,
31139,2023-11-21 13:45:00,
31140,2023-11-21 14:00:00,
31141,2023-11-21 14:15:00,
31142,2023-11-21 14:30:00,
31143,2023-11-21 14:45:00,
31144,2023-11-21 15:00:00,
31145,2023-11-21 15:15:00,
31146,2023-11-21 15:30:00,
31147,2023-11-21 15:45:00,
31148,2023-11-21 16:00:00,
31149,2023-11-21 16:15:00,
31150,2023-11-21 16:30:00,
31151,2023-11-21 16:45:00,
31152,2023-11-21 17:00:00,
31153,2023-11-21 17:15:00,
31154,2023-11-21 17:30:00,
31155,2023-11-21 17:45:00,
31156,2023-11-21 18:00:00,
31157,2023-11-21 18:15:00,
31158,2023-11-21 18:30:00,
31159,2023-11-21 18:45:00,
31160,2023-11-21 19:00:00,
31161,2023-11-21 19:15:00,
31162,2023-11-21 19:30:00,
31163,2023-11-21 19:45:00,
31164,2023-11-21 20:00:00,
31165,2023-11-21 20:15:00,
31166,2023-11-21 20:30:00,
31167,2023-11-21 20:45:00,
31168,2023-11-21 21:00:00,
31169,2023-11-21 21:15:00,
31170,2023-11-21 21:30:00,
31171,2023-11-21 21:45:00,
31172,2023-11-21 22:00:00,
31173,2023-11-21 22:15:00,
31174,2023-11-21 22:30:00,
31175,2023-11-21 22:45:00,
31176,2023-11-21 23:00:00,
31177,2023-11-21 23:15:00,
31178,2023-11-21 23:30:00,
31179,2023-11-21 23:45:00,
31180,2023-11-22 00:00:00,
31181,2023-11-22 00:15:00,
31182,2023-11-22 00:30:00,
31183,2023-11-22 00:45:00,
31184,2023-11-22 01:00:00,
31185,2023-11-22 01:15:00,
31186,2023-11-22 01:30:00,
31187,2023-11-22 01:45:00,
31188,2023-11-22 02:00:00,
31189,2023-11-22 02:15:00,
31190,2023-11-22 02:30:00,
31191,2023-11-22 02:45:00,
31192,2023-11-22 03:00:00,
31193,2023-11-22 03:15:00,
31194,2023-11-22 03:30:00,
31195,2023-11-22 03:45:00,
31196,2023-11-22 04:00:00,
31197,2023-11-22 04:15:00,
31198,2023-11-22 04:30:00,
31199,2023-11-22 04:45:00,
31200,2023-11-22 05:00:00,
31201,2023-11-22 05:15:00,
31202,2023-11-22 05:30:00,
31203,2023-11-22 05:45:00,
31204,2023-11-22 06:00:00,
31205,2023-11-22 06:15:00,
31206,2023-11-22 06:30:00,
31207,2023-11-22 06:45:00,
31208,2023-11-22 07:00:00,
31209,2023-11-22 07:15:00,
31210,2023-11-22 07:30:00,
31211,2023-11-22 07:45:00,
31212,2023-11-22 08:00:00,
31213,2023-11-22 08:15:00,
31214,2023-11-22 08:30:00,
31215,2023-11-22 08:45:00,
31216,2023-11-22 09:00:00,
31217,2023-11-22 09:15:00,
31218,2023-11-22 09:30:00,
31219,2023-11-22 09:45:00,
31220,2023-11-22 10:00:00,
31221,2023-11-22 10:15:00,
31222,2023-11-22 10:30:00,
31223,2023-11-22 10:45:00,
31224,2023-11-22 11:00:00,
31225,2023-11-22 11:15:00,
31226,2023-11-22 11:30:00,
31227,2023-11-22 11:45:00,
31228,2023-11-22 12:00:00,
31229,2023-11-22 12:15:00,
31230,2023-11-22 12:30:00,
31231,2023-11-22 12:45:00,
31232,2023-11-22 13:00:00,
31233,2023-11-22 13:15:00,
31234,2023-11-22 13:30:00,
31235,2023-11-22 13:45:00,
31236,2023-11-22 14:00:00,
31237,2023-11-22 14:15:00,
31238,2023-11-22 14:30:00,
31239,2023-11-22 14:45:00,
31240,2023-11-22 15:00:00,
31241,2023-11-22 15:15:00,
31242,2023-11-22 15:30:00,
31243,2023-11-22 15:45:00,
31244,2023-11-22 16:00:00,
31245,2023-11-22 16:15:00,
31246,2023-11-22 16:30:00,
31247,2023-11-22 16:45:00,
31248,2023-11-22 17:00:00,
31249,2023-11-22 17:15:00,
31250,2023-11-22 17:30:00,
31251,2023-11-22 17:45:00,
31252,2023-11-22 18:00:00,
31253,2023-11-22 18:15:00,
31254,2023-11-22 18:30:00,
31255,2023-11-22 18:45:00,
31256,2023-11-22 19:00:00,
31257,2023-11-22 19:15:00,
31258,2023-11-22 19:30:00,
31259,2023-11-22 19:45:00,
31260,2023-11-22 20:00:00,
31261,2023-11-22 20:15:00,
31262,2023-11-22 20:30:00,
31263,2023-11-22 20:45:00,
31264,2023-11-22 21:00:00,
31265,2023-11-22 21:15:00,
31266,2023-11-22 21:30:00,
31267,2023-11-22 21:45:00,
31268,2023-11-22 22:00:00,
31269,2023-11-22 22:15:00,
31270,2023-11-22 22:30:00,
31271,2023-11-22 22:45:00,
31272,2023-11-22 23:00:00,
31273,2023-11-22 23:15:00,
31274,2023-11-22 23:30:00,
31275,2023-11-22 23:45:00,
31276,2023-11-23 00:00:00,
31277,2023-11-23 00:15:00,
31278,2023-11-23 00:30:00,
31279,2023-11-23 00:45:00,
31280,2023-11-23 01:00:00,
31281,2023-11-23 01:15:00,
31282,2023-11-23 01:30:00,
31283,2023-11-23 01:45:00,
31284,2023-11-23 02:00:00,
31285,2023-11-23 02:15:00,
31286,2023-11-23 02:30:00,
31287,2023-11-23 02:45:00,
31288,2023-11-23 03:00:00,
31289,2023-11-23 03:15:00,
31290,2023-11-23 03:30:00,
31291,2023-11-23 03:45:00,
31292,2023-11-23 04:00:00,
31293,2023-11-23 04:15:00,
31294,2023-11-23 04:30:00,
31295,2023-11-23 04:45:00,
31296,2023-11-23 05:00:00,
31297,2023-11-23 05:15:00,
31298,2023-11-23 05:30:00,
31299,2023-11-23 05:45:00,
31300,2023-11-23 06:00:00,
31301,2023-11-23 06:15:00,
31302,2023-11-23 06:30:00,
31303,2023-11-23 06:45:00,
31304,2023-11-23 07:00:00,
31305,2023-11-23 07:15:00,
31306,2023-11-23 07:30:00,
31307,2023-11-23 07:45:00,
31308,2023-11-23 08:00:00,
31309,2023-11-23 08:15:00,
31310,2023-11-23 08:30:00,
31311,2023-11-23 08:45:00,
31312,2023-11-23 09:00:00,
31313,2023-11-23 09:15:00,
31314,2023-11-23 09:30:00,
31315,2023-11-23 09:45:00,
31316,2023-11-23 10:00:00,
31317,2023-11-23 10:15:00,
31318,2023-11-23 10:30:00,
31319,2023-11-23 10:45:00,
31320,2023-11-23 11:00:00,
31321,2023-11-23 11:15:00,
31322,2023-11-23 11:30:00,
31323,2023-11-23 11:45:00,
31324,2023-11-23 12:00:00,
31325,2023-11-23 12:15:00,
31326,2023-11-23 12:30:00,
31327,2023-11-23 12:45:00,
31328,2023-11-23 13:00:00,
31329,2023-11-23 13:15:00,
31330,2023-11-23 13:30:00,
31331,2023-11-23 13:45:00,
31332,2023-11-23 14:00:00,
31333,2023-11-23 14:15:00,
31334,2023-11-23 14:30:00,
31335,2023-11-23 14:45:00,
31336,2023-11-23 15:00:00,
31337,2023-11-23 15:15:00,
31338,2023-11-23 15:30:00,
31339,2023-11-23 15:45:00,
31340,2023-11-23 16:00:00,
31341,2023-11-23 16:15:00,
31342,2023-11-23 16:30:00,
31343,2023-11-23 16:45:00,
31344,2023-11-23 17:00:00,
31345,2023-11-23 17:15:00,
31346,2023-11-23 17:30:00,
31347,2023-11-23 17:45:00,
31348,2023-11-23 18:00:00,
31349,2023-11-23 18:15:00,
31350,2023-11-23 18:30:00,
31351,2023-11-23 18:45:00,
31352,2023-11-23 19:00:00,
31353,2023-11-23 19:15:00,
31354,2023-11-23 19:30:00,
31355,2023-11-23 19:45:00,
31356,2023-11-23 20:00:00,
31357,2023-11-23 20:15:00,
31358,2023-11-23 20:30:00,
31359,2023-11-23 20:45:00,
31360,2023-11-23 21:00:00,
31361,2023-11-23 21:15:00,
31362,2023-11-23 21:30:00,
31363,2023-11-23 21:45:00,
31364,2023-11-23 22:00:00,
31365,2023-11-23 22:15:00,
31366,2023-11-23 22:30:00,
31367,2023-11-23 22:45:00,
31368,2023-11-23 23:00:00,
31369,2023-11-23 23:15:00,
31370,2023-11-23 23:30:00,
31371,2023-11-23 23:45:00,
31372,2023-11-24 00:00:00,
31373,2023-11-24 00:15:00,
31374,2023-11-24 00:30:00,
31375,2023-11-24 00:45:00,
31376,2023-11-24 01:00:00,
31377,2023-11-24 01:15:00,
31378,2023-11-24 01:30:00,
31379,2023-11-24 01:45:00,
31380,2023-11-24 02:00:00,
31381,2023-11-24 02:15:00,
31382,2023-11-24 02:30:00,
31383,2023-11-24 02:45:00,
31384,2023-11-24 03:00:00,
31385,2023-11-24 03:15:00,
31386,2023-11-24 03:30:00,
31387,2023-11-24 03:45:00,
31388,2023-11-24 04:00:00,
31389,2023-11-24 04:15:00,
31390,2023-11-24 04:30:00,
31391,2023-11-24 04:45:00,
31392,2023-11-24 05:00:00,
31393,2023-11-24 05:15:00,
31394,2023-11-24 05:30:00,
31395,2023-11-24 05:45:00,
31396,2023-11-24 06:00:00,
31397,2023-11-24 06:15:00,
31398,2023-11-24 06:30:00,
31399,2023-11-24 06:45:00,
31400,2023-11-24 07:00:00,
31401,2023-11-24 07:15:00,
31402,2023-11-24 07:30:00,
31403,2023-11-24 07:45:00,
31404,2023-11-24 08:00:00,
31405,2023-11-24 08:15:00,
31406,2023-11-24 08:30:00,
31407,2023-11-24 08:45:00,
31408,2023-11-24 09:00:00,
31409,2023-11-24 09:15:00,
31410,2023-11-24 09:30:00,
31411,2023-11-24 09:45:00,
31412,2023-11-24 10:00:00,
31413,2023-11-24 10:15:00,
31414,2023-11-24 10:30:00,
31415,2023-11-24 10:45:00,
31416,2023-11-24 11:00:00,
31417,2023-11-24 11:15:00,
31418,2023-11-24 11:30:00,
31419,2023-11-24 11:45:00,
31420,2023-11-24 12:00:00,
31421,2023-11-24 12:15:00,
31422,2023-11-24 12:30:00,
31423,2023-11-24 12:45:00,
31424,2023-11-24 13:00:00,
31425,2023-11-24 13:15:00,
31426,2023-11-24 13:30:00,
31427,2023-11-24 13:45:00,
31428,2023-11-24 14:00:00,
31429,2023-11-24 14:15:00,
31430,2023-11-24 14:30:00,
31431,2023-11-24 14:45:00,
31432,2023-11-24 15:00:00,
31433,2023-11-24 15:15:00,
31434,2023-11-24 15:30:00,
31435,2023-11-24 15:45:00,
31436,2023-11-24 16:00:00,
31437,2023-11-24 16:15:00,
31438,2023-11-24 16:30:00,
31439,2023-11-24 16:45:00,
31440,2023-11-24 17:00:00,
31441,2023-11-24 17:15:00,
31442,2023-11-24 17:30:00,
31443,2023-11-24 17:45:00,
31444,2023-11-24 18:00:00,
31445,2023-11-24 18:15:00,
31446,2023-11-24 18:30:00,
31447,2023-11-24 18:45:00,
31448,2023-11-24 19:00:00,
31449,2023-11-24 19:15:00,
31450,2023-11-24 19:30:00,
31451,2023-11-24 19:45:00,
31452,2023-11-24 20:00:00,
31453,2023-11-24 20:15:00,
31454,2023-11-24 20:30:00,
31455,2023-11-24 20:45:00,
31456,2023-11-24 21:00:00,
31457,2023-11-24 21:15:00,
31458,2023-11-24 21:30:00,
31459,2023-11-24 21:45:00,
31460,2023-11-24 22:00:00,
31461,2023-11-24 22:15:00,
31462,2023-11-24 22:30:00,
31463,2023-11-24 22:45:00,
31464,2023-11-24 23:00:00,
31465,2023-11-24 23:15:00,
31466,2023-11-24 23:30:00,
31467,2023-11-24 23:45:00,
31468,2023-11-25 00:00:00,
31469,2023-11-25 00:15:00,
31470,2023-11-25 00:30:00,
31471,2023-11-25 00:45:00,
31472,2023-11-25 01:00:00,
31473,2023-11-25 01:15:00,
31474,2023-11-25 01:30:00,
31475,2023-11-25 01:45:00,
31476,2023-11-25 02:00:00,
31477,2023-11-25 02:15:00,
31478,2023-11-25 02:30:00,
31479,2023-11-25 02:45:00,
31480,2023-11-25 03:00:00,
31481,2023-11-25 03:15:00,
31482,2023-11-25 03:30:00,
31483,2023-11-25 03:45:00,
31484,2023-11-25 04:00:00,
31485,2023-11-25 04:15:00,
31486,2023-11-25 04:30:00,
31487,2023-11-25 04:45:00,
31488,2023-11-25 05:00:00,
31489,2023-11-25 05:15:00,
31490,2023-11-25 05:30:00,
31491,2023-11-25 05:45:00,
31492,2023-11-25 06:00:00,
31493,2023-11-25 06:15:00,
31494,2023-11-25 06:30:00,
31495,2023-11-25 06:45:00,
31496,2023-11-25 07:00:00,
31497,2023-11-25 07:15:00,
31498,2023-11-25 07:30:00,
31499,2023-11-25 07:45:00,
31500,2023-11-25 08:00:00,
31501,2023-11-25 08:15:00,
31502,2023-11-25 08:30:00,
31503,2023-11-25 08:45:00,
31504,2023-11-25 09:00:00,
31505,2023-11-25 09:15:00,
31506,2023-11-25 09:30:00,
31507,2023-11-25 09:45:00,
31508,2023-11-25 10:00:00,
31509,2023-11-25 10:15:00,
31510,2023-11-25 10:30:00,
31511,2023-11-25 10:45:00,
31512,2023-11-25 11:00:00,
31513,2023-11-25 11:15:00,
31514,2023-11-25 11:30:00,
31515,2023-11-25 11:45:00,
31516,2023-11-25 12:00:00,
31517,2023-11-25 12:15:00,
31518,2023-11-25 12:30:00,
31519,2023-11-25 12:45:00,
31520,2023-11-25 13:00:00,
31521,2023-11-25 13:15:00,
31522,2023-11-25 13:30:00,
31523,2023-11-25 13:45:00,
31524,2023-11-25 14:00:00,
31525,2023-11-25 14:15:00,
31526,2023-11-25 14:30:00,
31527,2023-11-25 14:45:00,
31528,2023-11-25 15:00:00,
31529,2023-11-25 15:15:00,
31530,2023-11-25 15:30:00,
31531,2023-11-25 15:45:00,
31532,2023-11-25 16:00:00,
31533,2023-11-25 16:15:00,
31534,2023-11-25 16:30:00,
31535,2023-11-25 16:45:00,
31536,2023-11-25 17:00:00,
31537,2023-11-25 17:15:00,
31538,2023-11-25 17:30:00,
31539,2023-11-25 17:45:00,
31540,2023-11-25 18:00:00,
31541,2023-11-25 18:15:00,
31542,2023-11-25 18:30:00,
31543,2023-11-25 18:45:00,
31544,2023-11-25 19:00:00,
31545,2023-11-25 19:15:00,
31546,2023-11-25 19:30:00,
31547,2023-11-25 19:45:00,
31548,2023-11-25 20:00:00,
31549,2023-11-25 20:15:00,
31550,2023-11-25 20:30:00,
31551,2023-11-25 20:45:00,
31552,2023-11-25 21:00:00,
31553,2023-11-25 21:15:00,
31554,2023-11-25 21:30:00,
31555,2023-11-25 21:45:00,
31556,2023-11-25 22:00:00,
31557,2023-11-25 22:15:00,
31558,2023-11-25 22:30:00,
31559,2023-11-25 22:45:00,
31560,2023-11-25 23:00:00,
31561,2023-11-25 23:15:00,
31562,2023-11-25 23:30:00,
31563,2023-11-25 23:45:00,
31564,2023-11-26 00:00:00,
31565,2023-11-26 00:15:00,
31566,2023-11-26 00:30:00,
31567,2023-11-26 00:45:00,
31568,2023-11-26 01:00:00,
31569,2023-11-26 01:15:00,
31570,2023-11-26 01:30:00,
31571,2023-11-26 01:45:00,
31572,2023-11-26 02:00:00,
31573,2023-11-26 02:15:00,
31574,2023-11-26 02:30:00,
31575,2023-11-26 02:45:00,
31576,2023-11-26 03:00:00,
31577,2023-11-26 03:15:00,
31578,2023-11-26 03:30:00,
31579,2023-11-26 03:45:00,
31580,2023-11-26 04:00:00,
31581,2023-11-26 04:15:00,
31582,2023-11-26 04:30:00,
31583,2023-11-26 04:45:00,
31584,2023-11-26 05:00:00,
31585,2023-11-26 05:15:00,
31586,2023-11-26 05:30:00,
31587,2023-11-26 05:45:00,
31588,2023-11-26 06:00:00,
31589,2023-11-26 06:15:00,
31590,2023-11-26 06:30:00,
31591,2023-11-26 06:45:00,
31592,2023-11-26 07:00:00,
31593,2023-11-26 07:15:00,
31594,2023-11-26 07:30:00,
31595,2023-11-26 07:45:00,
31596,2023-11-26 08:00:00,
31597,2023-11-26 08:15:00,
31598,2023-11-26 08:30:00,
31599,2023-11-26 08:45:00,
31600,2023-11-26 09:00:00,
31601,2023-11-26 09:15:00,
31602,2023-11-26 09:30:00,
31603,2023-11-26 09:45:00,
31604,2023-11-26 10:00:00,
31605,2023-11-26 10:15:00,
31606,2023-11-26 10:30:00,
31607,2023-11-26 10:45:00,
31608,2023-11-26 11:00:00,
31609,2023-11-26 11:15:00,
31610,2023-11-26 11:30:00,
31611,2023-11-26 11:45:00,
31612,2023-11-26 12:00:00,
31613,2023-11-26 12:15:00,
31614,2023-11-26 12:30:00,
31615,2023-11-26 12:45:00,
31616,2023-11-26 13:00:00,
31617,2023-11-26 13:15:00,
31618,2023-11-26 13:30:00,
31619,2023-11-26 13:45:00,
31620,2023-11-26 14:00:00,
31621,2023-11-26 14:15:00,
31622,2023-11-26 14:30:00,
31623,2023-11-26 14:45:00,
31624,2023-11-26 15:00:00,
31625,2023-11-26 15:15:00,
31626,2023-11-26 15:30:00,
31627,2023-11-26 15:45:00,
31628,2023-11-26 16:00:00,
31629,2023-11-26 16:15:00,
31630,2023-11-26 16:30:00,
31631,2023-11-26 16:45:00,
31632,2023-11-26 17:00:00,
31633,2023-11-26 17:15:00,
31634,2023-11-26 17:30:00,
31635,2023-11-26 17:45:00,
31636,2023-11-26 18:00:00,
31637,2023-11-26 18:15:00,
31638,2023-11-26 18:30:00,
31639,2023-11-26 18:45:00,
31640,2023-11-26 19:00:00,
31641,2023-11-26 19:15:00,
31642,2023-11-26 19:30:00,
31643,2023-11-26 19:45:00,
31644,2023-11-26 20:00:00,
31645,2023-11-26 20:15:00,
31646,2023-11-26 20:30:00,
31647,2023-11-26 20:45:00,
31648,2023-11-26 21:00:00,
31649,2023-11-26 21:15:00,
31650,2023-11-26 21:30:00,
31651,2023-11-26 21:45:00,
31652,2023-11-26 22:00:00,
31653,2023-11-26 22:15:00,
31654,2023-11-26 22:30:00,
31655,2023-11-26 22:45:00,
31656,2023-11-26 23:00:00,
31657,2023-11-26 23:15:00,
31658,2023-11-26 23:30:00,
31659,2023-11-26 23:45:00,
31660,2023-11-27 00:00:00,
31661,2023-11-27 00:15:00,
31662,2023-11-27 00:30:00,
31663,2023-11-27 00:45:00,
31664,2023-11-27 01:00:00,
31665,2023-11-27 01:15:00,
31666,2023-11-27 01:30:00,
31667,2023-11-27 01:45:00,
31668,2023-11-27 02:00:00,
31669,2023-11-27 02:15:00,
31670,2023-11-27 02:30:00,
31671,2023-11-27 02:45:00,
31672,2023-11-27 03:00:00,
31673,2023-11-27 03:15:00,
31674,2023-11-27 03:30:00,
31675,2023-11-27 03:45:00,
31676,2023-11-27 04:00:00,
31677,2023-11-27 04:15:00,
31678,2023-11-27 04:30:00,
31679,2023-11-27 04:45:00,
31680,2023-11-27 05:00:00,
31681,2023-11-27 05:15:00,
31682,2023-11-27 05:30:00,
31683,2023-11-27 05:45:00,
31684,2023-11-27 06:00:00,
31685,2023-11-27 06:15:00,
31686,2023-11-27 06:30:00,
31687,2023-11-27 06:45:00,
31688,2023-11-27 07:00:00,
31689,2023-11-27 07:15:00,
31690,2023-11-27 07:30:00,
31691,2023-11-27 07:45:00,
31692,2023-11-27 08:00:00,
31693,2023-11-27 08:15:00,
31694,2023-11-27 08:30:00,
31695,2023-11-27 08:45:00,
31696,2023-11-27 09:00:00,
31697,2023-11-27 09:15:00,
31698,2023-11-27 09:30:00,
31699,2023-11-27 09:45:00,
31700,2023-11-27 10:00:00,
31701,2023-11-27 10:15:00,
31702,2023-11-27 10:30:00,
31703,2023-11-27 10:45:00,
31704,2023-11-27 11:00:00,
31705,2023-11-27 11:15:00,
31706,2023-11-27 11:30:00,
31707,2023-11-27 11:45:00,
31708,2023-11-27 12:00:00,
31709,2023-11-27 12:15:00,
31710,2023-11-27 12:30:00,
31711,2023-11-27 12:45:00,
31712,2023-11-27 13:00:00,
31713,2023-11-27 13:15:00,
31714,2023-11-27 13:30:00,
31715,2023-11-27 13:45:00,
31716,2023-11-27 14:00:00,
31717,2023-11-27 14:15:00,
31718,2023-11-27 14:30:00,
31719,2023-11-27 14:45:00,
31720,2023-11-27 15:00:00,
31721,2023-11-27 15:15:00,
31722,2023-11-27 15:30:00,
31723,2023-11-27 15:45:00,
31724,2023-11-27 16:00:00,
31725,2023-11-27 16:15:00,
31726,2023-11-27 16:30:00,
31727,2023-11-27 16:45:00,
31728,2023-11-27 17:00:00,
31729,2023-11-27 17:15:00,
31730,2023-11-27 17:30:00,
31731,2023-11-27 17:45:00,
31732,2023-11-27 18:00:00,
31733,2023-11-27 18:15:00,
31734,2023-11-27 18:30:00,
31735,2023-11-27 18:45:00,
31736,2023-11-27 19:00:00,
31737,2023-11-27 19:15:00,
31738,2023-11-27 19:30:00,
31739,2023-11-27 19:45:00,
31740,2023-11-27 20:00:00,
31741,2023-11-27 20:15:00,
31742,2023-11-27 20:30:00,
31743,2023-11-27 20:45:00,
31744,2023-11-27 21:00:00,
31745,2023-11-27 21:15:00,
31746,2023-11-27 21:30:00,
31747,2023-11-27 21:45:00,
31748,2023-11-27 22:00:00,
31749,2023-11-27 22:15:00,
31750,2023-11-27 22:30:00,
31751,2023-11-27 22:45:00,
31752,2023-11-27 23:00:00,
31753,2023-11-27 23:15:00,
31754,2023-11-27 23:30:00,
31755,2023-11-27 23:45:00,
31756,2023-11-28 00:00:00,
31757,2023-11-28 00:15:00,
31758,2023-11-28 00:30:00,
31759,2023-11-28 00:45:00,
31760,2023-11-28 01:00:00,
31761,2023-11-28 01:15:00,
31762,2023-11-28 01:30:00,
31763,2023-11-28 01:45:00,
31764,2023-11-28 02:00:00,
31765,2023-11-28 02:15:00,
31766,2023-11-28 02:30:00,
31767,2023-11-28 02:45:00,
31768,2023-11-28 03:00:00,
31769,2023-11-28 03:15:00,
31770,2023-11-28 03:30:00,
31771,2023-11-28 03:45:00,
31772,2023-11-28 04:00:00,
31773,2023-11-28 04:15:00,
31774,2023-11-28 04:30:00,
31775,2023-11-28 04:45:00,
31776,2023-11-28 05:00:00,
31777,2023-11-28 05:15:00,
31778,2023-11-28 05:30:00,
31779,2023-11-28 05:45:00,
31780,2023-11-28 06:00:00,
31781,2023-11-28 06:15:00,
31782,2023-11-28 06:30:00,
31783,2023-11-28 06:45:00,
31784,2023-11-28 07:00:00,
31785,2023-11-28 07:15:00,
31786,2023-11-28 07:30:00,
31787,2023-11-28 07:45:00,
31788,2023-11-28 08:00:00,
31789,2023-11-28 08:15:00,
31790,2023-11-28 08:30:00,
31791,2023-11-28 08:45:00,
31792,2023-11-28 09:00:00,
31793,2023-11-28 09:15:00,
31794,2023-11-28 09:30:00,
31795,2023-11-28 09:45:00,
31796,2023-11-28 10:00:00,
31797,2023-11-28 10:15:00,
31798,2023-11-28 10:30:00,
31799,2023-11-28 10:45:00,
31800,2023-11-28 11:00:00,
31801,2023-11-28 11:15:00,
31802,2023-11-28 11:30:00,
31803,2023-11-28 11:45:00,
31804,2023-11-28 12:00:00,
31805,2023-11-28 12:15:00,
31806,2023-11-28 12:30:00,
31807,2023-11-28 12:45:00,
31808,2023-11-28 13:00:00,
31809,2023-11-28 13:15:00,
31810,2023-11-28 13:30:00,
31811,2023-11-28 13:45:00,
31812,2023-11-28 14:00:00,
31813,2023-11-28 14:15:00,
31814,2023-11-28 14:30:00,
31815,2023-11-28 14:45:00,
31816,2023-11-28 15:00:00,
31817,2023-11-28 15:15:00,
31818,2023-11-28 15:30:00,
31819,2023-11-28 15:45:00,
31820,2023-11-28 16:00:00,
31821,2023-11-28 16:15:00,
31822,2023-11-28 16:30:00,
31823,2023-11-28 16:45:00,
31824,2023-11-28 17:00:00,
31825,2023-11-28 17:15:00,
31826,2023-11-28 17:30:00,
31827,2023-11-28 17:45:00,
31828,2023-11-28 18:00:00,
31829,2023-11-28 18:15:00,
31830,2023-11-28 18:30:00,
31831,2023-11-28 18:45:00,
31832,2023-11-28 19:00:00,
31833,2023-11-28 19:15:00,
31834,2023-11-28 19:30:00,
31835,2023-11-28 19:45:00,
31836,2023-11-28 20:00:00,
31837,2023-11-28 20:15:00,
31838,2023-11-28 20:30:00,
31839,2023-11-28 20:45:00,
31840,2023-11-28 21:00:00,
31841,2023-11-28 21:15:00,
31842,2023-11-28 21:30:00,
31843,2023-11-28 21:45:00,
31844,2023-11-28 22:00:00,
31845,2023-11-28 22:15:00,
31846,2023-11-28 22:30:00,
31847,2023-11-28 22:45:00,
31848,2023-11-28 23:00:00,
31849,2023-11-28 23:15:00,
31850,2023-11-28 23:30:00,
31851,2023-11-28 23:45:00,
31852,2023-11-29 00:00:00,
31853,2023-11-29 00:15:00,
31854,2023-11-29 00:30:00,
31855,2023-11-29 00:45:00,
31856,2023-11-29 01:00:00,
31857,2023-11-29 01:15:00,
31858,2023-11-29 01:30:00,
31859,2023-11-29 01:45:00,
31860,2023-11-29 02:00:00,
31861,2023-11-29 02:15:00,
31862,2023-11-29 02:30:00,
31863,2023-11-29 02:45:00,
31864,2023-11-29 03:00:00,
31865,2023-11-29 03:15:00,
31866,2023-11-29 03:30:00,
31867,2023-11-29 03:45:00,
31868,2023-11-29 04:00:00,
31869,2023-11-29 04:15:00,
31870,2023-11-29 04:30:00,
31871,2023-11-29 04:45:00,
31872,2023-11-29 05:00:00,
31873,2023-11-29 05:15:00,
31874,2023-11-29 05:30:00,
31875,2023-11-29 05:45:00,
31876,2023-11-29 06:00:00,
31877,2023-11-29 06:15:00,
31878,2023-11-29 06:30:00,
31879,2023-11-29 06:45:00,
31880,2023-11-29 07:00:00,
31881,2023-11-29 07:15:00,
31882,2023-11-29 07:30:00,
31883,2023-11-29 07:45:00,
31884,2023-11-29 08:00:00,
31885,2023-11-29 08:15:00,
31886,2023-11-29 08:30:00,
31887,2023-11-29 08:45:00,
31888,2023-11-29 09:00:00,
31889,2023-11-29 09:15:00,
31890,2023-11-29 09:30:00,
31891,2023-11-29 09:45:00,
31892,2023-11-29 10:00:00,
31893,2023-11-29 10:15:00,
31894,2023-11-29 10:30:00,
31895,2023-11-29 10:45:00,
31896,2023-11-29 11:00:00,
31897,2023-11-29 11:15:00,
31898,2023-11-29 11:30:00,
31899,2023-11-29 11:45:00,
31900,2023-11-29 12:00:00,
31901,2023-11-29 12:15:00,
31902,2023-11-29 12:30:00,
31903,2023-11-29 12:45:00,
31904,2023-11-29 13:00:00,
31905,2023-11-29 13:15:00,
31906,2023-11-29 13:30:00,
31907,2023-11-29 13:45:00,
31908,2023-11-29 14:00:00,
31909,2023-11-29 14:15:00,
31910,2023-11-29 14:30:00,
31911,2023-11-29 14:45:00,
31912,2023-11-29 15:00:00,
31913,2023-11-29 15:15:00,
31914,2023-11-29 15:30:00,
31915,2023-11-29 15:45:00,
31916,2023-11-29 16:00:00,
31917,2023-11-29 16:15:00,
31918,2023-11-29 16:30:00,
31919,2023-11-29 16:45:00,
31920,2023-11-29 17:00:00,
31921,2023-11-29 17:15:00,
31922,2023-11-29 17:30:00,
31923,2023-11-29 17:45:00,
31924,2023-11-29 18:00:00,
31925,2023-11-29 18:15:00,
31926,2023-11-29 18:30:00,
31927,2023-11-29 18:45:00,
31928,2023-11-29 19:00:00,
31929,2023-11-29 19:15:00,
31930,2023-11-29 19:30:00,
31931,2023-11-29 19:45:00,
31932,2023-11-29 20:00:00,
31933,2023-11-29 20:15:00,
31934,2023-11-29 20:30:00,
31935,2023-11-29 20:45:00,
31936,2023-11-29 21:00:00,
31937,2023-11-29 21:15:00,
31938,2023-11-29 21:30:00,
31939,2023-11-29 21:45:00,
31940,2023-11-29 22:00:00,
31941,2023-11-29 22:15:00,
31942,2023-11-29 22:30:00,
31943,2023-11-29 22:45:00,
31944,2023-11-29 23:00:00,
31945,2023-11-29 23:15:00,
31946,2023-11-29 23:30:00,
31947,2023-11-29 23:45:00,
31948,2023-11-30 00:00:00,
31949,2023-11-30 00:15:00,
31950,2023-11-30 00:30:00,
31951,2023-11-30 00:45:00,
31952,2023-11-30 01:00:00,
31953,2023-11-30 01:15:00,
31954,2023-11-30 01:30:00,
31955,2023-11-30 01:45:00,
31956,2023-11-30 02:00:00,
31957,2023-11-30 02:15:00,
31958,2023-11-30 02:30:00,
31959,2023-11-30 02:45:00,
31960,2023-11-30 03:00:00,
31961,2023-11-30 03:15:00,
31962,2023-11-30 03:30:00,
31963,2023-11-30 03:45:00,
31964,2023-11-30 04:00:00,
31965,2023-11-30 04:15:00,
31966,2023-11-30 04:30:00,
31967,2023-11-30 04:45:00,
31968,2023-11-30 05:00:00,
31969,2023-11-30 05:15:00,
31970,2023-11-30 05:30:00,
31971,2023-11-30 05:45:00,
31972,2023-11-30 06:00:00,
31973,2023-11-30 06:15:00,
31974,2023-11-30 06:30:00,
31975,2023-11-30 06:45:00,
31976,2023-11-30 07:00:00,
31977,2023-11-30 07:15:00,
31978,2023-11-30 07:30:00,
31979,2023-11-30 07:45:00,
31980,2023-11-30 08:00:00,
31981,2023-11-30 08:15:00,
31982,2023-11-30 08:30:00,
31983,2023-11-30 08:45:00,
31984,2023-11-30 09:00:00,
31985,2023-11-30 09:15:00,
31986,2023-11-30 09:30:00,
31987,2023-11-30 09:45:00,
31988,2023-11-30 10:00:00,
31989,2023-11-30 10:15:00,
31990,2023-11-30 10:30:00,
31991,2023-11-30 10:45:00,
31992,2023-11-30 11:00:00,
31993,2023-11-30 11:15:00,
31994,2023-11-30 11:30:00,
31995,2023-11-30 11:45:00,
31996,2023-11-30 12:00:00,
31997,2023-11-30 12:15:00,
31998,2023-11-30 12:30:00,
31999,2023-11-30 12:45:00,
32000,2023-11-30 13:00:00,
32001,2023-11-30 13:15:00,
32002,2023-11-30 13:30:00,
32003,2023-11-30 13:45:00,
32004,2023-11-30 14:00:00,
32005,2023-11-30 14:15:00,
32006,2023-11-30 14:30:00,
32007,2023-11-30 14:45:00,
32008,2023-11-30 15:00:00,
32009,2023-11-30 15:15:00,
32010,2023-11-30 15:30:00,
32011,2023-11-30 15:45:00,
32012,2023-11-30 16:00:00,
32013,2023-11-30 16:15:00,
32014,2023-11-30 16:30:00,
32015,2023-11-30 16:45:00,
32016,2023-11-30 17:00:00,
32017,2023-11-30 17:15:00,
32018,2023-11-30 17:30:00,
32019,2023-11-30 17:45:00,
32020,2023-11-30 18:00:00,
32021,2023-11-30 18:15:00,
32022,2023-11-30 18:30:00,
32023,2023-11-30 18:45:00,
32024,2023-11-30 19:00:00,
32025,2023-11-30 19:15:00,
32026,2023-11-30 19:30:00,
32027,2023-11-30 19:45:00,
32028,2023-11-30 20:00:00,
32029,2023-11-30 20:15:00,
32030,2023-11-30 20:30:00,
32031,2023-11-30 20:45:00,
32032,2023-11-30 21:00:00,
32033,2023-11-30 21:15:00,
32034,2023-11-30 21:30:00,
32035,2023-11-30 21:45:00,
32036,2023-11-30 22:00:00,
32037,2023-11-30 22:15:00,
32038,2023-11-30 22:30:00,
32039,2023-11-30 22:45:00,
32040,2023-11-30 23:00:00,
32041,2023-11-30 23:15:00,
32042,2023-11-30 23:30:00,
32043,2023-11-30 23:45:00,
32044,2023-12-01 00:00:00,
32045,2023-12-01 00:15:00,
32046,2023-12-01 00:30:00,
32047,2023-12-01 00:45:00,
32048,2023-12-01 01:00:00,
32049,2023-12-01 01:15:00,
32050,2023-12-01 01:30:00,
32051,2023-12-01 01:45:00,
32052,2023-12-01 02:00:00,
32053,2023-12-01 02:15:00,
32054,2023-12-01 02:30:00,
32055,2023-12-01 02:45:00,
32056,2023-12-01 03:00:00,
32057,2023-12-01 03:15:00,
32058,2023-12-01 03:30:00,
32059,2023-12-01 03:45:00,
32060,2023-12-01 04:00:00,
32061,2023-12-01 04:15:00,
32062,2023-12-01 04:30:00,
32063,2023-12-01 04:45:00,
32064,2023-12-01 05:00:00,
32065,2023-12-01 05:15:00,
32066,2023-12-01 05:30:00,
32067,2023-12-01 05:45:00,
32068,2023-12-01 06:00:00,
32069,2023-12-01 06:15:00,
32070,2023-12-01 06:30:00,
32071,2023-12-01 06:45:00,
32072,2023-12-01 07:00:00,
32073,2023-12-01 07:15:00,
32074,2023-12-01 07:30:00,
32075,2023-12-01 07:45:00,
32076,2023-12-01 08:00:00,
32077,2023-12-01 08:15:00,
32078,2023-12-01 08:30:00,
32079,2023-12-01 08:45:00,
32080,2023-12-01 09:00:00,
32081,2023-12-01 09:15:00,
32082,2023-12-01 09:30:00,
32083,2023-12-01 09:45:00,
32084,2023-12-01 10:00:00,
32085,2023-12-01 10:15:00,
32086,2023-12-01 10:30:00,
32087,2023-12-01 10:45:00,
32088,2023-12-01 11:00:00,
32089,2023-12-01 11:15:00,
32090,2023-12-01 11:30:00,
32091,2023-12-01 11:45:00,
32092,2023-12-01 12:00:00,
32093,2023-12-01 12:15:00,
32094,2023-12-01 12:30:00,
32095,2023-12-01 12:45:00,
32096,2023-12-01 13:00:00,
32097,2023-12-01 13:15:00,
32098,2023-12-01 13:30:00,
32099,2023-12-01 13:45:00,
32100,2023-12-01 14:00:00,
32101,2023-12-01 14:15:00,
32102,2023-12-01 14:30:00,
32103,2023-12-01 14:45:00,
32104,2023-12-01 15:00:00,
32105,2023-12-01 15:15:00,
32106,2023-12-01 15:30:00,
32107,2023-12-01 15:45:00,
32108,2023-12-01 16:00:00,
32109,2023-12-01 16:15:00,
32110,2023-12-01 16:30:00,
32111,2023-12-01 16:45:00,
32112,2023-12-01 17:00:00,
32113,2023-12-01 17:15:00,
32114,2023-12-01 17:30:00,
32115,2023-12-01 17:45:00,
32116,2023-12-01 18:00:00,
32117,2023-12-01 18:15:00,
32118,2023-12-01 18:30:00,
32119,2023-12-01 18:45:00,
32120,2023-12-01 19:00:00,
32121,2023-12-01 19:15:00,
32122,2023-12-01 19:30:00,
32123,2023-12-01 19:45:00,
32124,2023-12-01 20:00:00,
32125,2023-12-01 20:15:00,
32126,2023-12-01 20:30:00,
32127,2023-12-01 20:45:00,
32128,2023-12-01 21:00:00,
32129,2023-12-01 21:15:00,
32130,2023-12-01 21:30:00,
32131,2023-12-01 21:45:00,
32132,2023-12-01 22:00:00,
32133,2023-12-01 22:15:00,
32134,2023-12-01 22:30:00,
32135,2023-12-01 22:45:00,
32136,2023-12-01 23:00:00,
32137,2023-12-01 23:15:00,
32138,2023-12-01 23:30:00,
32139,2023-12-01 23:45:00,
32140,2023-12-02 00:00:00,
32141,2023-12-02 00:15:00,
32142,2023-12-02 00:30:00,
32143,2023-12-02 00:45:00,
32144,2023-12-02 01:00:00,
32145,2023-12-02 01:15:00,
32146,2023-12-02 01:30:00,
32147,2023-12-02 01:45:00,
32148,2023-12-02 02:00:00,
32149,2023-12-02 02:15:00,
32150,2023-12-02 02:30:00,
32151,2023-12-02 02:45:00,
32152,2023-12-02 03:00:00,
32153,2023-12-02 03:15:00,
32154,2023-12-02 03:30:00,
32155,2023-12-02 03:45:00,
32156,2023-12-02 04:00:00,
32157,2023-12-02 04:15:00,
32158,2023-12-02 04:30:00,
32159,2023-12-02 04:45:00,
32160,2023-12-02 05:00:00,
32161,2023-12-02 05:15:00,
32162,2023-12-02 05:30:00,
32163,2023-12-02 05:45:00,
32164,2023-12-02 06:00:00,
32165,2023-12-02 06:15:00,
32166,2023-12-02 06:30:00,
32167,2023-12-02 06:45:00,
32168,2023-12-02 07:00:00,
32169,2023-12-02 07:15:00,
32170,2023-12-02 07:30:00,
32171,2023-12-02 07:45:00,
32172,2023-12-02 08:00:00,
32173,2023-12-02 08:15:00,
32174,2023-12-02 08:30:00,
32175,2023-12-02 08:45:00,
32176,2023-12-02 09:00:00,
32177,2023-12-02 09:15:00,
32178,2023-12-02 09:30:00,
32179,2023-12-02 09:45:00,
32180,2023-12-02 10:00:00,
32181,2023-12-02 10:15:00,
32182,2023-12-02 10:30:00,
32183,2023-12-02 10:45:00,
32184,2023-12-02 11:00:00,
32185,2023-12-02 11:15:00,
32186,2023-12-02 11:30:00,
32187,2023-12-02 11:45:00,
32188,2023-12-02 12:00:00,
32189,2023-12-02 12:15:00,
32190,2023-12-02 12:30:00,
32191,2023-12-02 12:45:00,
32192,2023-12-02 13:00:00,
32193,2023-12-02 13:15:00,
32194,2023-12-02 13:30:00,
32195,2023-12-02 13:45:00,
32196,2023-12-02 14:00:00,
32197,2023-12-02 14:15:00,
32198,2023-12-02 14:30:00,
32199,2023-12-02 14:45:00,
32200,2023-12-02 15:00:00,
32201,2023-12-02 15:15:00,
32202,2023-12-02 15:30:00,
32203,2023-12-02 15:45:00,
32204,2023-12-02 16:00:00,
32205,2023-12-02 16:15:00,
32206,2023-12-02 16:30:00,
32207,2023-12-02 16:45:00,
32208,2023-12-02 17:00:00,
32209,2023-12-02 17:15:00,
32210,2023-12-02 17:30:00,
32211,2023-12-02 17:45:00,
32212,2023-12-02 18:00:00,
32213,2023-12-02 18:15:00,
32214,2023-12-02 18:30:00,
32215,2023-12-02 18:45:00,
32216,2023-12-02 19:00:00,
32217,2023-12-02 19:15:00,
32218,2023-12-02 19:30:00,
32219,2023-12-02 19:45:00,
32220,2023-12-02 20:00:00,
32221,2023-12-02 20:15:00,
32222,2023-12-02 20:30:00,
32223,2023-12-02 20:45:00,
32224,2023-12-02 21:00:00,
32225,2023-12-02 21:15:00,
32226,2023-12-02 21:30:00,
32227,2023-12-02 21:45:00,
32228,2023-12-02 22:00:00,
32229,2023-12-02 22:15:00,
32230,2023-12-02 22:30:00,
32231,2023-12-02 22:45:00,
32232,2023-12-02 23:00:00,
32233,2023-12-02 23:15:00,
32234,2023-12-02 23:30:00,
32235,2023-12-02 23:45:00,
32236,2023-12-03 00:00:00,
32237,2023-12-03 00:15:00,
32238,2023-12-03 00:30:00,
32239,2023-12-03 00:45:00,
32240,2023-12-03 01:00:00,
32241,2023-12-03 01:15:00,
32242,2023-12-03 01:30:00,
32243,2023-12-03 01:45:00,
32244,2023-12-03 02:00:00,
32245,2023-12-03 02:15:00,
32246,2023-12-03 02:30:00,
32247,2023-12-03 02:45:00,
32248,2023-12-03 03:00:00,
32249,2023-12-03 03:15:00,
32250,2023-12-03 03:30:00,
32251,2023-12-03 03:45:00,
32252,2023-12-03 04:00:00,
32253,2023-12-03 04:15:00,
32254,2023-12-03 04:30:00,
32255,2023-12-03 04:45:00,
32256,2023-12-03 05:00:00,
32257,2023-12-03 05:15:00,
32258,2023-12-03 05:30:00,
32259,2023-12-03 05:45:00,
32260,2023-12-03 06:00:00,
32261,2023-12-03 06:15:00,
32262,2023-12-03 06:30:00,
32263,2023-12-03 06:45:00,
32264,2023-12-03 07:00:00,
32265,2023-12-03 07:15:00,
32266,2023-12-03 07:30:00,
32267,2023-12-03 07:45:00,
32268,2023-12-03 08:00:00,
32269,2023-12-03 08:15:00,
32270,2023-12-03 08:30:00,
32271,2023-12-03 08:45:00,
32272,2023-12-03 09:00:00,
32273,2023-12-03 09:15:00,
32274,2023-12-03 09:30:00,
32275,2023-12-03 09:45:00,
32276,2023-12-03 10:00:00,
32277,2023-12-03 10:15:00,
32278,2023-12-03 10:30:00,
32279,2023-12-03 10:45:00,
32280,2023-12-03 11:00:00,
32281,2023-12-03 11:15:00,
32282,2023-12-03 11:30:00,
32283,2023-12-03 11:45:00,
32284,2023-12-03 12:00:00,
32285,2023-12-03 12:15:00,
32286,2023-12-03 12:30:00,
32287,2023-12-03 12:45:00,
32288,2023-12-03 13:00:00,
32289,2023-12-03 13:15:00,
32290,2023-12-03 13:30:00,
32291,2023-12-03 13:45:00,
32292,2023-12-03 14:00:00,
32293,2023-12-03 14:15:00,
32294,2023-12-03 14:30:00,
32295,2023-12-03 14:45:00,
32296,2023-12-03 15:00:00,
32297,2023-12-03 15:15:00,
32298,2023-12-03 15:30:00,
32299,2023-12-03 15:45:00,
32300,2023-12-03 16:00:00,
32301,2023-12-03 16:15:00,
32302,2023-12-03 16:30:00,
32303,2023-12-03 16:45:00,
32304,2023-12-03 17:00:00,
32305,2023-12-03 17:15:00,
32306,2023-12-03 17:30:00,
32307,2023-12-03 17:45:00,
32308,2023-12-03 18:00:00,
32309,2023-12-03 18:15:00,
32310,2023-12-03 18:30:00,
32311,2023-12-03 18:45:00,
32312,2023-12-03 19:00:00,
32313,2023-12-03 19:15:00,
32314,2023-12-03 19:30:00,
32315,2023-12-03 19:45:00,
32316,2023-12-03 20:00:00,
32317,2023-12-03 20:15:00,
32318,2023-12-03 20:30:00,
32319,2023-12-03 20:45:00,
32320,2023-12-03 21:00:00,
32321,2023-12-03 21:15:00,
32322,2023-12-03 21:30:00,
32323,2023-12-03 21:45:00,
32324,2023-12-03 22:00:00,
32325,2023-12-03 22:15:00,
32326,2023-12-03 22:30:00,
32327,2023-12-03 22:45:00,
32328,2023-12-03 23:00:00,
32329,2023-12-03 23:15:00,
32330,2023-12-03 23:30:00,
32331,2023-12-03 23:45:00,
32332,2023-12-04 00:00:00,
32333,2023-12-04 00:15:00,
32334,2023-12-04 00:30:00,
32335,2023-12-04 00:45:00,
32336,2023-12-04 01:00:00,
32337,2023-12-04 01:15:00,
32338,2023-12-04 01:30:00,
32339,2023-12-04 01:45:00,
32340,2023-12-04 02:00:00,
32341,2023-12-04 02:15:00,
32342,2023-12-04 02:30:00,
32343,2023-12-04 02:45:00,
32344,2023-12-04 03:00:00,
32345,2023-12-04 03:15:00,
32346,2023-12-04 03:30:00,
32347,2023-12-04 03:45:00,
32348,2023-12-04 04:00:00,
32349,2023-12-04 04:15:00,
32350,2023-12-04 04:30:00,
32351,2023-12-04 04:45:00,
32352,2023-12-04 05:00:00,
32353,2023-12-04 05:15:00,
32354,2023-12-04 05:30:00,
32355,2023-12-04 05:45:00,
32356,2023-12-04 06:00:00,
32357,2023-12-04 06:15:00,
32358,2023-12-04 06:30:00,
32359,2023-12-04 06:45:00,
32360,2023-12-04 07:00:00,
32361,2023-12-04 07:15:00,
32362,2023-12-04 07:30:00,
32363,2023-12-04 07:45:00,
32364,2023-12-04 08:00:00,
32365,2023-12-04 08:15:00,
32366,2023-12-04 08:30:00,
32367,2023-12-04 08:45:00,
32368,2023-12-04 09:00:00,
32369,2023-12-04 09:15:00,
32370,2023-12-04 09:30:00,
32371,2023-12-04 09:45:00,
32372,2023-12-04 10:00:00,
32373,2023-12-04 10:15:00,
32374,2023-12-04 10:30:00,
32375,2023-12-04 10:45:00,
32376,2023-12-04 11:00:00,
32377,2023-12-04 11:15:00,
32378,2023-12-04 11:30:00,
32379,2023-12-04 11:45:00,
32380,2023-12-04 12:00:00,
32381,2023-12-04 12:15:00,
32382,2023-12-04 12:30:00,
32383,2023-12-04 12:45:00,
32384,2023-12-04 13:00:00,
32385,2023-12-04 13:15:00,
32386,2023-12-04 13:30:00,
32387,2023-12-04 13:45:00,
32388,2023-12-04 14:00:00,
32389,2023-12-04 14:15:00,
32390,2023-12-04 14:30:00,
32391,2023-12-04 14:45:00,
32392,2023-12-04 15:00:00,
32393,2023-12-04 15:15:00,
32394,2023-12-04 15:30:00,
32395,2023-12-04 15:45:00,
32396,2023-12-04 16:00:00,
32397,2023-12-04 16:15:00,
32398,2023-12-04 16:30:00,
32399,2023-12-04 16:45:00,
32400,2023-12-04 17:00:00,
32401,2023-12-04 17:15:00,
32402,2023-12-04 17:30:00,
32403,2023-12-04 17:45:00,
32404,2023-12-04 18:00:00,
32405,2023-12-04 18:15:00,
32406,2023-12-04 18:30:00,
32407,2023-12-04 18:45:00,
32408,2023-12-04 19:00:00,
32409,2023-12-04 19:15:00,
32410,2023-12-04 19:30:00,
32411,2023-12-04 19:45:00,
32412,2023-12-04 20:00:00,
32413,2023-12-04 20:15:00,
32414,2023-12-04 20:30:00,
32415,2023-12-04 20:45:00,
32416,2023-12-04 21:00:00,
32417,2023-12-04 21:15:00,
32418,2023-12-04 21:30:00,
32419,2023-12-04 21:45:00,
32420,2023-12-04 22:00:00,
32421,2023-12-04 22:15:00,
32422,2023-12-04 22:30:00,
32423,2023-12-04 22:45:00,
32424,2023-12-04 23:00:00,
32425,2023-12-04 23:15:00,
32426,2023-12-04 23:30:00,
32427,2023-12-04 23:45:00,
32428,2023-12-05 00:00:00,
32429,2023-12-05 00:15:00,
32430,2023-12-05 00:30:00,
32431,2023-12-05 00:45:00,
32432,2023-12-05 01:00:00,
32433,2023-12-05 01:15:00,
32434,2023-12-05 01:30:00,
32435,2023-12-05 01:45:00,
32436,2023-12-05 02:00:00,
32437,2023-12-05 02:15:00,
32438,2023-12-05 02:30:00,
32439,2023-12-05 02:45:00,
32440,2023-12-05 03:00:00,
32441,2023-12-05 03:15:00,
32442,2023-12-05 03:30:00,
32443,2023-12-05 03:45:00,
32444,2023-12-05 04:00:00,
32445,2023-12-05 04:15:00,
32446,2023-12-05 04:30:00,
32447,2023-12-05 04:45:00,
32448,2023-12-05 05:00:00,
32449,2023-12-05 05:15:00,
32450,2023-12-05 05:30:00,
32451,2023-12-05 05:45:00,
32452,2023-12-05 06:00:00,
32453,2023-12-05 06:15:00,
32454,2023-12-05 06:30:00,
32455,2023-12-05 06:45:00,
32456,2023-12-05 07:00:00,
32457,2023-12-05 07:15:00,
32458,2023-12-05 07:30:00,
32459,2023-12-05 07:45:00,
32460,2023-12-05 08:00:00,
32461,2023-12-05 08:15:00,
32462,2023-12-05 08:30:00,
32463,2023-12-05 08:45:00,
32464,2023-12-05 09:00:00,
32465,2023-12-05 09:15:00,
32466,2023-12-05 09:30:00,
32467,2023-12-05 09:45:00,
32468,2023-12-05 10:00:00,
32469,2023-12-05 10:15:00,
32470,2023-12-05 10:30:00,
32471,2023-12-05 10:45:00,
32472,2023-12-05 11:00:00,
32473,2023-12-05 11:15:00,
32474,2023-12-05 11:30:00,
32475,2023-12-05 11:45:00,
32476,2023-12-05 12:00:00,
32477,2023-12-05 12:15:00,
32478,2023-12-05 12:30:00,
32479,2023-12-05 12:45:00,
32480,2023-12-05 13:00:00,
32481,2023-12-05 13:15:00,
32482,2023-12-05 13:30:00,
32483,2023-12-05 13:45:00,
32484,2023-12-05 14:00:00,
32485,2023-12-05 14:15:00,
32486,2023-12-05 14:30:00,
32487,2023-12-05 14:45:00,
32488,2023-12-05 15:00:00,
32489,2023-12-05 15:15:00,
32490,2023-12-05 15:30:00,
32491,2023-12-05 15:45:00,
32492,2023-12-05 16:00:00,
32493,2023-12-05 16:15:00,
32494,2023-12-05 16:30:00,
32495,2023-12-05 16:45:00,
32496,2023-12-05 17:00:00,
32497,2023-12-05 17:15:00,
32498,2023-12-05 17:30:00,
32499,2023-12-05 17:45:00,
32500,2023-12-05 18:00:00,
32501,2023-12-05 18:15:00,
32502,2023-12-05 18:30:00,
32503,2023-12-05 18:45:00,2.9
32504,2023-12-05 19:00:00,2.6
32505,2023-12-05 19:15:00,4.0
32506,2023-12-05 19:30:00,2.2
32507,2023-12-05 19:45:00,3.0
32508,2023-12-05 20:00:00,2.3
32509,2023-12-05 20:15:00,3.2
32510,2023-12-05 20:30:00,2.7
32511,2023-12-05 20:45:00,2.9
32512,2023-12-05 21:00:00,5.8
32513,2023-12-05 21:15:00,4.2
32514,2023-12-05 21:30:00,5.1
32515,2023-12-05 21:45:00,8.8
32516,2023-12-05 22:00:00,8.1
32517,2023-12-05 22:15:00,6.9
32518,2023-12-05 22:30:00,7.8
32519,2023-12-05 22:45:00,8.0
32520,2023-12-05 23:00:00,8.8
32521,2023-12-05 23:15:00,7.1
32522,2023-12-05 23:30:00,7.2
32523,2023-12-05 23:45:00,8.5
32524,2023-12-06 00:00:00,9.6
32525,2023-12-06 00:15:00,7.8
32526,2023-12-06 00:30:00,9.1
32527,2023-12-06 00:45:00,8.7
32528,2023-12-06 01:00:00,7.6
32529,2023-12-06 01:15:00,7.5
32530,2023-12-06 01:30:00,7.7
32531,2023-12-06 01:45:00,8.2
32532,2023-12-06 02:00:00,6.7
32533,2023-12-06 02:15:00,6.1
32534,2023-12-06 02:30:00,7.0
32535,2023-12-06 02:45:00,6.6
32536,2023-12-06 03:00:00,7.3
32537,2023-12-06 03:15:00,9.2
32538,2023-12-06 03:30:00,8.2
32539,2023-12-06 03:45:00,7.3
32540,2023-12-06 04:00:00,7.1
32541,2023-12-06 04:15:00,8.8
32542,2023-12-06 04:30:00,7.4
32543,2023-12-06 04:45:00,7.4
32544,2023-12-06 05:00:00,7.5
32545,2023-12-06 05:15:00,7.1
32546,2023-12-06 05:30:00,8.3
32547,2023-12-06 05:45:00,7.6
32548,2023-12-06 06:00:00,8.1
32549,2023-12-06 06:15:00,8.5
32550,2023-12-06 06:30:00,7.4
32551,2023-12-06 06:45:00,7.6
32552,2023-12-06 07:00:00,7.4
32553,2023-12-06 07:15:00,7.0
32554,2023-12-06 07:30:00,6.9
32555,2023-12-06 07:45:00,7.2
32556,2023-12-06 08:00:00,7.4
32557,2023-12-06 08:15:00,6.6
32558,2023-12-06 08:30:00,6.6
32559,2023-12-06 08:45:00,7.2
32560,2023-12-06 09:00:00,6.8
32561,2023-12-06 09:15:00,7.9
32562,2023-12-06 09:30:00,6.3
32563,2023-12-06 09:45:00,6.1
32564,2023-12-06 10:00:00,6.7
32565,2023-12-06 10:15:00,6.5
32566,2023-12-06 10:30:00,7.6
32567,2023-12-06 10:45:00,7.9
32568,2023-12-06 11:00:00,6.1
32569,2023-12-06 11:15:00,6.4
32570,2023-12-06 11:30:00,8.2
32571,2023-12-06 11:45:00,6.3
32572,2023-12-06 12:00:00,6.5
32573,2023-12-06 12:15:00,6.9
32574,2023-12-06 12:30:00,2.9
32575,2023-12-06 12:45:00,2.7
32576,2023-12-06 13:00:00,3.3
32577,2023-12-06 13:15:00,4.7
32578,2023-12-06 13:30:00,3.1
32579,2023-12-06 13:45:00,3.5
32580,2023-12-06 14:00:00,3.1
32581,2023-12-06 14:15:00,3.6
32582,2023-12-06 14:30:00,2.4
32583,2023-12-06 14:45:00,3.2
32584,2023-12-06 15:00:00,2.8
32585,2023-12-06 15:15:00,2.4
32586,2023-12-06 15:30:00,2.6
32587,2023-12-06 15:45:00,2.5
32588,2023-12-06 16:00:00,4.2
32589,2023-12-06 16:15:00,3.5
32590,2023-12-06 16:30:00,3.3
32591,2023-12-06 16:45:00,2.6
32592,2023-12-06 17:00:00,3.7
32593,2023-12-06 17:15:00,3.1
32594,2023-12-06 17:30:00,4.1
32595,2023-12-06 17:45:00,2.6
32596,2023-12-06 18:00:00,2.6
32597,2023-12-06 18:15:00,2.8
32598,2023-12-06 18:30:00,3.3
32599,2023-12-06 18:45:00,4.1
32600,2023-12-06 19:00:00,3.4
32601,2023-12-06 19:15:00,3.6
32602,2023-12-06 19:30:00,2.9
32603,2023-12-06 19:45:00,3.8
32604,2023-12-06 20:00:00,2.6
32605,2023-12-06 20:15:00,3.0
32606,2023-12-06 20:30:00,2.8
32607,2023-12-06 20:45:00,2.7
32608,2023-12-06 21:00:00,3.3
32609,2023-12-06 21:15:00,2.8
32610,2023-12-06 21:30:00,7.6
32611,2023-12-06 21:45:00,7.2
32612,2023-12-06 22:00:00,6.6
32613,2023-12-06 22:15:00,6.1
32614,2023-12-06 22:30:00,6.9
32615,2023-12-06 22:45:00,5.8
32616,2023-12-06 23:00:00,5.9
32617,2023-12-06 23:15:00,6.9
32618,2023-12-06 23:30:00,6.5
32619,2023-12-06 23:45:00,5.8
32620,2023-12-07 00:00:00,6.5
32621,2023-12-07 00:15:00,6.4
32622,2023-12-07 00:30:00,5.8
32623,2023-12-07 00:45:00,6.1
32624,2023-12-07 01:00:00,5.5
32625,2023-12-07 01:15:00,6.7
32626,2023-12-07 01:30:00,5.6
32627,2023-12-07 01:45:00,5.7
32628,2023-12-07 02:00:00,5.7
32629,2023-12-07 02:15:00,7.2
32630,2023-12-07 02:30:00,5.9
32631,2023-12-07 02:45:00,6.0
32632,2023-12-07 03:00:00,7.2
32633,2023-12-07 03:15:00,5.9
32634,2023-12-07 03:30:00,5.9
32635,2023-12-07 03:45:00,6.0
32636,2023-12-07 04:00:00,7.3
32637,2023-12-07 04:15:00,6.3
32638,2023-12-07 04:30:00,5.8
32639,2023-12-07 04:45:00,5.7
32640,2023-12-07 05:00:00,6.8
32641,2023-12-07 05:15:00,6.3
32642,2023-12-07 05:30:00,5.9
32643,2023-12-07 05:45:00,6.1
32644,2023-12-07 06:00:00,5.6
32645,2023-12-07 06:15:00,5.9
32646,2023-12-07 06:30:00,6.1
32647,2023-12-07 06:45:00,6.0
32648,2023-12-07 07:00:00,6.1
32649,2023-12-07 07:15:00,6.1
32650,2023-12-07 07:30:00,6.5
32651,2023-12-07 07:45:00,7.4
32652,2023-12-07 08:00:00,6.7
32653,2023-12-07 08:15:00,6.6
32654,2023-12-07 08:30:00,6.9
32655,2023-12-07 08:45:00,7.7
32656,2023-12-07 09:00:00,6.8
32657,2023-12-07 09:15:00,7.4
32658,2023-12-07 09:30:00,7.0
32659,2023-12-07 09:45:00,7.2
32660,2023-12-07 10:00:00,6.7
32661,2023-12-07 10:15:00,6.8
32662,2023-12-07 10:30:00,8.1
32663,2023-12-07 10:45:00,6.9
32664,2023-12-07 11:00:00,7.6
32665,2023-12-07 11:15:00,7.0
32666,2023-12-07 11:30:00,7.3
32667,2023-12-07 11:45:00,6.7
32668,2023-12-07 12:00:00,6.6
32669,2023-12-07 12:15:00,6.7
32670,2023-12-07 12:30:00,7.2
32671,2023-12-07 12:45:00,3.5
32672,2023-12-07 13:00:00,2.8
32673,2023-12-07 13:15:00,2.6
32674,2023-12-07 13:30:00,3.6
32675,2023-12-07 13:45:00,3.5
32676,2023-12-07 14:00:00,2.6
32677,2023-12-07 14:15:00,3.1
32678,2023-12-07 14:30:00,3.7
32679,2023-12-07 14:45:00,3.7
32680,2023-12-07 15:00:00,3.2
32681,2023-12-07 15:15:00,3.5
32682,2023-12-07 15:30:00,2.5
32683,2023-12-07 15:45:00,3.0
32684,2023-12-07 16:00:00,2.6
32685,2023-12-07 16:15:00,3.7
32686,2023-12-07 16:30:00,4.3
32687,2023-12-07 16:45:00,3.6
32688,2023-12-07 17:00:00,3.0
32689,2023-12-07 17:15:00,2.6
32690,2023-12-07 17:30:00,3.6
32691,2023-12-07 17:45:00,3.4
32692,2023-12-07 18:00:00,3.4
32693,2023-12-07 18:15:00,3.7
32694,2023-12-07 18:30:00,3.8
32695,2023-12-07 18:45:00,6.1
32696,2023-12-07 19:00:00,3.1
32697,2023-12-07 19:15:00,3.1
32698,2023-12-07 19:30:00,2.4
32699,2023-12-07 19:45:00,2.6
32700,2023-12-07 20:00:00,3.2
32701,2023-12-07 20:15:00,2.7
32702,2023-12-07 20:30:00,3.1
32703,2023-12-07 20:45:00,7.1
32704,2023-12-07 21:00:00,2.8
32705,2023-12-07 21:15:00,2.8
32706,2023-12-07 21:30:00,6.9
32707,2023-12-07 21:45:00,7.1
32708,2023-12-07 22:00:00,5.9
32709,2023-12-07 22:15:00,5.8
32710,2023-12-07 22:30:00,6.3
32711,2023-12-07 22:45:00,6.1
32712,2023-12-07 23:00:00,6.1
32713,2023-12-07 23:15:00,6.2
32714,2023-12-07 23:30:00,6.5
32715,2023-12-07 23:45:00,6.0
32716,2023-12-08 00:00:00,6.9
32717,2023-12-08 00:15:00,6.8
32718,2023-12-08 00:30:00,8.0
32719,2023-12-08 00:45:00,7.1
32720,2023-12-08 01:00:00,7.2
32721,2023-12-08 01:15:00,6.7
32722,2023-12-08 01:30:00,7.2
32723,2023-12-08 01:45:00,6.5
32724,2023-12-08 02:00:00,7.2
32725,2023-12-08 02:15:00,6.7
32726,2023-12-08 02:30:00,7.3
32727,2023-12-08 02:45:00,6.4
32728,2023-12-08 03:00:00,6.5
32729,2023-12-08 03:15:00,6.8
32730,2023-12-08 03:30:00,6.8
32731,2023-12-08 03:45:00,6.0
32732,2023-12-08 04:00:00,7.4
32733,2023-12-08 04:15:00,7.9
32734,2023-12-08 04:30:00,7.5
32735,2023-12-08 04:45:00,7.6
32736,2023-12-08 05:00:00,7.6
32737,2023-12-08 05:15:00,7.5
32738,2023-12-08 05:30:00,6.3
32739,2023-12-08 05:45:00,7.3
32740,2023-12-08 06:00:00,6.4
32741,2023-12-08 06:15:00,7.0
32742,2023-12-08 06:30:00,7.0
32743,2023-12-08 06:45:00,6.9
32744,2023-12-08 07:00:00,7.0
32745,2023-12-08 07:15:00,6.6
32746,2023-12-08 07:30:00,7.3
32747,2023-12-08 07:45:00,7.1
32748,2023-12-08 08:00:00,7.8
32749,2023-12-08 08:15:00,6.9
32750,2023-12-08 08:30:00,6.1
32751,2023-12-08 08:45:00,6.7
32752,2023-12-08 09:00:00,7.5
32753,2023-12-08 09:15:00,7.1
32754,2023-12-08 09:30:00,7.3
32755,2023-12-08 09:45:00,6.4
32756,2023-12-08 10:00:00,6.2
32757,2023-12-08 10:15:00,6.9
32758,2023-12-08 10:30:00,6.7
32759,2023-12-08 10:45:00,7.6
32760,2023-12-08 11:00:00,7.3
32761,2023-12-08 11:15:00,6.7
32762,2023-12-08 11:30:00,7.0
32763,2023-12-08 11:45:00,7.2
32764,2023-12-08 12:00:00,7.2
32765,2023-12-08 12:15:00,6.8
32766,2023-12-08 12:30:00,4.2
32767,2023-12-08 12:45:00,2.9
32768,2023-12-08 13:00:00,3.9
32769,2023-12-08 13:15:00,3.0
32770,2023-12-08 13:30:00,4.0
32771,2023-12-08 13:45:00,3.1
32772,2023-12-08 14:00:00,2.9
32773,2023-12-08 14:15:00,3.0
32774,2023-12-08 14:30:00,3.3
32775,2023-12-08 14:45:00,2.8
32776,2023-12-08 15:00:00,3.3
32777,2023-12-08 15:15:00,3.2
32778,2023-12-08 15:30:00,2.7
32779,2023-12-08 15:45:00,2.6
32780,2023-12-08 16:00:00,2.3
32781,2023-12-08 16:15:00,3.6
32782,2023-12-08 16:30:00,4.3
32783,2023-12-08 16:45:00,3.6
32784,2023-12-08 17:00:00,2.8
32785,2023-12-08 17:15:00,4.3
32786,2023-12-08 17:30:00,2.9
32787,2023-12-08 17:45:00,4.0
32788,2023-12-08 18:00:00,3.6
32789,2023-12-08 18:15:00,2.6
32790,2023-12-08 18:30:00,2.7
32791,2023-12-08 18:45:00,3.7
32792,2023-12-08 19:00:00,5.2
32793,2023-12-08 19:15:00,2.8
32794,2023-12-08 19:30:00,4.0
32795,2023-12-08 19:45:00,3.4
32796,2023-12-08 20:00:00,4.1
32797,2023-12-08 20:15:00,4.0
32798,2023-12-08 20:30:00,2.7
32799,2023-12-08 20:45:00,2.4
32800,2023-12-08 21:00:00,3.6
32801,2023-12-08 21:15:00,3.5
32802,2023-12-08 21:30:00,3.4
32803,2023-12-08 21:45:00,7.1
32804,2023-12-08 22:00:00,6.8
32805,2023-12-08 22:15:00,6.9
32806,2023-12-08 22:30:00,7.2
32807,2023-12-08 22:45:00,21.7
32808,2023-12-08 23:00:00,20.1
32809,2023-12-08 23:15:00,20.4
32810,2023-12-08 23:30:00,20.8
32811,2023-12-08 23:45:00,20.1
32812,2023-12-09 00:00:00,19.7
32813,2023-12-09 00:15:00,20.7
32814,2023-12-09 00:30:00,20.5
32815,2023-12-09 00:45:00,20.7
32816,2023-12-09 01:00:00,6.3
32817,2023-12-09 01:15:00,7.2
32818,2023-12-09 01:30:00,6.8
32819,2023-12-09 01:45:00,6.8
32820,2023-12-09 02:00:00,7.2
32821,2023-12-09 02:15:00,7.9
32822,2023-12-09 02:30:00,7.2
32823,2023-12-09 02:45:00,8.3
32824,2023-12-09 03:00:00,6.6
32825,2023-12-09 03:15:00,8.4
32826,2023-12-09 03:30:00,6.9
32827,2023-12-09 03:45:00,7.1
32828,2023-12-09 04:00:00,6.4
32829,2023-12-09 04:15:00,7.1
32830,2023-12-09 04:30:00,6.7
32831,2023-12-09 04:45:00,7.4
32832,2023-12-09 05:00:00,8.4
32833,2023-12-09 05:15:00,7.2
32834,2023-12-09 05:30:00,8.7
32835,2023-12-09 05:45:00,7.3
32836,2023-12-09 06:00:00,8.0
32837,2023-12-09 06:15:00,7.7
32838,2023-12-09 06:30:00,6.3
32839,2023-12-09 06:45:00,8.3
32840,2023-12-09 07:00:00,7.1
32841,2023-12-09 07:15:00,7.0
32842,2023-12-09 07:30:00,7.0
32843,2023-12-09 07:45:00,7.0
32844,2023-12-09 08:00:00,6.9
32845,2023-12-09 08:15:00,6.2
32846,2023-12-09 08:30:00,6.5
32847,2023-12-09 08:45:00,6.9
32848,2023-12-09 09:00:00,7.3
32849,2023-12-09 09:15:00,7.6
32850,2023-12-09 09:30:00,7.2
32851,2023-12-09 09:45:00,7.2
32852,2023-12-09 10:00:00,6.7
32853,2023-12-09 10:15:00,7.1
32854,2023-12-09 10:30:00,8.3
32855,2023-12-09 10:45:00,7.3
32856,2023-12-09 11:00:00,7.3
32857,2023-12-09 11:15:00,7.5
32858,2023-12-09 11:30:00,7.2
32859,2023-12-09 11:45:00,8.4
32860,2023-12-09 12:00:00,6.7
32861,2023-12-09 12:15:00,7.3
32862,2023-12-09 12:30:00,5.1
32863,2023-12-09 12:45:00,4.1
32864,2023-12-09 13:00:00,3.8
32865,2023-12-09 13:15:00,4.3
32866,2023-12-09 13:30:00,3.3
32867,2023-12-09 13:45:00,2.9
32868,2023-12-09 14:00:00,3.5
32869,2023-12-09 14:15:00,2.6
32870,2023-12-09 14:30:00,2.8
32871,2023-12-09 14:45:00,2.6
32872,2023-12-09 15:00:00,3.3
32873,2023-12-09 15:15:00,3.5
32874,2023-12-09 15:30:00,3.6
32875,2023-12-09 15:45:00,4.0
32876,2023-12-09 16:00:00,4.0
32877,2023-12-09 16:15:00,2.8
32878,2023-12-09 16:30:00,3.5
32879,2023-12-09 16:45:00,2.9
32880,2023-12-09 17:00:00,2.9
32881,2023-12-09 17:15:00,3.1
32882,2023-12-09 17:30:00,2.8
32883,2023-12-09 17:45:00,3.3
32884,2023-12-09 18:00:00,3.7
32885,2023-12-09 18:15:00,3.7
32886,2023-12-09 18:30:00,2.8
32887,2023-12-09 18:45:00,3.7
32888,2023-12-09 19:00:00,2.9
32889,2023-12-09 19:15:00,4.8
32890,2023-12-09 19:30:00,3.7
32891,2023-12-09 19:45:00,3.6
32892,2023-12-09 20:00:00,3.9
32893,2023-12-09 20:15:00,3.1
32894,2023-12-09 20:30:00,2.9
32895,2023-12-09 20:45:00,4.4
32896,2023-12-09 21:00:00,3.2
32897,2023-12-09 21:15:00,4.6
32898,2023-12-09 21:30:00,4.8
32899,2023-12-09 21:45:00,7.1
32900,2023-12-09 22:00:00,7.7
32901,2023-12-09 22:15:00,6.4
32902,2023-12-09 22:30:00,6.3
32903,2023-12-09 22:45:00,8.5
32904,2023-12-09 23:00:00,6.9
32905,2023-12-09 23:15:00,7.6
32906,2023-12-09 23:30:00,7.1
32907,2023-12-09 23:45:00,7.9
32908,2023-12-10 00:00:00,7.7
32909,2023-12-10 00:15:00,6.8
32910,2023-12-10 00:30:00,7.9
32911,2023-12-10 00:45:00,7.2
32912,2023-12-10 01:00:00,6.6
32913,2023-12-10 01:15:00,6.7
32914,2023-12-10 01:30:00,7.6
32915,2023-12-10 01:45:00,8.1
32916,2023-12-10 02:00:00,6.3
32917,2023-12-10 02:15:00,6.9
32918,2023-12-10 02:30:00,7.2
32919,2023-12-10 02:45:00,7.5
32920,2023-12-10 03:00:00,6.3
32921,2023-12-10 03:15:00,8.1
32922,2023-12-10 03:30:00,7.5
32923,2023-12-10 03:45:00,6.3
32924,2023-12-10 04:00:00,7.9
32925,2023-12-10 04:15:00,6.3
32926,2023-12-10 04:30:00,8.8
32927,2023-12-10 04:45:00,7.5
32928,2023-12-10 05:00:00,8.1
32929,2023-12-10 05:15:00,6.2
32930,2023-12-10 05:30:00,8.2
32931,2023-12-10 05:45:00,7.4
32932,2023-12-10 06:00:00,6.4
32933,2023-12-10 06:15:00,7.4
32934,2023-12-10 06:30:00,6.6
32935,2023-12-10 06:45:00,7.5
32936,2023-12-10 07:00:00,7.1
32937,2023-12-10 07:15:00,6.8
32938,2023-12-10 07:30:00,6.8
32939,2023-12-10 07:45:00,6.9
32940,2023-12-10 08:00:00,6.3
32941,2023-12-10 08:15:00,6.9
32942,2023-12-10 08:30:00,8.1
32943,2023-12-10 08:45:00,7.6
32944,2023-12-10 09:00:00,6.3
32945,2023-12-10 09:15:00,7.1
32946,2023-12-10 09:30:00,6.7
32947,2023-12-10 09:45:00,7.0
32948,2023-12-10 10:00:00,7.8
32949,2023-12-10 10:15:00,7.7
32950,2023-12-10 10:30:00,7.3
32951,2023-12-10 10:45:00,7.3
32952,2023-12-10 11:00:00,6.4
32953,2023-12-10 11:15:00,8.4
32954,2023-12-10 11:30:00,8.0
32955,2023-12-10 11:45:00,7.2
32956,2023-12-10 12:00:00,7.2
32957,2023-12-10 12:15:00,7.9
32958,2023-12-10 12:30:00,6.3
32959,2023-12-10 12:45:00,4.4
32960,2023-12-10 13:00:00,3.6
32961,2023-12-10 13:15:00,4.2
32962,2023-12-10 13:30:00,3.3
32963,2023-12-10 13:45:00,4.0
32964,2023-12-10 14:00:00,3.3
32965,2023-12-10 14:15:00,3.9
32966,2023-12-10 14:30:00,3.1
32967,2023-12-10 14:45:00,3.3
32968,2023-12-10 15:00:00,3.1
32969,2023-12-10 15:15:00,3.8
32970,2023-12-10 15:30:00,3.7
32971,2023-12-10 15:45:00,3.8
32972,2023-12-10 16:00:00,3.1
32973,2023-12-10 16:15:00,3.5
32974,2023-12-10 16:30:00,3.4
32975,2023-12-10 16:45:00,3.3
32976,2023-12-10 17:00:00,4.1
32977,2023-12-10 17:15:00,4.1
32978,2023-12-10 17:30:00,3.6
32979,2023-12-10 17:45:00,3.3
32980,2023-12-10 18:00:00,3.1
32981,2023-12-10 18:15:00,3.7
32982,2023-12-10 18:30:00,3.8
32983,2023-12-10 18:45:00,2.5
32984,2023-12-10 19:00:00,3.7
32985,2023-12-10 19:15:00,3.5
32986,2023-12-10 19:30:00,2.4
32987,2023-12-10 19:45:00,2.4
32988,2023-12-10 20:00:00,4.0
32989,2023-12-10 20:15:00,4.6
32990,2023-12-10 20:30:00,2.8
32991,2023-12-10 20:45:00,4.0
32992,2023-12-10 21:00:00,2.8
32993,2023-12-10 21:15:00,4.6
32994,2023-12-10 21:30:00,6.7
32995,2023-12-10 21:45:00,7.9
32996,2023-12-10 22:00:00,6.4
32997,2023-12-10 22:15:00,7.4
32998,2023-12-10 22:30:00,6.5
32999,2023-12-10 22:45:00,7.0
33000,2023-12-10 23:00:00,7.2
33001,2023-12-10 23:15:00,8.2
33002,2023-12-10 23:30:00,8.5
33003,2023-12-10 23:45:00,7.1
33004,2023-12-11 00:00:00,8.2
33005,2023-12-11 00:15:00,7.6
33006,2023-12-11 00:30:00,8.8
33007,2023-12-11 00:45:00,7.2
33008,2023-12-11 01:00:00,7.1
33009,2023-12-11 01:15:00,7.6
33010,2023-12-11 01:30:00,7.7
33011,2023-12-11 01:45:00,6.9
33012,2023-12-11 02:00:00,7.4
33013,2023-12-11 02:15:00,6.9
33014,2023-12-11 02:30:00,7.6
33015,2023-12-11 02:45:00,6.6
33016,2023-12-11 03:00:00,7.5
33017,2023-12-11 03:15:00,7.3
33018,2023-12-11 03:30:00,8.9
33019,2023-12-11 03:45:00,6.8
33020,2023-12-11 04:00:00,7.5
33021,2023-12-11 04:15:00,7.4
33022,2023-12-11 04:30:00,6.9
33023,2023-12-11 04:45:00,7.4
33024,2023-12-11 05:00:00,7.5
33025,2023-12-11 05:15:00,6.3
33026,2023-12-11 05:30:00,6.9
33027,2023-12-11 05:45:00,7.8
33028,2023-12-11 06:00:00,6.7
33029,2023-12-11 06:15:00,8.0
33030,2023-12-11 06:30:00,7.3
33031,2023-12-11 06:45:00,6.9
33032,2023-12-11 07:00:00,6.8
33033,2023-12-11 07:15:00,7.5
33034,2023-12-11 07:30:00,8.0
33035,2023-12-11 07:45:00,6.5
33036,2023-12-11 08:00:00,6.8
33037,2023-12-11 08:15:00,8.2
33038,2023-12-11 08:30:00,7.5
33039,2023-12-11 08:45:00,6.5
33040,2023-12-11 09:00:00,6.0
33041,2023-12-11 09:15:00,6.5
33042,2023-12-11 09:30:00,8.2
33043,2023-12-11 09:45:00,6.5
33044,2023-12-11 10:00:00,6.7
33045,2023-12-11 10:15:00,6.3
33046,2023-12-11 10:30:00,8.0
33047,2023-12-11 10:45:00,7.1
33048,2023-12-11 11:00:00,7.1
33049,2023-12-11 11:15:00,7.6
33050,2023-12-11 11:30:00,6.3
33051,2023-12-11 11:45:00,7.2
33052,2023-12-11 12:00:00,6.8
33053,2023-12-11 12:15:00,7.9
33054,2023-12-11 12:30:00,7.4
33055,2023-12-11 12:45:00,3.7
33056,2023-12-11 13:00:00,3.2
33057,2023-12-11 13:15:00,3.3
33058,2023-12-11 13:30:00,2.9
33059,2023-12-11 13:45:00,2.4
33060,2023-12-11 14:00:00,3.3
33061,2023-12-11 14:15:00,2.2
33062,2023-12-11 14:30:00,2.9
33063,2023-12-11 14:45:00,2.9
33064,2023-12-11 15:00:00,3.2
33065,2023-12-11 15:15:00,3.4
33066,2023-12-11 15:30:00,2.6
33067,2023-12-11 15:45:00,3.7
33068,2023-12-11 16:00:00,2.8
33069,2023-12-11 16:15:00,2.4
33070,2023-12-11 16:30:00,3.0
33071,2023-12-11 16:45:00,4.7
33072,2023-12-11 17:00:00,3.0
33073,2023-12-11 17:15:00,2.6
33074,2023-12-11 17:30:00,4.5
33075,2023-12-11 17:45:00,3.8
33076,2023-12-11 18:00:00,3.4
33077,2023-12-11 18:15:00,3.1
33078,2023-12-11 18:30:00,3.1
33079,2023-12-11 18:45:00,3.3
33080,2023-12-11 19:00:00,3.7
33081,2023-12-11 19:15:00,2.7
33082,2023-12-11 19:30:00,3.2
33083,2023-12-11 19:45:00,2.2
33084,2023-12-11 20:00:00,2.8
33085,2023-12-11 20:15:00,3.0
33086,2023-12-11 20:30:00,3.1
33087,2023-12-11 20:45:00,3.0
33088,2023-12-11 21:00:00,2.5
33089,2023-12-11 21:15:00,2.9
33090,2023-12-11 21:30:00,4.0
33091,2023-12-11 21:45:00,5.9
33092,2023-12-11 22:00:00,5.7
33093,2023-12-11 22:15:00,5.3
33094,2023-12-11 22:30:00,5.6
33095,2023-12-11 22:45:00,6.5
33096,2023-12-11 23:00:00,5.7
33097,2023-12-11 23:15:00,7.8
33098,2023-12-11 23:30:00,6.6
33099,2023-12-11 23:45:00,6.3
33100,2023-12-12 00:00:00,5.5
33101,2023-12-12 00:15:00,6.5
33102,2023-12-12 00:30:00,5.8
33103,2023-12-12 00:45:00,5.5
33104,2023-12-12 01:00:00,7.0
33105,2023-12-12 01:15:00,5.7
33106,2023-12-12 01:30:00,6.3
33107,2023-12-12 01:45:00,6.0
33108,2023-12-12 02:00:00,6.4
33109,2023-12-12 02:15:00,6.6
33110,2023-12-12 02:30:00,5.8
33111,2023-12-12 02:45:00,5.3
33112,2023-12-12 03:00:00,5.9
33113,2023-12-12 03:15:00,6.0
33114,2023-12-12 03:30:00,6.2
33115,2023-12-12 03:45:00,6.5
33116,2023-12-12 04:00:00,7.2
33117,2023-12-12 04:15:00,6.9
33118,2023-12-12 04:30:00,7.1
33119,2023-12-12 04:45:00,7.3
33120,2023-12-12 05:00:00,8.0
33121,2023-12-12 05:15:00,7.5
33122,2023-12-12 05:30:00,7.1
33123,2023-12-12 05:45:00,7.5
33124,2023-12-12 06:00:00,7.2
33125,2023-12-12 06:15:00,7.4
33126,2023-12-12 06:30:00,6.6
33127,2023-12-12 06:45:00,8.1
33128,2023-12-12 07:00:00,6.2
33129,2023-12-12 07:15:00,6.1
33130,2023-12-12 07:30:00,7.9
33131,2023-12-12 07:45:00,6.7
33132,2023-12-12 08:00:00,6.8
33133,2023-12-12 08:15:00,6.9
33134,2023-12-12 08:30:00,7.3
33135,2023-12-12 08:45:00,7.0
33136,2023-12-12 09:00:00,6.8
33137,2023-12-12 09:15:00,6.6
33138,2023-12-12 09:30:00,7.3
33139,2023-12-12 09:45:00,6.3
33140,2023-12-12 10:00:00,6.6
33141,2023-12-12 10:15:00,6.9
33142,2023-12-12 10:30:00,6.3
33143,2023-12-12 10:45:00,6.5
33144,2023-12-12 11:00:00,6.7
33145,2023-12-12 11:15:00,7.3
33146,2023-12-12 11:30:00,7.5
33147,2023-12-12 11:45:00,7.5
33148,2023-12-12 12:00:00,6.8
33149,2023-12-12 12:15:00,7.0
33150,2023-12-12 12:30:00,2.3
33151,2023-12-12 12:45:00,2.8
33152,2023-12-12 13:00:00,2.3
33153,2023-12-12 13:15:00,4.2
33154,2023-12-12 13:30:00,2.9
33155,2023-12-12 13:45:00,2.9
33156,2023-12-12 14:00:00,2.9
33157,2023-12-12 14:15:00,3.2
33158,2023-12-12 14:30:00,2.3
33159,2023-12-12 14:45:00,3.1
33160,2023-12-12 15:00:00,4.0
33161,2023-12-12 15:15:00,2.8
33162,2023-12-12 15:30:00,2.2
33163,2023-12-12 15:45:00,3.7
33164,2023-12-12 16:00:00,2.8
33165,2023-12-12 16:15:00,2.8
33166,2023-12-12 16:30:00,3.4
33167,2023-12-12 16:45:00,3.5
33168,2023-12-12 17:00:00,2.9
33169,2023-12-12 17:15:00,2.7
33170,2023-12-12 17:30:00,3.0
33171,2023-12-12 17:45:00,3.9
33172,2023-12-12 18:00:00,3.5
33173,2023-12-12 18:15:00,3.4
33174,2023-12-12 18:30:00,3.2
33175,2023-12-12 18:45:00,3.7
33176,2023-12-12 19:00:00,3.1
33177,2023-12-12 19:15:00,3.1
33178,2023-12-12 19:30:00,3.0
33179,2023-12-12 19:45:00,2.6
33180,2023-12-12 20:00:00,2.7
33181,2023-12-12 20:15:00,2.8
33182,2023-12-12 20:30:00,3.5
33183,2023-12-12 20:45:00,2.4
33184,2023-12-12 21:00:00,3.2
33185,2023-12-12 21:15:00,3.4
33186,2023-12-12 21:30:00,3.0
33187,2023-12-12 21:45:00,5.6
33188,2023-12-12 22:00:00,6.0
33189,2023-12-12 22:15:00,6.2
33190,2023-12-12 22:30:00,5.8
33191,2023-12-12 22:45:00,6.1
33192,2023-12-12 23:00:00,7.1
33193,2023-12-12 23:15:00,7.5
33194,2023-12-12 23:30:00,7.3
33195,2023-12-12 23:45:00,6.8
33196,2023-12-13 00:00:00,6.8
33197,2023-12-13 00:15:00,7.9
33198,2023-12-13 00:30:00,6.4
33199,2023-12-13 00:45:00,6.4
33200,2023-12-13 01:00:00,7.9
33201,2023-12-13 01:15:00,6.6
33202,2023-12-13 01:30:00,7.5
33203,2023-12-13 01:45:00,7.7
33204,2023-12-13 02:00:00,7.5
33205,2023-12-13 02:15:00,7.1
33206,2023-12-13 02:30:00,7.1
33207,2023-12-13 02:45:00,8.0
33208,2023-12-13 03:00:00,6.3
33209,2023-12-13 03:15:00,6.0
33210,2023-12-13 03:30:00,6.7
33211,2023-12-13 03:45:00,7.5
33212,2023-12-13 04:00:00,7.3
33213,2023-12-13 04:15:00,6.9
33214,2023-12-13 04:30:00,6.3
33215,2023-12-13 04:45:00,7.0
33216,2023-12-13 05:00:00,6.4
33217,2023-12-13 05:15:00,7.2
33218,2023-12-13 05:30:00,7.0
33219,2023-12-13 05:45:00,6.5
33220,2023-12-13 06:00:00,7.1
33221,2023-12-13 06:15:00,7.0
33222,2023-12-13 06:30:00,7.2
33223,2023-12-13 06:45:00,6.2
33224,2023-12-13 07:00:00,7.4
33225,2023-12-13 07:15:00,7.1
33226,2023-12-13 07:30:00,6.7
33227,2023-12-13 07:45:00,7.1
33228,2023-12-13 08:00:00,6.5
33229,2023-12-13 08:15:00,7.7
33230,2023-12-13 08:30:00,7.0
33231,2023-12-13 08:45:00,6.5
33232,2023-12-13 09:00:00,7.8
33233,2023-12-13 09:15:00,6.9
33234,2023-12-13 09:30:00,7.3
33235,2023-12-13 09:45:00,6.8
33236,2023-12-13 10:00:00,7.2
33237,2023-12-13 10:15:00,6.4
33238,2023-12-13 10:30:00,6.9
33239,2023-12-13 10:45:00,7.5
33240,2023-12-13 11:00:00,7.0
33241,2023-12-13 11:15:00,6.4
33242,2023-12-13 11:30:00,7.0
33243,2023-12-13 11:45:00,7.3
33244,2023-12-13 12:00:00,7.6
33245,2023-12-13 12:15:00,6.8
33246,2023-12-13 12:30:00,3.6
33247,2023-12-13 12:45:00,3.9
33248,2023-12-13 13:00:00,3.2
33249,2023-12-13 13:15:00,4.4
33250,2023-12-13 13:30:00,3.7
33251,2023-12-13 13:45:00,2.2
33252,2023-12-13 14:00:00,2.7
33253,2023-12-13 14:15:00,2.4
33254,2023-12-13 14:30:00,4.0
33255,2023-12-13 14:45:00,3.2
33256,2023-12-13 15:00:00,3.4
33257,2023-12-13 15:15:00,2.6
33258,2023-12-13 15:30:00,2.7
33259,2023-12-13 15:45:00,3.4
33260,2023-12-13 16:00:00,2.8
33261,2023-12-13 16:15:00,2.8
33262,2023-12-13 16:30:00,2.2
33263,2023-12-13 16:45:00,2.5
33264,2023-12-13 17:00:00,2.4
33265,2023-12-13 17:15:00,4.1
33266,2023-12-13 17:30:00,2.3
33267,2023-12-13 17:45:00,3.4
33268,2023-12-13 18:00:00,3.9
33269,2023-12-13 18:15:00,2.9
33270,2023-12-13 18:30:00,2.9
33271,2023-12-13 18:45:00,2.7
33272,2023-12-13 19:00:00,3.6
33273,2023-12-13 19:15:00,3.1
33274,2023-12-13 19:30:00,3.8
33275,2023-12-13 19:45:00,2.8
33276,2023-12-13 20:00:00,3.9
33277,2023-12-13 20:15:00,3.5
33278,2023-12-13 20:30:00,2.6
33279,2023-12-13 20:45:00,3.8
33280,2023-12-13 21:00:00,3.6
33281,2023-12-13 21:15:00,2.8
33282,2023-12-13 21:30:00,4.5
33283,2023-12-13 21:45:00,6.1
33284,2023-12-13 22:00:00,6.2
33285,2023-12-13 22:15:00,5.8
33286,2023-12-13 22:30:00,7.8
33287,2023-12-13 22:45:00,5.7
33288,2023-12-13 23:00:00,5.8
33289,2023-12-13 23:15:00,6.3
33290,2023-12-13 23:30:00,7.1
33291,2023-12-13 23:45:00,6.5
33292,2023-12-14 00:00:00,6.5
33293,2023-12-14 00:15:00,7.3
33294,2023-12-14 00:30:00,6.2
33295,2023-12-14 00:45:00,6.0
33296,2023-12-14 01:00:00,7.3
33297,2023-12-14 01:15:00,6.3
33298,2023-12-14 01:30:00,5.6
33299,2023-12-14 01:45:00,5.5
33300,2023-12-14 02:00:00,7.1
33301,2023-12-14 02:15:00,5.5
33302,2023-12-14 02:30:00,6.9
33303,2023-12-14 02:45:00,6.5
33304,2023-12-14 03:00:00,7.2
33305,2023-12-14 03:15:00,6.8
33306,2023-12-14 03:30:00,6.5
33307,2023-12-14 03:45:00,8.1
33308,2023-12-14 04:00:00,7.1
33309,2023-12-14 04:15:00,6.6
33310,2023-12-14 04:30:00,6.3
33311,2023-12-14 04:45:00,7.2
33312,2023-12-14 05:00:00,6.5
33313,2023-12-14 05:15:00,7.0
33314,2023-12-14 05:30:00,6.7
33315,2023-12-14 05:45:00,7.5
33316,2023-12-14 06:00:00,6.2
33317,2023-12-14 06:15:00,7.0
33318,2023-12-14 06:30:00,7.5
33319,2023-12-14 06:45:00,7.0
33320,2023-12-14 07:00:00,7.3
33321,2023-12-14 07:15:00,7.3
33322,2023-12-14 07:30:00,7.7
33323,2023-12-14 07:45:00,6.7
33324,2023-12-14 08:00:00,7.0
33325,2023-12-14 08:15:00,8.1
33326,2023-12-14 08:30:00,6.7
33327,2023-12-14 08:45:00,6.8
33328,2023-12-14 09:00:00,7.1
33329,2023-12-14 09:15:00,7.7
33330,2023-12-14 09:30:00,6.6
33331,2023-12-14 09:45:00,7.4
33332,2023-12-14 10:00:00,6.1
33333,2023-12-14 10:15:00,7.3
33334,2023-12-14 10:30:00,6.5
33335,2023-12-14 10:45:00,7.1
33336,2023-12-14 11:00:00,6.2
33337,2023-12-14 11:15:00,6.5
33338,2023-12-14 11:30:00,6.1
33339,2023-12-14 11:45:00,6.2
33340,2023-12-14 12:00:00,7.4
33341,2023-12-14 12:15:00,6.5
33342,2023-12-14 12:30:00,2.5
33343,2023-12-14 12:45:00,4.3
33344,2023-12-14 13:00:00,3.9
33345,2023-12-14 13:15:00,3.0
33346,2023-12-14 13:30:00,3.2
33347,2023-12-14 13:45:00,4.2
33348,2023-12-14 14:00:00,2.7
33349,2023-12-14 14:15:00,3.5
33350,2023-12-14 14:30:00,2.8
33351,2023-12-14 14:45:00,3.5
33352,2023-12-14 15:00:00,3.9
33353,2023-12-14 15:15:00,2.8
33354,2023-12-14 15:30:00,5.1
33355,2023-12-14 15:45:00,4.6
33356,2023-12-14 16:00:00,4.1
33357,2023-12-14 16:15:00,3.5
33358,2023-12-14 16:30:00,4.5
33359,2023-12-14 16:45:00,3.6
33360,2023-12-14 17:00:00,3.3
33361,2023-12-14 17:15:00,3.5
33362,2023-12-14 17:30:00,3.7
33363,2023-12-14 17:45:00,3.3
33364,2023-12-14 18:00:00,5.1
33365,2023-12-14 18:15:00,3.7
33366,2023-12-14 18:30:00,4.4
33367,2023-12-14 18:45:00,3.5
33368,2023-12-14 19:00:00,3.7
33369,2023-12-14 19:15:00,4.3
33370,2023-12-14 19:30:00,4.8
33371,2023-12-14 19:45:00,3.5
33372,2023-12-14 20:00:00,3.9
33373,2023-12-14 20:15:00,4.0
33374,2023-12-14 20:30:00,3.1
33375,2023-12-14 20:45:00,3.3
33376,2023-12-14 21:00:00,2.7
33377,2023-12-14 21:15:00,3.1
33378,2023-12-14 21:30:00,2.8
33379,2023-12-14 21:45:00,5.8
33380,2023-12-14 22:00:00,6.2
33381,2023-12-14 22:15:00,5.7
33382,2023-12-14 22:30:00,5.7
33383,2023-12-14 22:45:00,6.8
33384,2023-12-14 23:00:00,6.9
33385,2023-12-14 23:15:00,7.9
33386,2023-12-14 23:30:00,6.6
33387,2023-12-14 23:45:00,6.4
33388,2023-12-15 00:00:00,7.3
33389,2023-12-15 00:15:00,6.5
33390,2023-12-15 00:30:00,6.7
33391,2023-12-15 00:45:00,7.3
33392,2023-12-15 01:00:00,7.0
33393,2023-12-15 01:15:00,6.4
33394,2023-12-15 01:30:00,6.8
33395,2023-12-15 01:45:00,7.4
33396,2023-12-15 02:00:00,6.5
33397,2023-12-15 02:15:00,6.7
33398,2023-12-15 02:30:00,6.5
33399,2023-12-15 02:45:00,6.8
33400,2023-12-15 03:00:00,6.9
33401,2023-12-15 03:15:00,6.2
33402,2023-12-15 03:30:00,7.6
33403,2023-12-15 03:45:00,6.4
33404,2023-12-15 04:00:00,6.4
33405,2023-12-15 04:15:00,6.9
33406,2023-12-15 04:30:00,6.2
33407,2023-12-15 04:45:00,7.1
33408,2023-12-15 05:00:00,6.1
33409,2023-12-15 05:15:00,7.0
33410,2023-12-15 05:30:00,6.0
33411,2023-12-15 05:45:00,6.9
33412,2023-12-15 06:00:00,6.3
33413,2023-12-15 06:15:00,7.2
33414,2023-12-15 06:30:00,6.5
33415,2023-12-15 06:45:00,6.6
33416,2023-12-15 07:00:00,7.2
33417,2023-12-15 07:15:00,6.3
33418,2023-12-15 07:30:00,6.6
33419,2023-12-15 07:45:00,7.1
33420,2023-12-15 08:00:00,7.7
33421,2023-12-15 08:15:00,6.7
33422,2023-12-15 08:30:00,7.4
33423,2023-12-15 08:45:00,6.5
33424,2023-12-15 09:00:00,7.2
33425,2023-12-15 09:15:00,6.3
33426,2023-12-15 09:30:00,6.4
33427,2023-12-15 09:45:00,6.4
33428,2023-12-15 10:00:00,6.9
33429,2023-12-15 10:15:00,6.7
33430,2023-12-15 10:30:00,6.7
33431,2023-12-15 10:45:00,7.6
33432,2023-12-15 11:00:00,6.8
33433,2023-12-15 11:15:00,7.5
33434,2023-12-15 11:30:00,7.7
33435,2023-12-15 11:45:00,7.0
33436,2023-12-15 12:00:00,6.6
33437,2023-12-15 12:15:00,7.1
33438,2023-12-15 12:30:00,2.4
33439,2023-12-15 12:45:00,2.6
33440,2023-12-15 13:00:00,3.5
33441,2023-12-15 13:15:00,3.0
33442,2023-12-15 13:30:00,3.3
33443,2023-12-15 13:45:00,3.7
33444,2023-12-15 14:00:00,3.1
33445,2023-12-15 14:15:00,3.3
33446,2023-12-15 14:30:00,4.3
33447,2023-12-15 14:45:00,3.7
33448,2023-12-15 15:00:00,2.8
33449,2023-12-15 15:15:00,4.2
33450,2023-12-15 15:30:00,2.3
33451,2023-12-15 15:45:00,2.9
33452,2023-12-15 16:00:00,3.4
33453,2023-12-15 16:15:00,3.0
33454,2023-12-15 16:30:00,3.1
33455,2023-12-15 16:45:00,3.2
33456,2023-12-15 17:00:00,3.2
33457,2023-12-15 17:15:00,2.9
33458,2023-12-15 17:30:00,4.5
33459,2023-12-15 17:45:00,3.4
33460,2023-12-15 18:00:00,3.6
33461,2023-12-15 18:15:00,2.6
33462,2023-12-15 18:30:00,3.2
33463,2023-12-15 18:45:00,3.7
33464,2023-12-15 19:00:00,3.6
33465,2023-12-15 19:15:00,2.6
33466,2023-12-15 19:30:00,4.1
33467,2023-12-15 19:45:00,3.5
33468,2023-12-15 20:00:00,3.4
33469,2023-12-15 20:15:00,4.2
33470,2023-12-15 20:30:00,2.4
33471,2023-12-15 20:45:00,3.5
33472,2023-12-15 21:00:00,4.1
33473,2023-12-15 21:15:00,3.1
33474,2023-12-15 21:30:00,3.4
33475,2023-12-15 21:45:00,5.6
33476,2023-12-15 22:00:00,7.7
33477,2023-12-15 22:15:00,7.2
33478,2023-12-15 22:30:00,7.7
33479,2023-12-15 22:45:00,7.4
33480,2023-12-15 23:00:00,8.5
33481,2023-12-15 23:15:00,7.2
33482,2023-12-15 23:30:00,6.8
33483,2023-12-15 23:45:00,7.5
33484,2023-12-16 00:00:00,7.0
33485,2023-12-16 00:15:00,8.0
33486,2023-12-16 00:30:00,6.2
33487,2023-12-16 00:45:00,6.2
33488,2023-12-16 01:00:00,8.4
33489,2023-12-16 01:15:00,6.8
33490,2023-12-16 01:30:00,6.7
33491,2023-12-16 01:45:00,6.8
33492,2023-12-16 02:00:00,6.6
33493,2023-12-16 02:15:00,7.3
33494,2023-12-16 02:30:00,7.4
33495,2023-12-16 02:45:00,6.6
33496,2023-12-16 03:00:00,6.5
33497,2023-12-16 03:15:00,7.0
33498,2023-12-16 03:30:00,7.6
33499,2023-12-16 03:45:00,8.2
33500,2023-12-16 04:00:00,6.4
33501,2023-12-16 04:15:00,8.1
33502,2023-12-16 04:30:00,6.9
33503,2023-12-16 04:45:00,6.6
33504,2023-12-16 05:00:00,6.3
33505,2023-12-16 05:15:00,8.2
33506,2023-12-16 05:30:00,8.2
33507,2023-12-16 05:45:00,6.3
33508,2023-12-16 06:00:00,6.8
33509,2023-12-16 06:15:00,8.6
33510,2023-12-16 06:30:00,6.8
33511,2023-12-16 06:45:00,8.3
33512,2023-12-16 07:00:00,6.9
33513,2023-12-16 07:15:00,8.6
33514,2023-12-16 07:30:00,6.9
33515,2023-12-16 07:45:00,6.8
33516,2023-12-16 08:00:00,12.0
33517,2023-12-16 08:15:00,7.6
33518,2023-12-16 08:30:00,6.7
33519,2023-12-16 08:45:00,7.5
33520,2023-12-16 09:00:00,7.5
33521,2023-12-16 09:15:00,6.6
33522,2023-12-16 09:30:00,6.9
33523,2023-12-16 09:45:00,7.2
33524,2023-12-16 10:00:00,6.6
33525,2023-12-16 10:15:00,6.7
33526,2023-12-16 10:30:00,7.3
33527,2023-12-16 10:45:00,7.8
33528,2023-12-16 11:00:00,6.5
33529,2023-12-16 11:15:00,6.2
33530,2023-12-16 11:30:00,7.2
33531,2023-12-16 11:45:00,6.9
33532,2023-12-16 12:00:00,6.8
33533,2023-12-16 12:15:00,6.8
33534,2023-12-16 12:30:00,7.5
33535,2023-12-16 12:45:00,3.8
33536,2023-12-16 13:00:00,2.9
33537,2023-12-16 13:15:00,2.6
33538,2023-12-16 13:30:00,3.0
33539,2023-12-16 13:45:00,3.1
33540,2023-12-16 14:00:00,2.8
33541,2023-12-16 14:15:00,5.8
33542,2023-12-16 14:30:00,2.5
33543,2023-12-16 14:45:00,3.2
33544,2023-12-16 15:00:00,3.3
33545,2023-12-16 15:15:00,2.6
33546,2023-12-16 15:30:00,4.0
33547,2023-12-16 15:45:00,3.2
33548,2023-12-16 16:00:00,3.2
33549,2023-12-16 16:15:00,3.7
33550,2023-12-16 16:30:00,2.8
33551,2023-12-16 16:45:00,2.8
33552,2023-12-16 17:00:00,3.2
33553,2023-12-16 17:15:00,3.1
33554,2023-12-16 17:30:00,4.2
33555,2023-12-16 17:45:00,3.8
33556,2023-12-16 18:00:00,3.1
33557,2023-12-16 18:15:00,3.1
33558,2023-12-16 18:30:00,2.7
33559,2023-12-16 18:45:00,3.3
33560,2023-12-16 19:00:00,3.6
33561,2023-12-16 19:15:00,2.3
33562,2023-12-16 19:30:00,2.8
33563,2023-12-16 19:45:00,2.6
33564,2023-12-16 20:00:00,3.3
33565,2023-12-16 20:15:00,3.2
33566,2023-12-16 20:30:00,4.0
33567,2023-12-16 20:45:00,2.5
33568,2023-12-16 21:00:00,3.0
33569,2023-12-16 21:15:00,4.9
33570,2023-12-16 21:30:00,3.2
33571,2023-12-16 21:45:00,6.1
33572,2023-12-16 22:00:00,5.7
33573,2023-12-16 22:15:00,8.0
33574,2023-12-16 22:30:00,6.5
33575,2023-12-16 22:45:00,6.7
33576,2023-12-16 23:00:00,8.0
33577,2023-12-16 23:15:00,6.4
33578,2023-12-16 23:30:00,7.2
33579,2023-12-16 23:45:00,7.0
33580,2023-12-17 00:00:00,7.0
33581,2023-12-17 00:15:00,6.9
33582,2023-12-17 00:30:00,6.8
33583,2023-12-17 00:45:00,8.2
33584,2023-12-17 01:00:00,7.1
33585,2023-12-17 01:15:00,6.3
33586,2023-12-17 01:30:00,6.7
33587,2023-12-17 01:45:00,8.1
33588,2023-12-17 02:00:00,6.6
33589,2023-12-17 02:15:00,7.2
33590,2023-12-17 02:30:00,7.6
33591,2023-12-17 02:45:00,7.6
33592,2023-12-17 03:00:00,7.4
33593,2023-12-17 03:15:00,6.7
33594,2023-12-17 03:30:00,7.2
33595,2023-12-17 03:45:00,8.4
33596,2023-12-17 04:00:00,6.5
33597,2023-12-17 04:15:00,8.3
33598,2023-12-17 04:30:00,7.8
33599,2023-12-17 04:45:00,7.0
33600,2023-12-17 05:00:00,7.1
33601,2023-12-17 05:15:00,7.4
33602,2023-12-17 05:30:00,6.6
33603,2023-12-17 05:45:00,6.4
33604,2023-12-17 06:00:00,7.7
33605,2023-12-17 06:15:00,7.4
33606,2023-12-17 06:30:00,6.6
33607,2023-12-17 06:45:00,7.6
33608,2023-12-17 07:00:00,7.6
33609,2023-12-17 07:15:00,6.9
33610,2023-12-17 07:30:00,8.2
33611,2023-12-17 07:45:00,7.8
33612,2023-12-17 08:00:00,7.2
33613,2023-12-17 08:15:00,7.2
33614,2023-12-17 08:30:00,7.0
33615,2023-12-17 08:45:00,7.3
33616,2023-12-17 09:00:00,8.1
33617,2023-12-17 09:15:00,6.8
33618,2023-12-17 09:30:00,8.6
33619,2023-12-17 09:45:00,6.9
33620,2023-12-17 10:00:00,7.1
33621,2023-12-17 10:15:00,7.0
33622,2023-12-17 10:30:00,7.6
33623,2023-12-17 10:45:00,7.3
33624,2023-12-17 11:00:00,6.8
33625,2023-12-17 11:15:00,8.4
33626,2023-12-17 11:30:00,7.0
33627,2023-12-17 11:45:00,6.9
33628,2023-12-17 12:00:00,6.3
33629,2023-12-17 12:15:00,6.6
33630,2023-12-17 12:30:00,6.9
33631,2023-12-17 12:45:00,4.0
33632,2023-12-17 13:00:00,3.9
33633,2023-12-17 13:15:00,2.9
33634,2023-12-17 13:30:00,2.4
33635,2023-12-17 13:45:00,3.0
33636,2023-12-17 14:00:00,2.5
33637,2023-12-17 14:15:00,2.6
33638,2023-12-17 14:30:00,3.2
33639,2023-12-17 14:45:00,3.4
33640,2023-12-17 15:00:00,3.4
33641,2023-12-17 15:15:00,2.5
33642,2023-12-17 15:30:00,3.2
33643,2023-12-17 15:45:00,3.8
33644,2023-12-17 16:00:00,3.4
33645,2023-12-17 16:15:00,2.8
33646,2023-12-17 16:30:00,3.4
33647,2023-12-17 16:45:00,3.4
33648,2023-12-17 17:00:00,2.9
33649,2023-12-17 17:15:00,2.7
33650,2023-12-17 17:30:00,3.2
33651,2023-12-17 17:45:00,2.7
33652,2023-12-17 18:00:00,3.3
33653,2023-12-17 18:15:00,3.9
33654,2023-12-17 18:30:00,3.0
33655,2023-12-17 18:45:00,3.8
33656,2023-12-17 19:00:00,2.9
33657,2023-12-17 19:15:00,4.1
33658,2023-12-17 19:30:00,3.6
33659,2023-12-17 19:45:00,2.6
33660,2023-12-17 20:00:00,4.9
33661,2023-12-17 20:15:00,3.2
33662,2023-12-17 20:30:00,2.8
33663,2023-12-17 20:45:00,3.4
33664,2023-12-17 21:00:00,2.8
33665,2023-12-17 21:15:00,5.3
33666,2023-12-17 21:30:00,6.6
33667,2023-12-17 21:45:00,7.2
33668,2023-12-17 22:00:00,7.4
33669,2023-12-17 22:15:00,7.7
33670,2023-12-17 22:30:00,8.9
33671,2023-12-17 22:45:00,6.7
33672,2023-12-17 23:00:00,7.1
33673,2023-12-17 23:15:00,7.4
33674,2023-12-17 23:30:00,7.1
33675,2023-12-17 23:45:00,7.0
33676,2023-12-18 00:00:00,6.7
33677,2023-12-18 00:15:00,7.6
33678,2023-12-18 00:30:00,7.6
33679,2023-12-18 00:45:00,6.4
33680,2023-12-18 01:00:00,7.2
33681,2023-12-18 01:15:00,7.3
33682,2023-12-18 01:30:00,6.4
33683,2023-12-18 01:45:00,7.3
33684,2023-12-18 02:00:00,7.9
33685,2023-12-18 02:15:00,6.5
33686,2023-12-18 02:30:00,8.0
33687,2023-12-18 02:45:00,6.6
33688,2023-12-18 03:00:00,8.3
33689,2023-12-18 03:15:00,7.0
33690,2023-12-18 03:30:00,6.8
33691,2023-12-18 03:45:00,7.1
33692,2023-12-18 04:00:00,8.5
33693,2023-12-18 04:15:00,7.1
33694,2023-12-18 04:30:00,6.4
33695,2023-12-18 04:45:00,7.3
33696,2023-12-18 05:00:00,6.9
33697,2023-12-18 05:15:00,6.8
33698,2023-12-18 05:30:00,9.0
33699,2023-12-18 05:45:00,6.9
33700,2023-12-18 06:00:00,7.8
33701,2023-12-18 06:15:00,6.5
33702,2023-12-18 06:30:00,7.8
33703,2023-12-18 06:45:00,6.4
33704,2023-12-18 07:00:00,7.7
33705,2023-12-18 07:15:00,8.1
33706,2023-12-18 07:30:00,6.4
33707,2023-12-18 07:45:00,6.4
33708,2023-12-18 08:00:00,7.2
33709,2023-12-18 08:15:00,8.4
33710,2023-12-18 08:30:00,6.1
33711,2023-12-18 08:45:00,7.1
33712,2023-12-18 09:00:00,7.8
33713,2023-12-18 09:15:00,7.3
33714,2023-12-18 09:30:00,6.7
33715,2023-12-18 09:45:00,7.8
33716,2023-12-18 10:00:00,7.9
33717,2023-12-18 10:15:00,7.1
33718,2023-12-18 10:30:00,7.9
33719,2023-12-18 10:45:00,7.8
33720,2023-12-18 11:00:00,8.3
33721,2023-12-18 11:15:00,7.3
33722,2023-12-18 11:30:00,7.0
33723,2023-12-18 11:45:00,8.0
33724,2023-12-18 12:00:00,7.5
33725,2023-12-18 12:15:00,6.3
33726,2023-12-18 12:30:00,7.5
33727,2023-12-18 12:45:00,7.9
33728,2023-12-18 13:00:00,6.4
33729,2023-12-18 13:15:00,3.6
33730,2023-12-18 13:30:00,4.7
33731,2023-12-18 13:45:00,3.8
33732,2023-12-18 14:00:00,2.7
33733,2023-12-18 14:15:00,4.2
33734,2023-12-18 14:30:00,2.6
33735,2023-12-18 14:45:00,3.5
33736,2023-12-18 15:00:00,4.0
33737,2023-12-18 15:15:00,3.0
33738,2023-12-18 15:30:00,2.9
33739,2023-12-18 15:45:00,3.0
33740,2023-12-18 16:00:00,2.2
33741,2023-12-18 16:15:00,3.3
33742,2023-12-18 16:30:00,2.8
33743,2023-12-18 16:45:00,3.1
33744,2023-12-18 17:00:00,4.0
33745,2023-12-18 17:15:00,3.1
33746,2023-12-18 17:30:00,3.6
33747,2023-12-18 17:45:00,3.3
33748,2023-12-18 18:00:00,4.4
33749,2023-12-18 18:15:00,2.9
33750,2023-12-18 18:30:00,3.0
33751,2023-12-18 18:45:00,3.3
33752,2023-12-18 19:00:00,3.4
33753,2023-12-18 19:15:00,3.6
33754,2023-12-18 19:30:00,2.8
33755,2023-12-18 19:45:00,3.0
33756,2023-12-18 20:00:00,4.1
33757,2023-12-18 20:15:00,3.0
33758,2023-12-18 20:30:00,2.9
33759,2023-12-18 20:45:00,3.6
33760,2023-12-18 21:00:00,3.8
33761,2023-12-18 21:15:00,2.6
33762,2023-12-18 21:30:00,4.5
33763,2023-12-18 21:45:00,6.0
33764,2023-12-18 22:00:00,5.4
33765,2023-12-18 22:15:00,6.9
33766,2023-12-18 22:30:00,6.9
33767,2023-12-18 22:45:00,6.9
33768,2023-12-18 23:00:00,7.7
33769,2023-12-18 23:15:00,6.8
33770,2023-12-18 23:30:00,6.7
33771,2023-12-18 23:45:00,6.5
33772,2023-12-19 00:00:00,6.9
33773,2023-12-19 00:15:00,7.7
33774,2023-12-19 00:30:00,7.6
33775,2023-12-19 00:45:00,6.2
33776,2023-12-19 01:00:00,6.7
33777,2023-12-19 01:15:00,7.0
33778,2023-12-19 01:30:00,7.1
33779,2023-12-19 01:45:00,7.9
33780,2023-12-19 02:00:00,8.4
33781,2023-12-19 02:15:00,6.9
33782,2023-12-19 02:30:00,6.7
33783,2023-12-19 02:45:00,7.8
33784,2023-12-19 03:00:00,7.6
33785,2023-12-19 03:15:00,7.1
33786,2023-12-19 03:30:00,6.7
33787,2023-12-19 03:45:00,8.1
33788,2023-12-19 04:00:00,7.3
33789,2023-12-19 04:15:00,7.3
33790,2023-12-19 04:30:00,7.6
33791,2023-12-19 04:45:00,7.4
33792,2023-12-19 05:00:00,7.0
33793,2023-12-19 05:15:00,6.8
33794,2023-12-19 05:30:00,7.0
33795,2023-12-19 05:45:00,8.0
33796,2023-12-19 06:00:00,6.3
33797,2023-12-19 06:15:00,7.2
33798,2023-12-19 06:30:00,8.1
33799,2023-12-19 06:45:00,7.3
33800,2023-12-19 07:00:00,6.6
33801,2023-12-19 07:15:00,6.9
33802,2023-12-19 07:30:00,8.8
33803,2023-12-19 07:45:00,7.1
33804,2023-12-19 08:00:00,6.5
33805,2023-12-19 08:15:00,6.3
33806,2023-12-19 08:30:00,7.0
33807,2023-12-19 08:45:00,6.4
33808,2023-12-19 09:00:00,6.2
33809,2023-12-19 09:15:00,6.7
33810,2023-12-19 09:30:00,6.5
33811,2023-12-19 09:45:00,6.4
33812,2023-12-19 10:00:00,7.7
33813,2023-12-19 10:15:00,7.6
33814,2023-12-19 10:30:00,6.8
33815,2023-12-19 10:45:00,7.3
33816,2023-12-19 11:00:00,6.7
33817,2023-12-19 11:15:00,6.9
33818,2023-12-19 11:30:00,7.1
33819,2023-12-19 11:45:00,6.6
33820,2023-12-19 12:00:00,7.2
33821,2023-12-19 12:15:00,7.1
33822,2023-12-19 12:30:00,6.3
33823,2023-12-19 12:45:00,3.0
33824,2023-12-19 13:00:00,3.2
33825,2023-12-19 13:15:00,2.7
33826,2023-12-19 13:30:00,3.0
33827,2023-12-19 13:45:00,2.9
33828,2023-12-19 14:00:00,3.2
33829,2023-12-19 14:15:00,3.4
33830,2023-12-19 14:30:00,2.5
33831,2023-12-19 14:45:00,2.9
33832,2023-12-19 15:00:00,3.7
33833,2023-12-19 15:15:00,3.2
33834,2023-12-19 15:30:00,2.6
33835,2023-12-19 15:45:00,2.6
33836,2023-12-19 16:00:00,3.1
33837,2023-12-19 16:15:00,2.7
33838,2023-12-19 16:30:00,3.3
33839,2023-12-19 16:45:00,4.0
33840,2023-12-19 17:00:00,3.3
33841,2023-12-19 17:15:00,2.4
33842,2023-12-19 17:30:00,4.1
33843,2023-12-19 17:45:00,3.5
33844,2023-12-19 18:00:00,3.8
33845,2023-12-19 18:15:00,3.7
33846,2023-12-19 18:30:00,3.0
33847,2023-12-19 18:45:00,3.4
33848,2023-12-19 19:00:00,2.5
33849,2023-12-19 19:15:00,3.3
33850,2023-12-19 19:30:00,3.1
33851,2023-12-19 19:45:00,3.5
33852,2023-12-19 20:00:00,3.0
33853,2023-12-19 20:15:00,3.7
33854,2023-12-19 20:30:00,3.7
33855,2023-12-19 20:45:00,2.8
33856,2023-12-19 21:00:00,2.9
33857,2023-12-19 21:15:00,2.7
33858,2023-12-19 21:30:00,3.5
33859,2023-12-19 21:45:00,6.2
33860,2023-12-19 22:00:00,6.1
33861,2023-12-19 22:15:00,6.1
33862,2023-12-19 22:30:00,6.1
33863,2023-12-19 22:45:00,5.5
33864,2023-12-19 23:00:00,5.5
33865,2023-12-19 23:15:00,6.0
33866,2023-12-19 23:30:00,6.1
33867,2023-12-19 23:45:00,5.8
33868,2023-12-20 00:00:00,6.8
33869,2023-12-20 00:15:00,7.3
33870,2023-12-20 00:30:00,6.2
33871,2023-12-20 00:45:00,5.8
33872,2023-12-20 01:00:00,6.0
33873,2023-12-20 01:15:00,5.3
33874,2023-12-20 01:30:00,5.7
33875,2023-12-20 01:45:00,6.2
33876,2023-12-20 02:00:00,6.0
33877,2023-12-20 02:15:00,5.7
33878,2023-12-20 02:30:00,5.8
33879,2023-12-20 02:45:00,5.4
33880,2023-12-20 03:00:00,6.7
33881,2023-12-20 03:15:00,6.4
33882,2023-12-20 03:30:00,6.2
33883,2023-12-20 03:45:00,6.0
33884,2023-12-20 04:00:00,6.2
33885,2023-12-20 04:15:00,5.5
33886,2023-12-20 04:30:00,5.9
33887,2023-12-20 04:45:00,5.2
33888,2023-12-20 05:00:00,5.2
33889,2023-12-20 05:15:00,5.6
33890,2023-12-20 05:30:00,6.8
33891,2023-12-20 05:45:00,7.2
33892,2023-12-20 06:00:00,5.6
33893,2023-12-20 06:15:00,6.5
33894,2023-12-20 06:30:00,5.4
33895,2023-12-20 06:45:00,6.1
33896,2023-12-20 07:00:00,5.7
33897,2023-12-20 07:15:00,5.9
33898,2023-12-20 07:30:00,7.3
33899,2023-12-20 07:45:00,6.0
33900,2023-12-20 08:00:00,6.5
33901,2023-12-20 08:15:00,6.1
33902,2023-12-20 08:30:00,6.8
33903,2023-12-20 08:45:00,5.8
33904,2023-12-20 09:00:00,5.3
33905,2023-12-20 09:15:00,5.8
33906,2023-12-20 09:30:00,7.1
33907,2023-12-20 09:45:00,6.3
33908,2023-12-20 10:00:00,5.9
33909,2023-12-20 10:15:00,6.0
33910,2023-12-20 10:30:00,5.9
33911,2023-12-20 10:45:00,5.8
33912,2023-12-20 11:00:00,5.6
33913,2023-12-20 11:15:00,5.3
33914,2023-12-20 11:30:00,5.6
33915,2023-12-20 11:45:00,6.5
33916,2023-12-20 12:00:00,5.3
33917,2023-12-20 12:15:00,6.5
33918,2023-12-20 12:30:00,3.3
33919,2023-12-20 12:45:00,2.7
33920,2023-12-20 13:00:00,2.6
33921,2023-12-20 13:15:00,3.8
33922,2023-12-20 13:30:00,3.4
33923,2023-12-20 13:45:00,2.4
33924,2023-12-20 14:00:00,3.0
33925,2023-12-20 14:15:00,3.4
33926,2023-12-20 14:30:00,3.5
33927,2023-12-20 14:45:00,2.2
33928,2023-12-20 15:00:00,2.7
33929,2023-12-20 15:15:00,2.8
33930,2023-12-20 15:30:00,2.5
33931,2023-12-20 15:45:00,2.7
33932,2023-12-20 16:00:00,3.2
33933,2023-12-20 16:15:00,2.7
33934,2023-12-20 16:30:00,2.6
33935,2023-12-20 16:45:00,3.2
33936,2023-12-20 17:00:00,2.9
33937,2023-12-20 17:15:00,3.3
33938,2023-12-20 17:30:00,3.1
33939,2023-12-20 17:45:00,2.6
33940,2023-12-20 18:00:00,3.2
33941,2023-12-20 18:15:00,2.6
33942,2023-12-20 18:30:00,3.1
33943,2023-12-20 18:45:00,2.2
33944,2023-12-20 19:00:00,3.2
33945,2023-12-20 19:15:00,2.4
33946,2023-12-20 19:30:00,2.7
33947,2023-12-20 19:45:00,2.9
33948,2023-12-20 20:00:00,2.6
33949,2023-12-20 20:15:00,2.3
33950,2023-12-20 20:30:00,3.3
33951,2023-12-20 20:45:00,3.7
33952,2023-12-20 21:00:00,3.7
33953,2023-12-20 21:15:00,3.0
33954,2023-12-20 21:30:00,3.4
33955,2023-12-20 21:45:00,6.3
33956,2023-12-20 22:00:00,6.3
33957,2023-12-20 22:15:00,6.3
33958,2023-12-20 22:30:00,5.4
33959,2023-12-20 22:45:00,6.4
33960,2023-12-20 23:00:00,5.4
33961,2023-12-20 23:15:00,5.9
33962,2023-12-20 23:30:00,5.4
33963,2023-12-20 23:45:00,6.4
33964,2023-12-21 00:00:00,6.1
33965,2023-12-21 00:15:00,6.4
33966,2023-12-21 00:30:00,6.7
33967,2023-12-21 00:45:00,6.7
33968,2023-12-21 01:00:00,6.4
33969,2023-12-21 01:15:00,6.4
33970,2023-12-21 01:30:00,8.7
33971,2023-12-21 01:45:00,7.0
33972,2023-12-21 02:00:00,6.4
33973,2023-12-21 02:15:00,7.3
33974,2023-12-21 02:30:00,6.7
33975,2023-12-21 02:45:00,6.8
33976,2023-12-21 03:00:00,6.8
33977,2023-12-21 03:15:00,7.4
33978,2023-12-21 03:30:00,7.1
33979,2023-12-21 03:45:00,7.0
33980,2023-12-21 04:00:00,6.5
33981,2023-12-21 04:15:00,7.6
33982,2023-12-21 04:30:00,7.0
33983,2023-12-21 04:45:00,6.3
33984,2023-12-21 05:00:00,7.0
33985,2023-12-21 05:15:00,6.5
33986,2023-12-21 05:30:00,7.0
33987,2023-12-21 05:45:00,6.7
33988,2023-12-21 06:00:00,7.4
33989,2023-12-21 06:15:00,6.1
33990,2023-12-21 06:30:00,6.6
33991,2023-12-21 06:45:00,6.3
33992,2023-12-21 07:00:00,7.2
33993,2023-12-21 07:15:00,6.6
33994,2023-12-21 07:30:00,6.3
33995,2023-12-21 07:45:00,7.2
33996,2023-12-21 08:00:00,6.8
33997,2023-12-21 08:15:00,7.2
33998,2023-12-21 08:30:00,6.6
33999,2023-12-21 08:45:00,6.4
34000,2023-12-21 09:00:00,6.1
34001,2023-12-21 09:15:00,7.0
34002,2023-12-21 09:30:00,7.3
34003,2023-12-21 09:45:00,8.7
34004,2023-12-21 10:00:00,7.5
34005,2023-12-21 10:15:00,7.1
34006,2023-12-21 10:30:00,6.6
34007,2023-12-21 10:45:00,7.8
34008,2023-12-21 11:00:00,7.6
34009,2023-12-21 11:15:00,6.8
34010,2023-12-21 11:30:00,6.5
34011,2023-12-21 11:45:00,7.0
34012,2023-12-21 12:00:00,7.6
34013,2023-12-21 12:15:00,6.6
34014,2023-12-21 12:30:00,3.7
34015,2023-12-21 12:45:00,3.3
34016,2023-12-21 13:00:00,3.2
34017,2023-12-21 13:15:00,2.7
34018,2023-12-21 13:30:00,3.6
34019,2023-12-21 13:45:00,2.9
34020,2023-12-21 14:00:00,2.9
34021,2023-12-21 14:15:00,3.1
34022,2023-12-21 14:30:00,3.3
34023,2023-12-21 14:45:00,2.5
34024,2023-12-21 15:00:00,3.4
34025,2023-12-21 15:15:00,3.3
34026,2023-12-21 15:30:00,3.8
34027,2023-12-21 15:45:00,3.2
34028,2023-12-21 16:00:00,2.6
34029,2023-12-21 16:15:00,4.6
34030,2023-12-21 16:30:00,2.7
34031,2023-12-21 16:45:00,2.5
34032,2023-12-21 17:00:00,2.4
34033,2023-12-21 17:15:00,2.6
34034,2023-12-21 17:30:00,2.7
34035,2023-12-21 17:45:00,3.1
34036,2023-12-21 18:00:00,3.1
34037,2023-12-21 18:15:00,4.1
34038,2023-12-21 18:30:00,2.5
34039,2023-12-21 18:45:00,2.7
34040,2023-12-21 19:00:00,3.6
34041,2023-12-21 19:15:00,2.6
34042,2023-12-21 19:30:00,2.2
34043,2023-12-21 19:45:00,2.1
34044,2023-12-21 20:00:00,3.0
34045,2023-12-21 20:15:00,3.0
34046,2023-12-21 20:30:00,2.6
34047,2023-12-21 20:45:00,3.9
34048,2023-12-21 21:00:00,2.8
34049,2023-12-21 21:15:00,2.9
34050,2023-12-21 21:30:00,3.8
34051,2023-12-21 21:45:00,5.4
34052,2023-12-21 22:00:00,5.8
34053,2023-12-21 22:15:00,5.7
34054,2023-12-21 22:30:00,7.0
34055,2023-12-21 22:45:00,6.2
34056,2023-12-21 23:00:00,5.8
34057,2023-12-21 23:15:00,5.6
34058,2023-12-21 23:30:00,6.3
34059,2023-12-21 23:45:00,6.1
34060,2023-12-22 00:00:00,5.8
34061,2023-12-22 00:15:00,5.3
34062,2023-12-22 00:30:00,5.1
34063,2023-12-22 00:45:00,5.7
34064,2023-12-22 01:00:00,5.9
34065,2023-12-22 01:15:00,5.5
34066,2023-12-22 01:30:00,6.6
34067,2023-12-22 01:45:00,6.2
34068,2023-12-22 02:00:00,5.7
34069,2023-12-22 02:15:00,5.8
34070,2023-12-22 02:30:00,6.5
34071,2023-12-22 02:45:00,6.0
34072,2023-12-22 03:00:00,5.6
34073,2023-12-22 03:15:00,5.7
34074,2023-12-22 03:30:00,6.3
34075,2023-12-22 03:45:00,5.3
34076,2023-12-22 04:00:00,6.3
34077,2023-12-22 04:15:00,5.6
34078,2023-12-22 04:30:00,5.8
34079,2023-12-22 04:45:00,6.6
34080,2023-12-22 05:00:00,6.1
34081,2023-12-22 05:15:00,6.2
34082,2023-12-22 05:30:00,5.7
34083,2023-12-22 05:45:00,5.6
34084,2023-12-22 06:00:00,6.2
34085,2023-12-22 06:15:00,5.9
34086,2023-12-22 06:30:00,5.8
34087,2023-12-22 06:45:00,5.6
34088,2023-12-22 07:00:00,5.7
34089,2023-12-22 07:15:00,6.1
34090,2023-12-22 07:30:00,5.6
34091,2023-12-22 07:45:00,6.1
34092,2023-12-22 08:00:00,5.7
34093,2023-12-22 08:15:00,5.5
34094,2023-12-22 08:30:00,5.7
34095,2023-12-22 08:45:00,6.0
34096,2023-12-22 09:00:00,6.6
34097,2023-12-22 09:15:00,5.7
34098,2023-12-22 09:30:00,5.7
34099,2023-12-22 09:45:00,5.9
34100,2023-12-22 10:00:00,6.3
34101,2023-12-22 10:15:00,5.7
34102,2023-12-22 10:30:00,6.3
34103,2023-12-22 10:45:00,5.6
34104,2023-12-22 11:00:00,6.4
34105,2023-12-22 11:15:00,6.1
34106,2023-12-22 11:30:00,5.4
34107,2023-12-22 11:45:00,6.2
34108,2023-12-22 12:00:00,6.2
34109,2023-12-22 12:15:00,5.6
34110,2023-12-22 12:30:00,2.3
34111,2023-12-22 12:45:00,3.0
34112,2023-12-22 13:00:00,2.4
34113,2023-12-22 13:15:00,2.3
34114,2023-12-22 13:30:00,3.0
34115,2023-12-22 13:45:00,2.4
34116,2023-12-22 14:00:00,2.0
34117,2023-12-22 14:15:00,2.1
34118,2023-12-22 14:30:00,2.5
34119,2023-12-22 14:45:00,2.5
34120,2023-12-22 15:00:00,2.8
34121,2023-12-22 15:15:00,2.7
34122,2023-12-22 15:30:00,3.1
34123,2023-12-22 15:45:00,4.2
34124,2023-12-22 16:00:00,2.4
34125,2023-12-22 16:15:00,2.8
34126,2023-12-22 16:30:00,3.1
34127,2023-12-22 16:45:00,3.0
34128,2023-12-22 17:00:00,2.4
34129,2023-12-22 17:15:00,2.4
34130,2023-12-22 17:30:00,2.6
34131,2023-12-22 17:45:00,3.7
34132,2023-12-22 18:00:00,2.2
34133,2023-12-22 18:15:00,3.1
34134,2023-12-22 18:30:00,2.9
34135,2023-12-22 18:45:00,3.4
34136,2023-12-22 19:00:00,2.3
34137,2023-12-22 19:15:00,3.6
34138,2023-12-22 19:30:00,2.8
34139,2023-12-22 19:45:00,3.1
34140,2023-12-22 20:00:00,2.1
34141,2023-12-22 20:15:00,2.6
34142,2023-12-22 20:30:00,2.2
34143,2023-12-22 20:45:00,2.7
34144,2023-12-22 21:00:00,3.0
34145,2023-12-22 21:15:00,2.9
34146,2023-12-22 21:30:00,2.6
34147,2023-12-22 21:45:00,6.4
34148,2023-12-22 22:00:00,5.8
34149,2023-12-22 22:15:00,6.4
34150,2023-12-22 22:30:00,5.5
34151,2023-12-22 22:45:00,6.1
34152,2023-12-22 23:00:00,5.6
34153,2023-12-22 23:15:00,5.8
34154,2023-12-22 23:30:00,6.5
34155,2023-12-22 23:45:00,6.3
34156,2023-12-23 00:00:00,7.4
34157,2023-12-23 00:15:00,6.6
34158,2023-12-23 00:30:00,6.9
34159,2023-12-23 00:45:00,6.8
34160,2023-12-23 01:00:00,6.6
34161,2023-12-23 01:15:00,7.3
34162,2023-12-23 01:30:00,7.0
34163,2023-12-23 01:45:00,6.5
34164,2023-12-23 02:00:00,6.6
34165,2023-12-23 02:15:00,6.7
34166,2023-12-23 02:30:00,6.4
34167,2023-12-23 02:45:00,6.7
34168,2023-12-23 03:00:00,6.3
34169,2023-12-23 03:15:00,7.1
34170,2023-12-23 03:30:00,6.4
34171,2023-12-23 03:45:00,7.5
34172,2023-12-23 04:00:00,6.5
34173,2023-12-23 04:15:00,8.5
34174,2023-12-23 04:30:00,7.0
34175,2023-12-23 04:45:00,6.6
34176,2023-12-23 05:00:00,6.5
34177,2023-12-23 05:15:00,7.2
34178,2023-12-23 05:30:00,6.4
34179,2023-12-23 05:45:00,7.0
34180,2023-12-23 06:00:00,7.5
34181,2023-12-23 06:15:00,7.1
34182,2023-12-23 06:30:00,6.8
34183,2023-12-23 06:45:00,6.9
34184,2023-12-23 07:00:00,6.9
34185,2023-12-23 07:15:00,7.0
34186,2023-12-23 07:30:00,6.9
34187,2023-12-23 07:45:00,6.5
34188,2023-12-23 08:00:00,6.7
34189,2023-12-23 08:15:00,6.6
34190,2023-12-23 08:30:00,7.1
34191,2023-12-23 08:45:00,6.3
34192,2023-12-23 09:00:00,7.2
34193,2023-12-23 09:15:00,7.5
34194,2023-12-23 09:30:00,7.0
34195,2023-12-23 09:45:00,7.1
34196,2023-12-23 10:00:00,6.7
34197,2023-12-23 10:15:00,6.7
34198,2023-12-23 10:30:00,6.3
34199,2023-12-23 10:45:00,7.3
34200,2023-12-23 11:00:00,7.3
34201,2023-12-23 11:15:00,6.4
34202,2023-12-23 11:30:00,7.0
34203,2023-12-23 11:45:00,6.9
34204,2023-12-23 12:00:00,6.7
34205,2023-12-23 12:15:00,6.7
34206,2023-12-23 12:30:00,7.1
34207,2023-12-23 12:45:00,3.8
34208,2023-12-23 13:00:00,2.9
34209,2023-12-23 13:15:00,3.4
34210,2023-12-23 13:30:00,3.0
34211,2023-12-23 13:45:00,3.0
34212,2023-12-23 14:00:00,3.8
34213,2023-12-23 14:15:00,2.4
34214,2023-12-23 14:30:00,2.8
34215,2023-12-23 14:45:00,4.0
34216,2023-12-23 15:00:00,3.0
34217,2023-12-23 15:15:00,2.4
34218,2023-12-23 15:30:00,3.0
34219,2023-12-23 15:45:00,2.5
34220,2023-12-23 16:00:00,2.1
34221,2023-12-23 16:15:00,4.4
34222,2023-12-23 16:30:00,3.3
34223,2023-12-23 16:45:00,2.7
34224,2023-12-23 17:00:00,2.8
34225,2023-12-23 17:15:00,3.2
34226,2023-12-23 17:30:00,3.2
34227,2023-12-23 17:45:00,3.6
34228,2023-12-23 18:00:00,2.9
34229,2023-12-23 18:15:00,3.1
34230,2023-12-23 18:30:00,3.3
34231,2023-12-23 18:45:00,3.5
34232,2023-12-23 19:00:00,2.8
34233,2023-12-23 19:15:00,3.3
34234,2023-12-23 19:30:00,2.6
34235,2023-12-23 19:45:00,3.3
34236,2023-12-23 20:00:00,2.9
34237,2023-12-23 20:15:00,2.9
34238,2023-12-23 20:30:00,2.4
34239,2023-12-23 20:45:00,2.6
34240,2023-12-23 21:00:00,3.2
34241,2023-12-23 21:15:00,3.1
34242,2023-12-23 21:30:00,3.2
34243,2023-12-23 21:45:00,5.3
34244,2023-12-23 22:00:00,6.4
34245,2023-12-23 22:15:00,5.8
34246,2023-12-23 22:30:00,6.0
34247,2023-12-23 22:45:00,6.0
34248,2023-12-23 23:00:00,6.6
34249,2023-12-23 23:15:00,6.6
34250,2023-12-23 23:30:00,5.9
34251,2023-12-23 23:45:00,5.6
34252,2023-12-24 00:00:00,7.0
34253,2023-12-24 00:15:00,5.6
34254,2023-12-24 00:30:00,7.1
34255,2023-12-24 00:45:00,7.9
34256,2023-12-24 01:00:00,6.5
34257,2023-12-24 01:15:00,7.0
34258,2023-12-24 01:30:00,6.4
34259,2023-12-24 01:45:00,7.4
34260,2023-12-24 02:00:00,7.4
34261,2023-12-24 02:15:00,6.8
34262,2023-12-24 02:30:00,6.8
34263,2023-12-24 02:45:00,7.0
34264,2023-12-24 03:00:00,6.7
34265,2023-12-24 03:15:00,6.5
34266,2023-12-24 03:30:00,7.2
34267,2023-12-24 03:45:00,6.4
34268,2023-12-24 04:00:00,6.6
34269,2023-12-24 04:15:00,6.3
34270,2023-12-24 04:30:00,7.2
34271,2023-12-24 04:45:00,6.2
34272,2023-12-24 05:00:00,6.2
34273,2023-12-24 05:15:00,7.1
34274,2023-12-24 05:30:00,6.8
34275,2023-12-24 05:45:00,7.0
34276,2023-12-24 06:00:00,6.4
34277,2023-12-24 06:15:00,8.5
34278,2023-12-24 06:30:00,7.3
34279,2023-12-24 06:45:00,6.6
34280,2023-12-24 07:00:00,6.7
34281,2023-12-24 07:15:00,7.2
34282,2023-12-24 07:30:00,6.8
34283,2023-12-24 07:45:00,7.3
34284,2023-12-24 08:00:00,7.4
34285,2023-12-24 08:15:00,7.2
34286,2023-12-24 08:30:00,6.3
34287,2023-12-24 08:45:00,6.6
34288,2023-12-24 09:00:00,7.5
34289,2023-12-24 09:15:00,7.2
34290,2023-12-24 09:30:00,7.0
34291,2023-12-24 09:45:00,7.4
34292,2023-12-24 10:00:00,6.1
34293,2023-12-24 10:15:00,7.1
34294,2023-12-24 10:30:00,6.8
34295,2023-12-24 10:45:00,7.2
34296,2023-12-24 11:00:00,6.4
34297,2023-12-24 11:15:00,6.7
34298,2023-12-24 11:30:00,7.0
34299,2023-12-24 11:45:00,6.5
34300,2023-12-24 12:00:00,6.7
34301,2023-12-24 12:15:00,6.1
34302,2023-12-24 12:30:00,7.3
34303,2023-12-24 12:45:00,6.9
34304,2023-12-24 13:00:00,2.9
34305,2023-12-24 13:15:00,3.4
34306,2023-12-24 13:30:00,3.0
34307,2023-12-24 13:45:00,3.4
34308,2023-12-24 14:00:00,2.7
34309,2023-12-24 14:15:00,3.4
34310,2023-12-24 14:30:00,2.7
34311,2023-12-24 14:45:00,2.3
34312,2023-12-24 15:00:00,3.4
34313,2023-12-24 15:15:00,3.1
34314,2023-12-24 15:30:00,3.4
34315,2023-12-24 15:45:00,2.6
34316,2023-12-24 16:00:00,3.2
34317,2023-12-24 16:15:00,2.8
34318,2023-12-24 16:30:00,2.2
34319,2023-12-24 16:45:00,3.0
34320,2023-12-24 17:00:00,2.7
34321,2023-12-24 17:15:00,3.8
34322,2023-12-24 17:30:00,2.4
34323,2023-12-24 17:45:00,2.8
34324,2023-12-24 18:00:00,2.5
34325,2023-12-24 18:15:00,2.8
34326,2023-12-24 18:30:00,3.6
34327,2023-12-24 18:45:00,3.4
34328,2023-12-24 19:00:00,2.4
34329,2023-12-24 19:15:00,2.7
34330,2023-12-24 19:30:00,2.4
34331,2023-12-24 19:45:00,4.5
34332,2023-12-24 20:00:00,2.7
34333,2023-12-24 20:15:00,2.3
34334,2023-12-24 20:30:00,3.5
34335,2023-12-24 20:45:00,2.8
34336,2023-12-24 21:00:00,3.2
34337,2023-12-24 21:15:00,2.7
34338,2023-12-24 21:30:00,9.4
34339,2023-12-24 21:45:00,5.5
34340,2023-12-24 22:00:00,5.6
34341,2023-12-24 22:15:00,6.2
34342,2023-12-24 22:30:00,7.9
34343,2023-12-24 22:45:00,6.8
34344,2023-12-24 23:00:00,7.1
34345,2023-12-24 23:15:00,7.1
34346,2023-12-24 23:30:00,7.2
34347,2023-12-24 23:45:00,6.1
34348,2023-12-25 00:00:00,7.6
34349,2023-12-25 00:15:00,6.4
34350,2023-12-25 00:30:00,7.2
34351,2023-12-25 00:45:00,6.0
34352,2023-12-25 01:00:00,6.7
34353,2023-12-25 01:15:00,7.2
34354,2023-12-25 01:30:00,7.0
34355,2023-12-25 01:45:00,7.9
34356,2023-12-25 02:00:00,6.4
34357,2023-12-25 02:15:00,6.9
34358,2023-12-25 02:30:00,6.8
34359,2023-12-25 02:45:00,7.2
34360,2023-12-25 03:00:00,6.8
34361,2023-12-25 03:15:00,6.4
34362,2023-12-25 03:30:00,7.9
34363,2023-12-25 03:45:00,6.2
34364,2023-12-25 04:00:00,6.9
34365,2023-12-25 04:15:00,6.2
34366,2023-12-25 04:30:00,7.0
34367,2023-12-25 04:45:00,6.2
34368,2023-12-25 05:00:00,6.5
34369,2023-12-25 05:15:00,7.4
34370,2023-12-25 05:30:00,7.0
34371,2023-12-25 05:45:00,6.7
34372,2023-12-25 06:00:00,6.4
34373,2023-12-25 06:15:00,6.5
34374,2023-12-25 06:30:00,7.3
34375,2023-12-25 06:45:00,7.2
34376,2023-12-25 07:00:00,7.3
34377,2023-12-25 07:15:00,6.7
34378,2023-12-25 07:30:00,6.8
34379,2023-12-25 07:45:00,6.9
34380,2023-12-25 08:00:00,7.2
34381,2023-12-25 08:15:00,6.3
34382,2023-12-25 08:30:00,7.2
34383,2023-12-25 08:45:00,7.9
34384,2023-12-25 09:00:00,6.3
34385,2023-12-25 09:15:00,6.6
34386,2023-12-25 09:30:00,7.1
34387,2023-12-25 09:45:00,7.0
34388,2023-12-25 10:00:00,6.6
34389,2023-12-25 10:15:00,7.2
34390,2023-12-25 10:30:00,7.0
34391,2023-12-25 10:45:00,6.2
34392,2023-12-25 11:00:00,6.2
34393,2023-12-25 11:15:00,7.7
34394,2023-12-25 11:30:00,7.7
34395,2023-12-25 11:45:00,6.5
34396,2023-12-25 12:00:00,6.7
34397,2023-12-25 12:15:00,6.9
34398,2023-12-25 12:30:00,6.6
34399,2023-12-25 12:45:00,3.2
34400,2023-12-25 13:00:00,2.5
34401,2023-12-25 13:15:00,3.4
34402,2023-12-25 13:30:00,3.8
34403,2023-12-25 13:45:00,2.9
34404,2023-12-25 14:00:00,3.1
34405,2023-12-25 14:15:00,2.9
34406,2023-12-25 14:30:00,2.3
34407,2023-12-25 14:45:00,2.1
34408,2023-12-25 15:00:00,2.9
34409,2023-12-25 15:15:00,2.9
34410,2023-12-25 15:30:00,2.4
34411,2023-12-25 15:45:00,3.3
34412,2023-12-25 16:00:00,3.4
34413,2023-12-25 16:15:00,3.5
34414,2023-12-25 16:30:00,2.6
34415,2023-12-25 16:45:00,3.4
34416,2023-12-25 17:00:00,3.1
34417,2023-12-25 17:15:00,2.5
34418,2023-12-25 17:30:00,4.1
34419,2023-12-25 17:45:00,2.7
34420,2023-12-25 18:00:00,3.3
34421,2023-12-25 18:15:00,4.5
34422,2023-12-25 18:30:00,3.7
34423,2023-12-25 18:45:00,3.3
34424,2023-12-25 19:00:00,3.1
34425,2023-12-25 19:15:00,4.6
34426,2023-12-25 19:30:00,2.8
34427,2023-12-25 19:45:00,3.2
34428,2023-12-25 20:00:00,2.5
34429,2023-12-25 20:15:00,4.2
34430,2023-12-25 20:30:00,4.2
34431,2023-12-25 20:45:00,2.4
34432,2023-12-25 21:00:00,3.7
34433,2023-12-25 21:15:00,2.8
34434,2023-12-25 21:30:00,2.3
34435,2023-12-25 21:45:00,6.8
34436,2023-12-25 22:00:00,7.3
34437,2023-12-25 22:15:00,7.5
34438,2023-12-25 22:30:00,6.3
34439,2023-12-25 22:45:00,7.1
34440,2023-12-25 23:00:00,7.3
34441,2023-12-25 23:15:00,6.5
34442,2023-12-25 23:30:00,7.4
34443,2023-12-25 23:45:00,6.8
34444,2023-12-26 00:00:00,6.9
34445,2023-12-26 00:15:00,8.5
34446,2023-12-26 00:30:00,8.2
34447,2023-12-26 00:45:00,6.9
34448,2023-12-26 01:00:00,6.2
34449,2023-12-26 01:15:00,6.7
34450,2023-12-26 01:30:00,7.0
34451,2023-12-26 01:45:00,6.4
34452,2023-12-26 02:00:00,6.4
34453,2023-12-26 02:15:00,8.2
34454,2023-12-26 02:30:00,6.6
34455,2023-12-26 02:45:00,6.6
34456,2023-12-26 03:00:00,7.7
34457,2023-12-26 03:15:00,6.5
34458,2023-12-26 03:30:00,7.3
34459,2023-12-26 03:45:00,7.4
34460,2023-12-26 04:00:00,6.8
34461,2023-12-26 04:15:00,7.2
34462,2023-12-26 04:30:00,7.4
34463,2023-12-26 04:45:00,7.8
34464,2023-12-26 05:00:00,6.8
34465,2023-12-26 05:15:00,6.4
34466,2023-12-26 05:30:00,8.1
34467,2023-12-26 05:45:00,6.6
34468,2023-12-26 06:00:00,6.8
34469,2023-12-26 06:15:00,6.9
34470,2023-12-26 06:30:00,7.7
34471,2023-12-26 06:45:00,7.2
34472,2023-12-26 07:00:00,7.4
34473,2023-12-26 07:15:00,6.7
34474,2023-12-26 07:30:00,8.0
34475,2023-12-26 07:45:00,6.8
34476,2023-12-26 08:00:00,7.1
34477,2023-12-26 08:15:00,7.2
34478,2023-12-26 08:30:00,6.3
34479,2023-12-26 08:45:00,6.7
34480,2023-12-26 09:00:00,7.5
34481,2023-12-26 09:15:00,6.9
34482,2023-12-26 09:30:00,7.3
34483,2023-12-26 09:45:00,7.5
34484,2023-12-26 10:00:00,7.3
34485,2023-12-26 10:15:00,6.6
34486,2023-12-26 10:30:00,7.5
34487,2023-12-26 10:45:00,7.3
34488,2023-12-26 11:00:00,6.5
34489,2023-12-26 11:15:00,7.5
34490,2023-12-26 11:30:00,7.3
34491,2023-12-26 11:45:00,7.7
34492,2023-12-26 12:00:00,7.4
34493,2023-12-26 12:15:00,7.7
34494,2023-12-26 12:30:00,4.9
34495,2023-12-26 12:45:00,3.5
34496,2023-12-26 13:00:00,3.2
34497,2023-12-26 13:15:00,2.7
34498,2023-12-26 13:30:00,3.6
34499,2023-12-26 13:45:00,3.0
34500,2023-12-26 14:00:00,3.3
34501,2023-12-26 14:15:00,4.3
34502,2023-12-26 14:30:00,3.1
34503,2023-12-26 14:45:00,2.7
34504,2023-12-26 15:00:00,2.8
34505,2023-12-26 15:15:00,4.1
34506,2023-12-26 15:30:00,2.7
34507,2023-12-26 15:45:00,3.2
34508,2023-12-26 16:00:00,3.7
34509,2023-12-26 16:15:00,3.5
34510,2023-12-26 16:30:00,3.8
34511,2023-12-26 16:45:00,3.0
34512,2023-12-26 17:00:00,3.5
34513,2023-12-26 17:15:00,3.3
34514,2023-12-26 17:30:00,3.7
34515,2023-12-26 17:45:00,3.5
34516,2023-12-26 18:00:00,4.2
34517,2023-12-26 18:15:00,3.8
34518,2023-12-26 18:30:00,3.3
34519,2023-12-26 18:45:00,2.7
34520,2023-12-26 19:00:00,3.1
34521,2023-12-26 19:15:00,2.8
34522,2023-12-26 19:30:00,3.1
34523,2023-12-26 19:45:00,2.5
34524,2023-12-26 20:00:00,3.5
34525,2023-12-26 20:15:00,3.1
34526,2023-12-26 20:30:00,2.5
34527,2023-12-26 20:45:00,3.5
34528,2023-12-26 21:00:00,3.1
34529,2023-12-26 21:15:00,3.5
34530,2023-12-26 21:30:00,4.9
34531,2023-12-26 21:45:00,6.6
34532,2023-12-26 22:00:00,8.4
34533,2023-12-26 22:15:00,8.1
34534,2023-12-26 22:30:00,7.3
34535,2023-12-26 22:45:00,7.1
34536,2023-12-26 23:00:00,7.4
34537,2023-12-26 23:15:00,7.1
34538,2023-12-26 23:30:00,7.2
34539,2023-12-26 23:45:00,8.0
34540,2023-12-27 00:00:00,7.7
34541,2023-12-27 00:15:00,6.8
34542,2023-12-27 00:30:00,6.5
34543,2023-12-27 00:45:00,8.8
34544,2023-12-27 01:00:00,7.0
34545,2023-12-27 01:15:00,6.8
34546,2023-12-27 01:30:00,7.5
34547,2023-12-27 01:45:00,7.8
34548,2023-12-27 02:00:00,7.5
34549,2023-12-27 02:15:00,7.1
34550,2023-12-27 02:30:00,6.8
34551,2023-12-27 02:45:00,7.4
34552,2023-12-27 03:00:00,6.2
34553,2023-12-27 03:15:00,7.7
34554,2023-12-27 03:30:00,7.0
34555,2023-12-27 03:45:00,6.8
34556,2023-12-27 04:00:00,7.0
34557,2023-12-27 04:15:00,5.9
34558,2023-12-27 04:30:00,6.8
34559,2023-12-27 04:45:00,7.7
34560,2023-12-27 05:00:00,8.0
34561,2023-12-27 05:15:00,6.7
34562,2023-12-27 05:30:00,8.0
34563,2023-12-27 05:45:00,6.3
34564,2023-12-27 06:00:00,8.0
34565,2023-12-27 06:15:00,6.3
34566,2023-12-27 06:30:00,6.6
34567,2023-12-27 06:45:00,9.9
34568,2023-12-27 07:00:00,7.0
34569,2023-12-27 07:15:00,6.5
34570,2023-12-27 07:30:00,6.7
34571,2023-12-27 07:45:00,6.7
34572,2023-12-27 08:00:00,8.3
34573,2023-12-27 08:15:00,6.8
34574,2023-12-27 08:30:00,7.2
34575,2023-12-27 08:45:00,7.5
34576,2023-12-27 09:00:00,7.4
34577,2023-12-27 09:15:00,6.2
34578,2023-12-27 09:30:00,8.3
34579,2023-12-27 09:45:00,6.2
34580,2023-12-27 10:00:00,6.7
34581,2023-12-27 10:15:00,8.2
34582,2023-12-27 10:30:00,6.7
34583,2023-12-27 10:45:00,6.3
34584,2023-12-27 11:00:00,8.7
34585,2023-12-27 11:15:00,6.1
34586,2023-12-27 11:30:00,7.7
34587,2023-12-27 11:45:00,6.4
34588,2023-12-27 12:00:00,7.8
34589,2023-12-27 12:15:00,7.1
34590,2023-12-27 12:30:00,7.2
34591,2023-12-27 12:45:00,7.7
34592,2023-12-27 13:00:00,4.5
34593,2023-12-27 13:15:00,3.0
34594,2023-12-27 13:30:00,4.3
34595,2023-12-27 13:45:00,3.8
34596,2023-12-27 14:00:00,3.3
34597,2023-12-27 14:15:00,3.3
34598,2023-12-27 14:30:00,3.3
34599,2023-12-27 14:45:00,2.8
34600,2023-12-27 15:00:00,3.8
34601,2023-12-27 15:15:00,2.5
34602,2023-12-27 15:30:00,4.3
34603,2023-12-27 15:45:00,4.4
34604,2023-12-27 16:00:00,2.5
34605,2023-12-27 16:15:00,4.6
34606,2023-12-27 16:30:00,3.3
34607,2023-12-27 16:45:00,2.4
34608,2023-12-27 17:00:00,2.4
34609,2023-12-27 17:15:00,4.2
34610,2023-12-27 17:30:00,4.3
34611,2023-12-27 17:45:00,2.3
34612,2023-12-27 18:00:00,3.4
34613,2023-12-27 18:15:00,3.0
34614,2023-12-27 18:30:00,3.0
34615,2023-12-27 18:45:00,3.7
34616,2023-12-27 19:00:00,3.5
34617,2023-12-27 19:15:00,3.0
34618,2023-12-27 19:30:00,3.7
34619,2023-12-27 19:45:00,3.1
34620,2023-12-27 20:00:00,3.0
34621,2023-12-27 20:15:00,3.0
34622,2023-12-27 20:30:00,3.1
34623,2023-12-27 20:45:00,3.5
34624,2023-12-27 21:00:00,3.4
34625,2023-12-27 21:15:00,2.7
34626,2023-12-27 21:30:00,6.5
34627,2023-12-27 21:45:00,7.0
34628,2023-12-27 22:00:00,6.7
34629,2023-12-27 22:15:00,6.5
34630,2023-12-27 22:30:00,7.0
34631,2023-12-27 22:45:00,7.6
34632,2023-12-27 23:00:00,6.6
34633,2023-12-27 23:15:00,7.1
34634,2023-12-27 23:30:00,7.4
34635,2023-12-27 23:45:00,6.5
34636,2023-12-28 00:00:00,6.5
34637,2023-12-28 00:15:00,7.9
34638,2023-12-28 00:30:00,6.4
34639,2023-12-28 00:45:00,7.6
34640,2023-12-28 01:00:00,8.0
34641,2023-12-28 01:15:00,6.8
34642,2023-12-28 01:30:00,7.9
34643,2023-12-28 01:45:00,7.4
34644,2023-12-28 02:00:00,7.5
34645,2023-12-28 02:15:00,6.6
34646,2023-12-28 02:30:00,7.4
34647,2023-12-28 02:45:00,8.2
34648,2023-12-28 03:00:00,7.3
34649,2023-12-28 03:15:00,6.2
34650,2023-12-28 03:30:00,7.0
34651,2023-12-28 03:45:00,8.4
34652,2023-12-28 04:00:00,7.2
34653,2023-12-28 04:15:00,6.8
34654,2023-12-28 04:30:00,8.3
34655,2023-12-28 04:45:00,6.5
34656,2023-12-28 05:00:00,6.8
34657,2023-12-28 05:15:00,7.3
34658,2023-12-28 05:30:00,7.2
34659,2023-12-28 05:45:00,6.7
34660,2023-12-28 06:00:00,8.0
34661,2023-12-28 06:15:00,7.6
34662,2023-12-28 06:30:00,7.0
34663,2023-12-28 06:45:00,7.7
34664,2023-12-28 07:00:00,7.2
34665,2023-12-28 07:15:00,7.8
34666,2023-12-28 07:30:00,7.0
34667,2023-12-28 07:45:00,10.6
34668,2023-12-28 08:00:00,7.3
34669,2023-12-28 08:15:00,8.0
34670,2023-12-28 08:30:00,6.2
34671,2023-12-28 08:45:00,6.6
34672,2023-12-28 09:00:00,7.0
34673,2023-12-28 09:15:00,7.3
34674,2023-12-28 09:30:00,8.2
34675,2023-12-28 09:45:00,7.4
34676,2023-12-28 10:00:00,7.7
34677,2023-12-28 10:15:00,7.3
34678,2023-12-28 10:30:00,6.1
34679,2023-12-28 10:45:00,8.0
34680,2023-12-28 11:00:00,7.0
34681,2023-12-28 11:15:00,6.9
34682,2023-12-28 11:30:00,6.5
34683,2023-12-28 11:45:00,7.5
34684,2023-12-28 12:00:00,7.6
34685,2023-12-28 12:15:00,7.4
34686,2023-12-28 12:30:00,6.2
34687,2023-12-28 12:45:00,4.8
34688,2023-12-28 13:00:00,2.3
34689,2023-12-28 13:15:00,2.3
34690,2023-12-28 13:30:00,4.1
34691,2023-12-28 13:45:00,2.5
34692,2023-12-28 14:00:00,3.2
34693,2023-12-28 14:15:00,2.9
34694,2023-12-28 14:30:00,4.2
34695,2023-12-28 14:45:00,3.8
34696,2023-12-28 15:00:00,3.1
34697,2023-12-28 15:15:00,3.8
34698,2023-12-28 15:30:00,2.8
34699,2023-12-28 15:45:00,2.8
34700,2023-12-28 16:00:00,2.8
34701,2023-12-28 16:15:00,4.1
34702,2023-12-28 16:30:00,3.0
34703,2023-12-28 16:45:00,2.6
34704,2023-12-28 17:00:00,3.2
34705,2023-12-28 17:15:00,2.7
34706,2023-12-28 17:30:00,3.5
34707,2023-12-28 17:45:00,2.6
34708,2023-12-28 18:00:00,4.3
34709,2023-12-28 18:15:00,2.7
34710,2023-12-28 18:30:00,3.3
34711,2023-12-28 18:45:00,3.5
34712,2023-12-28 19:00:00,2.9
34713,2023-12-28 19:15:00,3.4
34714,2023-12-28 19:30:00,2.9
34715,2023-12-28 19:45:00,3.4
34716,2023-12-28 20:00:00,3.5
34717,2023-12-28 20:15:00,3.4
34718,2023-12-28 20:30:00,5.2
34719,2023-12-28 20:45:00,3.2
34720,2023-12-28 21:00:00,2.7
34721,2023-12-28 21:15:00,2.7
34722,2023-12-28 21:30:00,4.8
34723,2023-12-28 21:45:00,6.6
34724,2023-12-28 22:00:00,7.0
34725,2023-12-28 22:15:00,6.7
34726,2023-12-28 22:30:00,7.1
34727,2023-12-28 22:45:00,6.2
34728,2023-12-28 23:00:00,7.4
34729,2023-12-28 23:15:00,8.1
34730,2023-12-28 23:30:00,7.5
34731,2023-12-28 23:45:00,7.5
34732,2023-12-29 00:00:00,7.3
34733,2023-12-29 00:15:00,7.0
34734,2023-12-29 00:30:00,6.9
34735,2023-12-29 00:45:00,6.5
34736,2023-12-29 01:00:00,7.6
34737,2023-12-29 01:15:00,7.8
34738,2023-12-29 01:30:00,7.9
34739,2023-12-29 01:45:00,6.9
34740,2023-12-29 02:00:00,7.9
34741,2023-12-29 02:15:00,6.7
34742,2023-12-29 02:30:00,7.1
34743,2023-12-29 02:45:00,7.7
34744,2023-12-29 03:00:00,7.0
34745,2023-12-29 03:15:00,6.2
34746,2023-12-29 03:30:00,6.6
34747,2023-12-29 03:45:00,8.0
34748,2023-12-29 04:00:00,7.3
34749,2023-12-29 04:15:00,6.1
34750,2023-12-29 04:30:00,8.4
34751,2023-12-29 04:45:00,7.0
34752,2023-12-29 05:00:00,7.0
34753,2023-12-29 05:15:00,7.5
34754,2023-12-29 05:30:00,7.3
34755,2023-12-29 05:45:00,6.9
34756,2023-12-29 06:00:00,8.1
34757,2023-12-29 06:15:00,7.4
34758,2023-12-29 06:30:00,6.8
34759,2023-12-29 06:45:00,9.3
34760,2023-12-29 07:00:00,7.1
34761,2023-12-29 07:15:00,6.8
34762,2023-12-29 07:30:00,6.2
34763,2023-12-29 07:45:00,7.1
34764,2023-12-29 08:00:00,6.9
34765,2023-12-29 08:15:00,6.2
34766,2023-12-29 08:30:00,7.4
34767,2023-12-29 08:45:00,6.1
34768,2023-12-29 09:00:00,7.3
34769,2023-12-29 09:15:00,6.6
34770,2023-12-29 09:30:00,7.5
34771,2023-12-29 09:45:00,7.5
34772,2023-12-29 10:00:00,8.3
34773,2023-12-29 10:15:00,7.6
34774,2023-12-29 10:30:00,6.2
34775,2023-12-29 10:45:00,7.8
34776,2023-12-29 11:00:00,7.0
34777,2023-12-29 11:15:00,6.2
34778,2023-12-29 11:30:00,6.7
34779,2023-12-29 11:45:00,7.2
34780,2023-12-29 12:00:00,7.3
34781,2023-12-29 12:15:00,7.2
34782,2023-12-29 12:30:00,6.8
34783,2023-12-29 12:45:00,7.2
34784,2023-12-29 13:00:00,4.4
34785,2023-12-29 13:15:00,3.5
34786,2023-12-29 13:30:00,3.5
34787,2023-12-29 13:45:00,3.5
34788,2023-12-29 14:00:00,2.5
34789,2023-12-29 14:15:00,3.2
34790,2023-12-29 14:30:00,3.6
34791,2023-12-29 14:45:00,3.3
34792,2023-12-29 15:00:00,2.9
34793,2023-12-29 15:15:00,3.2
34794,2023-12-29 15:30:00,2.8
34795,2023-12-29 15:45:00,2.5
34796,2023-12-29 16:00:00,2.8
34797,2023-12-29 16:15:00,4.4
34798,2023-12-29 16:30:00,3.5
34799,2023-12-29 16:45:00,2.7
34800,2023-12-29 17:00:00,3.4
34801,2023-12-29 17:15:00,3.4
34802,2023-12-29 17:30:00,4.3
34803,2023-12-29 17:45:00,3.5
34804,2023-12-29 18:00:00,2.5
34805,2023-12-29 18:15:00,2.5
34806,2023-12-29 18:30:00,2.8
34807,2023-12-29 18:45:00,2.7
34808,2023-12-29 19:00:00,4.1
34809,2023-12-29 19:15:00,2.8
34810,2023-12-29 19:30:00,2.5
34811,2023-12-29 19:45:00,3.7
34812,2023-12-29 20:00:00,4.2
34813,2023-12-29 20:15:00,3.5
34814,2023-12-29 20:30:00,3.4
34815,2023-12-29 20:45:00,4.9
34816,2023-12-29 21:00:00,2.8
34817,2023-12-29 21:15:00,3.0
34818,2023-12-29 21:30:00,4.1
34819,2023-12-29 21:45:00,7.2
34820,2023-12-29 22:00:00,5.6
34821,2023-12-29 22:15:00,6.0
34822,2023-12-29 22:30:00,7.8
34823,2023-12-29 22:45:00,7.3
34824,2023-12-29 23:00:00,7.6
34825,2023-12-29 23:15:00,6.8
34826,2023-12-29 23:30:00,7.4
34827,2023-12-29 23:45:00,7.1
34828,2023-12-30 00:00:00,6.8
34829,2023-12-30 00:15:00,7.1
34830,2023-12-30 00:30:00,7.2
34831,2023-12-30 00:45:00,6.5
34832,2023-12-30 01:00:00,7.0
34833,2023-12-30 01:15:00,8.6
34834,2023-12-30 01:30:00,7.5
34835,2023-12-30 01:45:00,6.4
34836,2023-12-30 02:00:00,7.1
34837,2023-12-30 02:15:00,8.2
34838,2023-12-30 02:30:00,6.4
34839,2023-12-30 02:45:00,7.9
34840,2023-12-30 03:00:00,6.7
34841,2023-12-30 03:15:00,7.0
34842,2023-12-30 03:30:00,7.7
34843,2023-12-30 03:45:00,7.5
34844,2023-12-30 04:00:00,7.3
34845,2023-12-30 04:15:00,7.5
34846,2023-12-30 04:30:00,6.3
34847,2023-12-30 04:45:00,6.3
34848,2023-12-30 05:00:00,6.4
34849,2023-12-30 05:15:00,7.1
34850,2023-12-30 05:30:00,6.4
34851,2023-12-30 05:45:00,6.9
34852,2023-12-30 06:00:00,7.2
34853,2023-12-30 06:15:00,7.6
34854,2023-12-30 06:30:00,7.2
34855,2023-12-30 06:45:00,7.0
34856,2023-12-30 07:00:00,8.2
34857,2023-12-30 07:15:00,6.7
34858,2023-12-30 07:30:00,6.3
34859,2023-12-30 07:45:00,7.7
34860,2023-12-30 08:00:00,8.0
34861,2023-12-30 08:15:00,7.0
34862,2023-12-30 08:30:00,7.0
34863,2023-12-30 08:45:00,7.0
34864,2023-12-30 09:00:00,6.9
34865,2023-12-30 09:15:00,8.2
34866,2023-12-30 09:30:00,7.1
34867,2023-12-30 09:45:00,7.2
34868,2023-12-30 10:00:00,7.1
34869,2023-12-30 10:15:00,6.4
34870,2023-12-30 10:30:00,7.7
34871,2023-12-30 10:45:00,7.5
34872,2023-12-30 11:00:00,6.4
34873,2023-12-30 11:15:00,6.9
34874,2023-12-30 11:30:00,6.5
34875,2023-12-30 11:45:00,7.3
34876,2023-12-30 12:00:00,6.5
34877,2023-12-30 12:15:00,6.7
34878,2023-12-30 12:30:00,7.3
34879,2023-12-30 12:45:00,6.7
34880,2023-12-30 13:00:00,2.9
34881,2023-12-30 13:15:00,3.8
34882,2023-12-30 13:30:00,3.0
34883,2023-12-30 13:45:00,2.7
34884,2023-12-30 14:00:00,2.6
34885,2023-12-30 14:15:00,4.0
34886,2023-12-30 14:30:00,4.0
34887,2023-12-30 14:45:00,2.6
34888,2023-12-30 15:00:00,2.8
34889,2023-12-30 15:15:00,2.9
34890,2023-12-30 15:30:00,3.3
34891,2023-12-30 15:45:00,2.5
34892,2023-12-30 16:00:00,2.5
34893,2023-12-30 16:15:00,3.9
34894,2023-12-30 16:30:00,2.5
34895,2023-12-30 16:45:00,3.0
34896,2023-12-30 17:00:00,3.2
34897,2023-12-30 17:15:00,3.2
34898,2023-12-30 17:30:00,2.8
34899,2023-12-30 17:45:00,2.5
34900,2023-12-30 18:00:00,3.8
34901,2023-12-30 18:15:00,4.3
34902,2023-12-30 18:30:00,2.4
34903,2023-12-30 18:45:00,3.5
34904,2023-12-30 19:00:00,3.4
34905,2023-12-30 19:15:00,3.4
34906,2023-12-30 19:30:00,3.0
34907,2023-12-30 19:45:00,3.4
34908,2023-12-30 20:00:00,4.0
34909,2023-12-30 20:15:00,2.4
34910,2023-12-30 20:30:00,2.7
34911,2023-12-30 20:45:00,2.7
34912,2023-12-30 21:00:00,4.0
34913,2023-12-30 21:15:00,3.0
34914,2023-12-30 21:30:00,2.8
34915,2023-12-30 21:45:00,5.9
34916,2023-12-30 22:00:00,7.8
34917,2023-12-30 22:15:00,6.3
34918,2023-12-30 22:30:00,6.8
34919,2023-12-30 22:45:00,6.8
34920,2023-12-30 23:00:00,6.6
34921,2023-12-30 23:15:00,5.4
34922,2023-12-30 23:30:00,6.9
34923,2023-12-30 23:45:00,6.2
34924,2023-12-31 00:00:00,6.2
34925,2023-12-31 00:15:00,6.8
34926,2023-12-31 00:30:00,5.5
34927,2023-12-31 00:45:00,6.8
34928,2023-12-31 01:00:00,7.3
34929,2023-12-31 01:15:00,6.9
34930,2023-12-31 01:30:00,7.0
34931,2023-12-31 01:45:00,7.2
34932,2023-12-31 02:00:00,6.5
34933,2023-12-31 02:15:00,6.8
34934,2023-12-31 02:30:00,7.2
34935,2023-12-31 02:45:00,6.6
34936,2023-12-31 03:00:00,7.8
34937,2023-12-31 03:15:00,7.4
34938,2023-12-31 03:30:00,7.8
34939,2023-12-31 03:45:00,6.9
34940,2023-12-31 04:00:00,6.8
34941,2023-12-31 04:15:00,7.4
34942,2023-12-31 04:30:00,7.2
34943,2023-12-31 04:45:00,6.6
34944,2023-12-31 05:00:00,6.3
34945,2023-12-31 05:15:00,6.8
34946,2023-12-31 05:30:00,7.9
34947,2023-12-31 05:45:00,7.0
34948,2023-12-31 06:00:00,6.6
34949,2023-12-31 06:15:00,6.9
34950,2023-12-31 06:30:00,7.5
34951,2023-12-31 06:45:00,6.5
34952,2023-12-31 07:00:00,7.2
34953,2023-12-31 07:15:00,6.9
34954,2023-12-31 07:30:00,7.0
34955,2023-12-31 07:45:00,6.7
34956,2023-12-31 08:00:00,6.6
34957,2023-12-31 08:15:00,6.9
34958,2023-12-31 08:30:00,6.9
34959,2023-12-31 08:45:00,6.2
34960,2023-12-31 09:00:00,6.9
34961,2023-12-31 09:15:00,7.3
34962,2023-12-31 09:30:00,6.5
34963,2023-12-31 09:45:00,7.5
34964,2023-12-31 10:00:00,6.4
34965,2023-12-31 10:15:00,6.9
34966,2023-12-31 10:30:00,6.1
34967,2023-12-31 10:45:00,6.6
34968,2023-12-31 11:00:00,7.2
34969,2023-12-31 11:15:00,6.5
34970,2023-12-31 11:30:00,6.9
34971,2023-12-31 11:45:00,7.3
34972,2023-12-31 12:00:00,7.0
34973,2023-12-31 12:15:00,6.2
34974,2023-12-31 12:30:00,6.3
34975,2023-12-31 12:45:00,3.7
34976,2023-12-31 13:00:00,3.9
34977,2023-12-31 13:15:00,3.5
34978,2023-12-31 13:30:00,2.7
34979,2023-12-31 13:45:00,3.1
34980,2023-12-31 14:00:00,2.4
34981,2023-12-31 14:15:00,2.9
34982,2023-12-31 14:30:00,2.4
34983,2023-12-31 14:45:00,3.7
34984,2023-12-31 15:00:00,2.4
34985,2023-12-31 15:15:00,2.3
34986,2023-12-31 15:30:00,3.1
34987,2023-12-31 15:45:00,3.9
34988,2023-12-31 16:00:00,2.8
34989,2023-12-31 16:15:00,3.8
34990,2023-12-31 16:30:00,2.8
34991,2023-12-31 16:45:00,4.1
34992,2023-12-31 17:00:00,3.2
34993,2023-12-31 17:15:00,3.1
34994,2023-12-31 17:30:00,3.1
34995,2023-12-31 17:45:00,3.6
34996,2023-12-31 18:00:00,3.1
34997,2023-12-31 18:15:00,2.3
34998,2023-12-31 18:30:00,3.4
34999,2023-12-31 18:45:00,2.3
35000,2023-12-31 19:00:00,3.0
35001,2023-12-31 19:15:00,3.7
35002,2023-12-31 19:30:00,3.1
35003,2023-12-31 19:45:00,2.5
35004,2023-12-31 20:00:00,2.4
35005,2023-12-31 20:15:00,3.2
35006,2023-12-31 20:30:00,3.0
35007,2023-12-31 20:45:00,3.2
35008,2023-12-31 21:00:00,2.2
35009,2023-12-31 21:15:00,3.0
35010,2023-12-31 21:30:00,2.7
35011,2023-12-31 21:45:00,5.8
35012,2023-12-31 22:00:00,5.4
35013,2023-12-31 22:15:00,6.2
35014,2023-12-31 22:30:00,7.3
35015,2023-12-31 22:45:00,6.5
35016,2023-12-31 23:00:00,6.5
35017,2023-12-31 23:15:00,6.5
35018,2023-12-31 23:30:00,6.2
35019,2023-12-31 23:45:00,5.8
35020,2024-01-01 00:00:00,6.5
